image_id,PredictionString
000001,0.571932 14 3.036935 12.669743 290.245789 482.188080 0.837830 14 3.255997 13.475344 349.619690 481.813416
000002,
000003,
000004,0.964857 6 335.123535 325.854767 459.669128 392.029480 0.883346 6 132.241104 326.758301 224.011780 365.561462 0.927731 6 83.366730 325.862915 132.992950 356.172760 0.952698 6 13.368346 309.755219 82.051453 368.558350 0.941562 6 218.918716 328.340179 310.422638 376.898468
000006,
000008,0.797355 14 24.519949 106.059944 80.951927 296.902710 0.639922 15 163.327667 183.206406 196.056900 218.862778
000010,0.678314 14 84.173965 74.135803 167.931503 265.997650 0.946134 14 85.404434 75.540833 167.500778 430.117096
000011,
000013,0.847438 14 114.161484 159.742493 141.308517 221.182907
000014,0.629917 14 1.322351 196.127823 20.764532 229.107803 0.719760 14 355.050049 7.138125 391.804657 60.139652 0.529103 14 351.978455 4.681193 402.465607 90.987915 0.655254 6 4.028395 160.849915 403.203857 234.040771 0.772099 14 352.442139 5.261752 398.463440 93.579636 0.647959 14 354.032318 5.396302 400.578522 87.279320 0.683006 6 183.043259 187.056656 500.370453 315.966064
000015,0.886896 14 268.983490 73.258461 321.201965 207.867508
000018,
000022,0.978602 14 184.735046 47.526424 257.389038 226.351212
000025,0.628875 14 129.809296 6.122421 298.906158 374.410583 0.870968 14 292.180054 1.874730 436.686462 331.355377 0.639995 14 300.801849 0.000877 336.192871 88.575966 0.520142 14 70.156845 14.480598 198.164307 211.960876 0.535084 14 182.590210 162.258804 213.869476 229.158188 0.616440 14 78.891273 6.240561 305.101624 375.283295 0.540527 14 53.465954 58.449505 92.551521 183.024048 0.646609 14 70.312912 6.532140 303.466888 374.452820 0.649794 14 297.457336 -0.365585 338.454956 111.384041 0.687009 14 115.485054 16.901918 198.598846 212.206345 0.529972 14 194.512329 4.081853 297.921356 217.740585 0.552560 14 10.848567 3.941372 437.675110 375.440094 0.700709 14 90.536522 3.693033 201.180054 374.405548 0.771763 14 91.649246 4.644010 361.989502 374.504822 0.686307 14 294.304413 1.264304 338.260742 305.357330 0.699814 14 196.085480 4.163929 308.005951 373.555573 0.538568 14 267.996429 13.582025 298.196442 91.833450 0.777669 14 255.431290 2.711490 441.632141 358.352570 0.571738 14 277.908691 16.494429 302.930359 103.917961
000027,0.940507 14 168.627426 76.891724 347.782959 267.079742
000028,
000029,
000031,
000037,
000038,0.907186 6 1.297656 235.548889 42.758068 317.287872 0.515278 1 165.825485 184.640671 279.832428 247.532669 0.753030 1 159.945435 182.944916 283.227325 246.578720 0.980955 14 190.925690 111.265007 259.287354 227.519501
000040,
000043,0.746524 14 2.922103 6.731749 172.117126 499.091736 0.784451 14 3.361566 6.178796 197.608398 499.460449
000045,0.617206 6 5.164057 243.425446 210.362915 297.290771
000049,
000053,
000054,
000055,0.686411 14 276.635834 313.594147 296.738159 332.962006 0.796712 14 382.867462 144.786163 402.545685 171.631912 0.899453 14 399.730255 264.813538 441.298004 320.017822 0.933357 14 461.726135 269.377594 488.570038 329.191803 0.897426 14 425.065430 267.912537 448.665344 325.346863 0.949703 14 119.455818 152.917282 184.666183 202.030228 0.828532 14 221.015366 105.973297 276.626526 213.186356 0.801354 14 382.123138 271.221771 402.667358 295.005707 0.646379 14 356.363586 316.036102 378.658417 332.944611 0.639201 14 118.738083 153.566208 162.470840 200.604279 0.870376 14 436.768768 275.399414 455.486359 326.889740 0.570510 14 484.439789 264.498505 500.128693 331.806549 0.617889 14 451.400909 267.458710 470.838226 326.308838
000056,
000057,
000058,0.874753 14 201.752914 82.165794 307.108612 323.056824 0.976525 14 329.342163 3.268775 437.171478 374.214325 0.824975 14 197.746902 66.364532 346.805969 369.037292 0.965726 14 273.669128 56.957748 340.058014 332.766785 0.572911 14 279.915710 3.337417 440.560364 374.895050
000059,0.830844 14 46.084419 278.282013 71.987328 352.485260 0.924391 14 218.378357 252.083694 252.303192 397.165741 0.588374 14 144.679092 147.698944 168.011566 184.590912 0.741731 14 75.857857 271.504578 111.490273 338.931335 0.691993 14 73.966492 207.669312 219.892609 496.564453 0.931063 14 74.466499 273.205017 111.125465 369.904724 0.954344 14 49.739017 277.956635 72.839546 348.993500 0.716536 14 188.866272 222.900055 201.349045 258.492737
000062,
000067,
000068,0.534098 14 0.249550 3.644664 100.968124 374.661743
000069,0.705549 14 225.417114 80.443985 247.029037 101.792572 0.980264 14 300.633179 152.304306 392.431793 373.874329
000070,0.706861 15 322.026672 154.849670 358.844147 198.389069 0.723076 15 356.362335 161.277786 380.267090 198.639572
000071,0.834338 6 243.340881 72.038582 339.358124 99.671112 0.886426 6 60.533390 98.270950 445.779572 274.868103
000074,
000075,
000076,0.618403 14 242.661530 92.825333 291.043396 130.491821 0.805989 14 148.733963 50.084778 271.373627 254.191788 0.884774 14 365.964661 68.726837 454.441193 252.513107 0.802588 14 444.406372 113.843567 469.136383 172.063705 0.874613 14 454.755005 138.698456 476.812897 173.018570 0.910981 14 474.371887 103.068985 500.140594 230.073135 0.955425 14 81.411865 103.611877 117.934868 185.601379 0.978235 14 45.609058 106.892624 82.058533 192.938339 0.748702 14 371.375977 83.340225 417.748505 125.211716 0.962313 14 1.191949 105.818413 26.320391 194.683563 0.825919 14 242.052475 94.210487 298.547241 253.731537 0.661509 14 77.698807 49.795879 275.494904 254.177307 0.644189 14 440.525696 112.944153 461.041351 144.551376 0.526690 14 85.096199 101.349411 115.348289 135.471848 0.945000 14 369.901031 83.108391 451.451813 173.433258 0.946137 14 260.090179 52.308922 454.015381 255.434326
000079,
000080,
000082,0.635464 6 2.696402 -0.061515 193.109329 101.144180
000084,0.509476 8 251.027100 171.739700 306.513000 295.069153 0.547571 8 298.422821 181.904175 337.804443 231.128876 0.572333 8 206.978287 167.536804 307.873871 295.128998 0.501318 8 259.061371 166.090790 307.017822 228.813705 0.643971 8 256.965820 169.679932 309.615540 268.221558 0.503539 8 205.199631 167.991211 312.559937 300.626007
000085,0.697472 14 23.954048 70.502136 214.038849 327.204926 0.541599 14 15.806429 71.826370 230.571716 327.558075 0.505154 14 338.015015 9.882671 498.906921 242.252518
000086,0.670613 14 225.853287 148.609009 246.741684 179.718430
000087,
000088,0.601937 14 214.157227 209.377167 240.925644 248.051544 0.880689 14 267.276337 220.157867 294.557037 248.856689
000090,0.815065 14 85.693970 36.527321 309.520660 314.570557
000092,
000094,0.569800 14 1.175367 131.380615 23.019165 201.652969 0.777729 14 1.287834 126.899849 22.113674 172.782822 0.686222 6 3.202915 35.543854 470.905670 220.236420
000096,0.556033 14 100.324333 76.364342 217.053375 489.533905 0.545067 14 3.839434 65.168274 211.903137 500.634735 0.849840 14 3.138422 143.719864 120.740204 498.017609 0.554446 14 98.874420 66.149834 216.871429 491.106873
000097,0.707685 14 209.599014 140.970535 252.599838 211.937790 0.531229 14 207.837402 139.762909 250.804184 220.024460 0.512256 14 208.857758 140.076797 251.241440 219.889893 0.907967 14 207.188309 140.126663 256.605042 233.938553 0.525386 19 71.032005 82.585327 178.909393 156.270905
000098,0.686470 14 108.801201 84.334953 151.437439 162.462173 0.573991 14 68.085289 83.308578 151.098099 144.013229 0.602998 14 69.018616 83.264275 135.870377 142.556335
000100,0.505471 14 204.561539 158.376038 235.240372 203.753571
000103,0.537539 6 1.522142 228.836823 60.944267 280.159058 0.924507 6 1.654442 231.689240 55.099438 280.845245 0.911348 6 79.674004 223.813751 111.399841 250.106064 0.704214 6 145.096558 211.094696 169.551117 232.091476
000105,0.633896 14 179.391800 75.009903 299.607971 227.481720 0.556123 14 228.884399 73.699196 299.892670 181.549454 0.895631 14 177.423538 76.545723 245.800552 214.876678 0.912303 14 226.485260 73.997513 300.394409 219.522812
000106,0.646194 14 2.894258 290.049835 57.230247 332.812744
000108,0.507180 14 113.771088 100.579018 160.220779 212.878632
000111,0.563716 15 298.165344 234.320419 357.495453 294.499847 0.528404 14 224.898773 180.106583 252.147995 211.971619 0.913773 14 421.869324 275.516418 499.469055 374.381714 0.501161 14 176.984543 180.432785 206.479675 219.294678 0.852738 14 118.662231 184.073929 138.082916 211.133575 0.613884 14 280.445892 181.098877 310.051605 213.243927
000114,
000115,
000116,0.569747 15 159.757828 164.719177 184.237518 198.968185 0.524738 15 151.470474 96.052971 200.891983 199.380249 0.607059 15 39.131969 169.797928 71.104004 273.450623
000119,
000124,0.617304 14 195.617584 27.351137 237.721085 87.413673 0.853362 14 2.478816 9.236930 85.595764 142.409760 0.703489 14 192.905701 24.965805 251.987640 128.601013 0.725951 14 1.648221 9.519841 88.324265 237.957977 0.693625 14 188.860489 23.890474 252.926849 158.646027 0.502974 15 134.112442 87.781288 153.420395 148.404938 0.797445 14 89.197754 15.364207 385.941803 375.939758 0.658224 14 194.033646 14.958612 385.341064 375.443634
000126,0.876900 14 31.232016 100.833481 52.160480 153.869507 0.790971 14 50.322571 97.625793 76.872986 130.912415 0.822099 14 18.016644 91.621368 48.148327 155.657516 0.961820 14 50.516102 98.142838 81.400864 151.741318 0.601335 14 33.794750 100.193039 50.738346 130.446793 0.638026 14 52.537720 97.247665 78.981041 121.467453
000127,0.936404 14 66.170868 21.092501 367.885040 376.238495
000128,0.512935 14 391.353516 207.547104 420.414764 265.971741 0.938745 14 32.133579 209.735397 49.461288 266.245026 0.847898 14 98.215225 204.889832 118.330521 244.782654
000135,0.933530 6 205.206924 199.077927 333.028015 259.733398
000136,
000137,0.908049 6 61.752327 416.258362 135.461563 483.977753 0.780043 6 62.117901 428.737396 107.284996 482.538574 0.907535 14 81.915108 354.030396 92.329338 390.055878 0.755744 6 0.614160 450.270233 42.888725 491.246155
000139,0.938884 14 146.796249 35.884903 261.692291 147.776520
000144,0.722790 14 365.684143 7.155279 493.817322 230.965363 0.600581 14 400.720154 48.737923 490.060730 216.762085 0.768960 14 372.221130 42.272491 497.835419 332.368530 0.797894 4 224.351700 180.888824 251.243866 272.428009 0.562597 14 369.028687 1.431512 493.441986 210.059814 0.879133 14 163.093781 65.851471 282.989197 205.981888 0.683248 14 358.915649 0.275545 429.144287 164.063171 0.973616 14 2.659120 95.240753 118.011322 332.421173 0.839053 14 161.214340 65.914444 283.658081 285.996979 0.779465 4 235.883286 154.522812 263.038147 270.323334 0.627910 14 354.987213 2.347315 432.372742 274.252045 0.913386 14 354.451965 1.927979 496.795593 332.606323
000145,0.537791 6 52.741409 97.601799 367.219788 273.717194
000148,
000149,
000151,0.508857 14 167.302994 139.318573 230.118988 180.818192
000152,0.946774 6 44.500904 70.071495 122.755096 113.850258 0.954373 6 307.942383 71.919647 435.492584 108.265549 0.708402 6 117.824150 57.668507 351.528992 144.910965
000155,
000157,
000160,
000166,0.684346 14 1.148586 173.016449 22.647579 259.206635 0.971888 14 71.353096 114.421898 159.497696 239.755203 0.901194 14 29.474485 178.024414 47.190849 227.023895 0.962126 14 1.192648 171.641708 31.331121 268.797028 0.969010 14 252.531708 179.538361 284.173950 221.268066 0.625084 14 69.588692 115.073196 170.647461 330.743805 0.980113 14 324.445160 172.406769 352.663422 286.183044
000167,0.524849 6 12.598649 12.162868 486.665619 249.256500
000168,0.632378 14 101.707283 105.320366 151.930603 317.412476 0.743513 14 77.389908 103.962769 155.644501 333.797455 0.538160 14 78.086227 103.911667 157.704788 431.141388 0.554316 14 93.785614 105.846962 152.573593 429.518677
000172,
000175,
000176,
000178,
000179,
000181,0.941567 14 255.082489 117.941200 303.599060 166.047668 0.859029 14 125.833092 117.569382 277.112091 281.967194 0.555450 14 126.669586 116.758011 222.986969 217.554504 0.642424 14 20.305008 100.294342 274.311157 282.234161 0.619643 14 22.457417 97.163193 144.137054 237.457352
000182,0.951571 14 118.919174 52.246002 322.500214 375.191345
000183,
000185,0.949359 14 182.612167 240.889069 257.611603 370.448059 0.581226 8 221.448380 282.890686 262.477722 380.339081 0.503352 8 214.657806 257.935516 273.066833 382.531219
000186,
000188,0.617536 6 60.496933 81.418159 164.343750 114.139526 0.745990 14 31.078861 67.820618 71.850296 123.805946 0.849388 6 2.877988 69.204964 145.933273 112.905548
000191,0.941935 14 136.935684 236.536682 184.290634 438.515472 0.628225 14 98.269806 241.272293 113.154938 291.914825 0.723649 14 97.091019 241.006363 112.876923 291.691589 0.788906 14 185.854263 222.953323 201.742584 291.653748 0.628194 14 119.049461 242.640778 131.347092 292.074188 0.976811 14 18.807690 182.118820 91.713715 498.449036 0.841284 14 183.743683 225.628830 203.282318 433.058777 0.762552 14 78.623924 239.903320 92.038498 292.722046
000195,
000196,0.540557 8 77.346809 159.202911 167.058975 284.172882
000197,0.523217 6 49.692184 79.204903 411.813202 267.896576
000199,
000201,0.506766 14 264.048737 78.073463 383.319000 234.658508 0.618306 14 468.382599 38.500645 489.297577 71.831329 0.709049 14 432.701508 41.922314 450.837646 92.470520 0.719784 14 288.717499 38.339230 306.203369 62.784416 0.506545 14 412.277466 41.916859 430.735168 91.707413 0.778033 14 461.777710 38.832500 484.989807 92.780449 0.936667 14 181.528397 69.933098 221.661743 118.463127 0.690150 14 408.298950 42.418819 427.443176 72.164612 0.556683 14 383.967163 24.044865 407.936737 90.050255 0.565302 14 264.479797 39.365307 281.544128 64.129044 0.903068 14 326.225342 26.160343 384.285614 154.291977 0.761328 14 454.081604 42.197227 475.194092 68.480484 0.877326 14 382.662842 25.662548 405.376740 61.554764 0.644771 14 452.796844 41.058170 473.551971 92.377083 0.564038 14 428.350189 42.882980 443.926971 68.086349 0.685425 14 265.193542 37.179337 385.048004 316.001312 0.598224 14 308.093506 75.496292 383.437897 158.100769 0.609905 14 299.432831 37.418285 318.744263 62.955696 0.737629 14 303.430237 25.099625 388.241089 157.099518 0.614703 14 335.536621 27.108528 370.469116 70.516968 0.872683 14 268.403717 75.711205 384.204224 161.048721
000202,0.810461 14 3.654242 9.165074 203.179596 324.198700 0.870823 14 2.225637 9.807229 200.380447 375.652802 0.917360 14 184.614578 84.605301 403.611664 374.421326
000204,0.661418 6 429.484772 0.697855 498.944641 30.155628
000205,0.928948 14 76.312950 156.597290 234.604599 492.408112
000206,0.956335 14 61.135242 356.556305 122.188057 499.175079
000212,0.967817 14 240.533905 71.987411 287.086334 141.212296 0.561779 14 347.649658 46.870453 385.495575 127.738373 0.522534 14 433.660126 83.291443 470.373840 160.386368 0.549856 14 1.346647 102.508034 20.592079 134.183853 0.600304 14 2.494633 67.418243 102.367622 238.871017 0.836764 14 323.701141 44.515331 387.243317 155.404999 0.860003 14 143.591202 104.717766 202.205276 150.017838 0.864947 14 259.000946 102.943550 305.359253 142.706970 0.684062 14 106.023315 64.581390 198.469467 151.180328 0.668168 14 436.905762 78.865990 477.833954 125.454651 0.727871 14 92.983086 63.171482 137.782349 139.704620 0.758488 14 351.064270 47.111172 382.351471 83.030594 0.788436 14 1.258706 79.939011 27.287804 122.861664 0.907887 14 3.845163 63.094639 191.143387 248.900009 0.832627 14 435.583435 82.741096 464.309113 109.127708 0.589310 14 17.802782 61.922417 143.536835 208.224731 0.959356 14 283.979858 70.279297 340.853302 150.357452 0.776159 14 324.517365 46.557720 386.541962 155.404343 0.850347 14 320.330200 42.195835 360.561127 86.881531
000213,
000216,
000217,0.668924 14 469.393005 145.558746 495.831482 177.790421 0.870272 14 367.226562 122.396278 393.312439 164.080307 0.755906 14 119.932938 250.353317 139.397629 294.128784
000223,0.924531 14 371.453308 263.041107 389.956146 300.928192 0.598608 14 468.778992 213.244843 485.393127 245.847610 0.622862 14 303.741974 108.364532 323.211761 131.121826
000226,0.580076 14 220.529984 158.567841 264.703522 222.467621 0.943006 14 217.810928 158.615997 265.976074 229.906082 0.526429 14 217.321365 160.855438 266.033966 264.117310 0.971058 14 338.278748 166.618378 385.769043 285.585480
000227,
000230,0.592611 1 169.469727 178.942520 396.220795 358.352631 0.688862 14 181.436554 54.090023 198.910095 76.380096 0.978185 14 243.904312 70.886177 358.606293 360.643829 0.586519 15 255.852905 44.989464 277.000580 72.021614
000231,0.973404 14 335.868195 120.346352 365.978851 169.141693
000234,0.639846 15 69.862465 229.217575 135.125015 307.227173 0.613458 15 110.418884 110.712341 142.461899 158.033096 0.586738 15 67.818748 234.167816 105.834976 302.742554 0.555160 15 34.335415 150.115051 73.177498 199.911545 0.561022 15 93.860252 100.585991 157.219955 163.669464 0.506496 15 95.255989 104.562927 138.692169 164.556107 0.659526 15 126.105148 117.727554 156.294571 161.383698 0.544312 15 17.975405 151.915253 63.396305 202.493866
000237,0.787288 14 230.134583 33.110737 332.156189 199.828415 0.559910 14 224.279541 35.384235 390.699707 327.378174 0.648064 14 228.535629 34.105267 343.518982 224.012299 0.561867 14 228.305313 36.429649 390.553864 226.328186
000238,0.981211 14 388.002197 249.513885 438.971619 374.071320
000239,0.522836 14 62.176502 168.867661 99.130486 237.249405 0.906255 14 34.830914 164.573761 63.612194 233.705750 0.841341 14 1.141499 138.346741 30.018061 278.861053 0.528572 14 62.075741 169.056412 95.612236 235.653091 0.930777 14 1.352085 136.729248 31.509087 204.420425 0.608015 6 52.746117 34.146725 476.320221 221.832077 0.895128 14 33.882290 165.046127 100.434555 233.739319
000240,0.790673 6 0.985611 155.044464 13.040188 174.967621 0.864486 6 26.758863 153.072189 47.787003 170.560440 0.795283 6 148.462189 152.833572 183.383621 176.187088 0.928146 6 53.439404 151.631165 131.163300 219.274918 0.961285 14 141.397263 153.354492 156.814926 190.884766 0.943037 6 333.354370 130.626129 433.172607 181.612915 0.938600 6 232.989166 165.185730 387.930420 233.118011 0.958885 14 305.973022 151.249939 330.509705 187.059341
000243,0.618333 0 179.348038 128.528061 271.393890 186.129242
000247,0.948023 14 88.486725 51.031246 169.944321 369.091034
000248,0.763922 6 221.522751 138.790070 413.500061 218.693619 0.926194 14 216.757233 114.857857 300.410736 198.969177 0.515144 14 253.704849 115.758163 298.019043 201.586411
000252,0.943502 14 237.087921 109.720856 264.196625 141.736221 0.901291 6 152.916168 163.370132 299.496704 241.506927
000253,
000254,0.935312 6 200.255905 240.659836 472.009460 331.740753
000255,
000258,0.557848 14 197.514893 123.016151 220.748398 148.367630 0.670375 14 347.266510 24.988037 499.922577 332.760345
000260,
000261,
000264,0.759253 14 97.437759 48.052803 221.236023 460.878021
000265,0.732428 14 161.774612 115.973831 245.708313 223.326355 0.845069 14 19.744213 121.500748 127.677139 218.003952 0.601932 14 116.527657 115.309486 243.146301 222.948898 0.955075 14 116.554512 115.073868 181.893539 221.521423 0.604869 14 163.058334 156.114655 209.286179 221.169830 0.886664 14 1.318211 47.210304 50.010250 219.347656 0.507149 14 118.860542 114.294540 242.513870 221.057892 0.632564 14 118.373367 113.433632 175.982773 178.231293 0.903364 14 162.325943 155.189072 242.091187 220.971115 0.807015 14 259.776367 13.683095 346.658417 94.856979
000267,
000271,0.929142 6 416.366638 116.928978 482.872772 158.206558 0.916038 14 392.784821 145.206223 410.116150 162.465271 0.959700 14 41.053669 112.166771 62.322773 154.063843 0.735449 14 333.341827 123.914848 358.554016 152.058304
000272,0.788636 14 20.711943 71.432549 167.988388 499.899933 0.792120 14 19.365517 72.299141 193.188202 500.723907
000273,
000274,
000277,
000279,0.753142 14 221.432281 202.914413 302.263794 321.130798 0.576665 14 88.143173 186.526901 207.005356 343.991425 0.858810 14 82.091454 186.225189 204.678955 359.850739 0.716638 14 303.449921 194.049683 371.633575 317.455475 0.682323 14 86.279892 186.140549 169.608353 359.778900
000280,0.561025 4 315.003174 264.187805 335.668304 307.214355 0.530558 8 2.728064 162.453583 104.602364 336.208099 0.517295 4 266.178375 218.766235 290.786987 273.142456 0.948389 14 135.673798 74.198685 262.746674 369.129913
000281,0.596709 1 265.323608 226.767639 337.971313 306.083008
000283,0.965908 14 59.567417 15.669477 138.958054 306.172455 0.951980 14 237.099838 110.747391 334.049744 428.686462 0.593157 1 260.902008 260.392639 319.255493 447.872833
000284,0.604652 6 208.091110 71.637833 439.791412 201.056656 0.675677 6 205.154694 76.633316 445.646271 250.829391
000286,0.735642 14 72.356621 213.083893 229.470490 374.388947 0.674677 14 186.473557 3.015060 501.240204 375.657501
000287,0.888454 14 1.481345 12.520636 30.916731 64.077667 0.958317 14 418.469788 59.558216 482.498169 133.689896
000290,
000291,0.656296 14 203.770538 71.105614 228.951889 100.419426 0.638148 14 205.098083 72.314133 227.817963 92.517670 0.877656 14 275.902557 66.548721 314.134430 90.637833
000292,0.783019 14 236.879013 49.147064 500.512665 367.065277
000293,0.539478 14 466.723694 43.601875 499.452484 122.976074 0.707160 14 462.817688 43.023357 499.544464 129.619751 0.591159 14 458.375153 42.182678 500.044708 207.896973 0.929841 14 142.995193 37.568378 179.078629 134.298065 0.656377 6 431.066254 77.325623 466.907471 119.996635 0.682139 14 462.525726 43.181297 499.593506 132.378647 0.948362 14 12.020823 16.591787 63.836380 180.377457 0.846956 14 467.161652 44.419750 499.554047 92.998024 0.843548 14 19.975897 16.486387 62.564075 101.487076 0.726759 6 1.838312 40.894600 456.579620 313.492645 0.798760 14 170.006363 38.958881 202.184647 110.627937
000295,
000297,0.959859 14 179.848633 177.344406 258.074280 391.407501
000299,0.846372 14 84.972961 30.869387 111.595291 69.702576 0.680042 14 84.059258 29.023228 108.712532 52.706581 0.764927 14 58.630165 30.252903 87.243271 81.848381 0.880063 14 58.384338 29.765955 84.519867 57.147396 0.541263 15 339.198212 144.211868 370.589752 168.445267 0.696895 14 84.943199 29.649170 113.104309 79.003448 0.875593 14 1.572047 41.961765 30.414616 70.419640 0.957876 14 155.005920 73.529655 290.371826 253.430817 0.835037 14 62.470917 63.598305 87.064934 84.267342
000300,0.593077 6 27.409706 277.055023 255.307983 442.696167
000301,0.891741 6 2.064767 315.125885 77.130081 362.764648 0.639882 6 1.848668 292.274231 244.408051 490.192780 0.702915 6 1.320686 290.378204 283.956390 491.376587
000309,0.669850 14 73.064445 14.676829 100.683823 37.411507
000310,0.941338 14 171.010544 102.681915 288.276794 375.259369 0.736268 14 115.366165 143.525772 140.588867 225.211929 0.917262 14 55.055962 164.273407 92.141571 241.212265 0.946200 14 114.224915 143.097534 140.942459 199.101318 0.614731 14 164.820007 103.993279 288.585602 316.037537 0.943621 14 94.299477 142.630707 125.708389 196.698181 0.664098 14 169.510025 104.263535 351.980103 375.354370 0.902312 14 91.763885 142.902878 124.598129 228.712494 0.970540 14 259.904144 122.963493 353.064667 374.923767
000313,0.902341 6 213.041885 199.804276 259.302429 237.729095 0.926307 6 7.535301 194.555099 80.299339 233.362686 0.955489 6 427.715698 204.314240 490.931549 243.913300 0.949932 6 364.297272 204.055084 418.641327 243.856033 0.917346 6 283.586731 198.814056 332.134308 240.818649 0.900613 6 141.373322 196.067398 198.228256 234.925720 0.875612 6 75.770065 195.533142 135.350723 233.607422 0.878391 6 8.328899 194.451859 135.659470 234.228973 0.662471 6 144.335892 198.361786 258.523285 237.513672 0.667033 6 282.166382 199.925720 331.722229 240.445755 0.671098 6 215.802170 198.851471 331.211182 240.895676
000314,0.514630 8 1.336873 169.398956 34.203201 210.863861 0.934699 14 339.717712 122.906013 371.175842 152.944687 0.550301 8 180.823471 96.617058 214.477356 150.612885 0.574098 8 210.450394 131.716156 297.943573 229.771393
000315,0.739484 14 90.943680 158.433350 233.104813 499.049408
000316,0.641195 0 300.283112 182.659180 355.354828 209.463715
000319,0.533078 14 151.073425 50.862953 257.436493 291.742981 0.941507 14 153.456436 50.890530 228.801956 218.660172 0.544252 14 149.208771 52.120224 308.795685 291.613403
000324,
000326,0.527242 14 187.162750 96.349556 293.654663 217.747681 0.509862 14 177.977234 98.540367 297.293488 310.093842
000327,0.786849 4 294.202637 27.988079 323.295288 124.102448
000330,0.520330 14 251.286484 44.609486 300.168304 120.757545 0.822061 14 199.691116 44.807293 298.945374 215.477188 0.727793 14 192.317734 43.816681 392.286133 228.220047 0.510760 14 243.277649 46.168453 309.828979 222.692703
000333,0.656822 14 271.740601 98.622330 291.973145 145.741806
000335,0.532528 14 2.218489 28.955013 244.320099 500.826111 0.509112 14 1.406668 20.975262 122.844879 499.404175 0.596683 14 2.914455 71.002869 242.164719 502.062073
000339,0.956689 14 183.041595 181.808090 291.788239 373.394073 0.553259 14 22.916571 111.022255 156.583160 374.336121 0.561075 14 319.499542 184.922333 456.716064 373.516846 0.654230 14 2.543859 111.529510 108.202606 372.228516 0.926413 14 8.449457 111.543274 200.124496 375.208130 0.949933 14 297.293274 89.802574 428.209503 373.157532
000341,0.922291 6 0.955794 205.996841 100.888596 337.356354 0.804260 6 197.269287 140.105667 309.443024 221.982513 0.934186 6 383.369110 195.454697 500.108307 297.747253 0.936374 14 426.014160 156.189224 439.034424 190.826202 0.508012 6 318.132263 111.410423 395.636475 201.275574 0.918009 6 49.442585 148.990631 174.243073 214.619156 0.960849 14 411.786133 152.268204 430.444427 191.477249
000342,0.928814 14 113.881149 208.481110 149.466354 264.525635
000345,
000346,0.526942 14 71.572067 194.457245 105.575768 297.967133 0.706599 14 59.654369 207.365204 93.209953 305.837799 0.636234 14 71.379372 197.173859 100.954597 262.556458 0.731347 14 71.428764 198.310806 104.917603 304.385193 0.823861 14 64.046936 206.254883 90.557678 241.240448 0.698208 14 209.135315 82.942589 442.983582 374.112823
000348,0.905159 14 220.791107 108.428146 294.028290 316.449158 0.741888 14 309.400330 128.838074 331.896973 179.614380 0.512479 15 199.876389 121.595001 221.898743 150.816315 0.925236 14 216.146912 108.567703 338.920380 317.964233 0.530934 6 104.239983 145.047180 387.167999 304.813019 0.617157 14 310.426331 128.998825 334.466797 203.317841 0.901539 14 250.418579 111.242279 337.320953 318.271973
000350,
000351,0.564118 14 133.647690 105.839264 152.360626 142.907135 0.598987 6 1.295784 75.412544 64.390160 113.121384
000353,
000356,0.532901 14 64.961739 116.941269 191.276627 349.230927 0.848886 14 96.494591 115.834778 190.577591 333.593414 0.596524 14 65.742455 101.725616 191.826553 480.241302 0.727009 14 0.826184 164.756729 14.229466 202.996552 0.785928 14 93.967468 113.759834 190.525131 479.667419
000357,
000358,0.971845 14 27.833107 25.327253 98.198044 290.210815 0.769182 6 36.148758 92.597755 354.869904 291.294281
000360,0.720850 14 151.067520 10.537036 423.982758 376.137604
000361,0.822960 6 471.042938 118.573746 500.102234 143.409531 0.925757 6 223.143204 187.686996 288.943146 233.497742
000362,0.687926 14 169.021683 27.801699 282.646820 265.663757
000364,0.500192 14 124.575752 111.429062 151.039230 155.609589 0.950234 14 318.645599 1.867287 403.967926 125.615753
000365,0.595522 14 341.152710 350.077759 366.219147 498.041382
000366,
000368,0.631933 14 98.514847 24.153471 204.739273 488.209900 0.820885 14 38.881699 25.818258 208.173569 488.046265
000369,0.738505 14 161.924454 56.888100 383.379242 252.293503 0.881802 14 349.441101 59.129601 498.666107 248.990891 0.563020 4 313.560394 165.799240 341.941742 205.397064 0.615181 4 179.816666 171.711868 221.713455 247.114761 0.536431 14 2.472147 62.389847 111.177910 249.924393 0.666539 14 7.323682 63.844532 173.993637 251.362122 0.591477 14 158.740921 59.313107 467.348572 251.250748
000371,
000375,0.817453 14 219.295303 165.870087 236.892807 190.691879 0.618969 14 219.534164 165.079926 237.617584 191.755951 0.537684 14 215.727112 165.661285 243.849030 255.330566
000376,
000377,0.660076 14 173.084839 93.832771 235.221344 170.268936 0.893636 14 185.818558 154.944122 280.375854 276.834473 0.936070 14 344.024475 81.164017 438.739960 257.136841 0.879202 14 110.643425 162.642563 195.850876 264.253845 0.886974 14 103.227798 82.123306 187.384491 246.935074 0.596243 14 46.687370 89.657204 96.861427 237.396683 0.827584 14 171.412552 97.168289 239.642151 264.259857 0.959431 14 23.212393 89.946320 98.140854 258.677399 0.558156 14 133.422455 161.096191 188.510635 226.431793 0.521256 14 300.865967 93.143700 357.317841 218.363144 0.623657 14 111.165733 163.576569 196.142883 328.592865 0.583045 14 170.938171 95.362892 238.158768 245.154984 0.657406 14 103.139404 82.697289 188.032303 326.069092 0.798805 14 104.087463 81.207977 171.785263 222.117462 0.944977 14 301.735443 94.505646 359.522980 294.055389 0.557364 14 89.510918 100.522285 120.227249 226.481140 0.552222 14 99.515556 121.832726 126.753006 225.135956 0.922842 14 253.298279 103.182655 312.735901 269.730988 0.762398 14 194.080780 155.610657 277.630524 260.897156 0.638807 14 100.518997 121.631599 122.347992 172.375305 0.734107 14 308.071869 78.725342 441.231506 374.156616
000378,0.880860 14 37.007523 3.918896 123.996811 317.022369 0.922870 14 60.120434 3.048525 123.265755 317.593079
000383,
000384,
000385,0.519856 15 73.455750 101.580162 121.423958 178.289978
000386,0.970317 14 63.361778 87.158592 180.670105 251.948547
000388,0.580267 14 132.404617 4.946291 233.972351 498.559937 0.758132 14 11.970798 125.755890 123.397491 499.247009 0.512910 14 134.455109 5.115241 248.752975 498.541748
000389,
000390,
000392,0.766035 14 115.634544 148.387177 147.073669 218.714996 0.896220 14 389.715332 160.670441 415.550812 191.154877 0.543187 14 73.656929 105.656845 105.140610 161.056885 0.959921 14 78.570648 112.020508 106.065575 154.504486 0.965955 14 213.395187 54.660908 305.057098 307.611298 0.747541 14 336.184540 146.055344 362.877991 225.203583
000393,0.595692 12 168.216278 109.646622 426.542450 294.303436 0.922873 14 248.247131 58.550835 316.845367 217.973404
000397,0.736101 15 35.816956 200.019699 60.138615 247.070648
000398,
000399,
000401,
000402,0.736226 6 426.563812 111.532150 470.560974 132.422745 0.874039 6 8.482546 116.083519 395.124664 220.320618
000405,0.851940 14 11.732268 36.789165 189.839035 487.045105
000409,
000410,0.966698 14 265.612427 224.562836 309.036774 318.747528 0.974351 14 19.339153 185.816284 58.756813 343.239777
000412,
000413,0.581880 14 55.717079 290.297058 183.037231 374.583252 0.866580 14 108.420937 305.191925 149.880585 374.247681 0.676054 14 174.141495 328.388489 208.064941 374.705597 0.526651 14 120.725288 40.808537 291.704590 375.631134 0.815660 14 118.491707 151.236008 207.388199 295.775818 0.682053 14 89.136108 314.617218 116.060181 373.647491 0.902908 14 119.407967 151.259491 211.047577 373.738678 0.787810 14 106.929314 305.131012 182.637207 374.791321 0.960070 14 57.323277 289.222626 115.493622 374.436859 0.942610 14 23.666197 305.341431 63.966187 374.902771 0.789987 14 407.755676 320.759583 440.665131 374.807007 0.637150 14 210.232773 10.319900 429.745209 375.482483 0.752360 14 232.359940 21.945824 449.501404 375.504242
000414,0.959336 14 127.837898 89.236877 210.970078 186.245895
000415,0.816312 6 5.123988 107.746597 487.224030 279.107819
000418,0.841761 14 34.915958 243.850021 50.275105 278.754547 0.612846 6 77.283043 242.669693 167.936768 313.066406
000421,0.857422 14 292.588287 279.258270 347.336578 374.497314 0.568704 14 292.578918 26.143669 497.588776 373.642548
000422,0.587844 14 15.003145 7.381475 222.301163 375.298218 0.786836 14 13.428166 0.829716 300.171844 400.418732 0.615500 14 159.306824 2.972267 342.179779 446.735931
000423,0.691376 14 61.797718 81.529892 117.885452 181.163315 0.954543 14 53.932915 82.384491 121.856239 266.922760 0.974137 14 363.560333 94.663910 486.344940 311.820343
000425,0.826053 6 219.486282 0.603754 357.960236 27.186754
000426,
000429,0.556259 14 1.218706 249.570160 70.798241 374.800903 0.644573 14 1.407977 252.742142 33.540924 286.416595 0.689552 15 36.744255 253.498077 74.107109 300.058502
000432,
000434,0.800271 14 403.653778 64.987953 439.018066 119.496666 0.937202 14 176.237015 44.882294 268.494049 212.940720
000436,0.887657 14 191.982498 118.594650 324.970367 247.730896 0.585244 14 264.068970 186.554932 317.351990 230.612793 0.900691 14 126.763954 114.478165 164.863388 155.877121 0.542655 14 378.893036 207.772141 406.847748 250.601562 0.927982 14 98.049141 84.568062 129.516541 133.562469 0.561029 14 275.874420 187.845810 333.396118 244.668762
000437,0.861739 14 81.029816 140.905045 123.475761 219.178986 0.983041 14 285.813538 95.308472 332.948181 229.938477
000440,
000441,
000442,
000444,
000445,0.708538 14 384.417328 44.805187 420.399872 84.285179 0.693529 14 378.909576 45.055168 466.059082 156.698746 0.910800 14 98.101067 29.854630 179.839508 170.041595 0.536887 14 380.081604 44.864128 464.520142 153.470490 0.841177 14 1.343122 73.933060 37.892006 177.514206 0.848684 14 151.032608 26.566055 248.871170 171.126297 0.847829 14 43.864483 32.969795 165.256348 171.285873 0.906307 14 231.237122 29.605726 338.918182 171.509125 0.699648 14 380.939697 45.396458 427.302917 158.702209 0.873100 14 340.278442 45.780643 468.278931 159.091354
000447,0.957764 14 189.628464 40.518879 280.143494 180.296799
000449,0.515846 14 121.146774 92.357193 167.616302 152.996155 0.974095 14 382.111053 57.585777 443.566589 191.608871 0.946784 14 270.535950 143.190659 312.010834 199.235199 0.637008 14 225.916031 114.126801 275.944519 180.447144 0.975496 14 116.062820 93.210617 174.606003 214.339890 0.966177 14 222.548630 115.532654 280.159515 204.551788 0.514105 6 2.746224 121.041687 460.336884 300.420105
000451,
000452,
000453,0.965904 14 260.560303 138.176224 299.621918 180.664581 0.862040 6 4.706025 123.707214 482.984558 299.687927
000455,0.616490 14 151.284851 33.525333 306.875214 303.125824 0.819290 14 213.523926 32.988636 304.047760 205.445618
000456,0.533016 14 128.842758 78.549858 178.229294 134.775909 0.723750 14 129.742676 77.336845 175.734528 106.717194 0.587283 6 87.270233 25.820347 432.622986 205.379913
000457,0.798701 14 56.618927 96.115929 238.144058 500.242950
000458,0.582446 14 30.495823 1.952905 88.108276 204.162552 0.850981 14 10.985376 72.943420 54.314560 204.496597 0.825105 14 44.983974 1.048666 186.926331 248.115860 0.647464 14 207.360153 35.188839 399.611359 333.683533
000465,0.738390 14 9.656565 153.854553 26.666985 180.042007 0.757034 14 38.838158 150.324677 55.742699 176.682632 0.500742 6 89.431541 135.927460 351.058777 190.533539 0.903293 14 67.411278 140.179016 88.727226 167.689453 0.577559 6 2.158165 123.032784 500.844543 318.973450 0.735125 14 32.957512 150.763687 48.029778 177.092209
000466,
000467,0.928407 14 402.746307 71.755699 456.805756 162.464966 0.625094 14 93.207253 81.326248 180.669327 166.207245 0.920282 14 403.432434 71.731827 453.912903 137.076447 0.942642 14 186.268387 79.952698 288.323639 201.754089 0.616054 14 87.338326 81.173599 179.953812 246.675720 0.516319 14 88.332176 80.942528 150.599472 148.199951 0.527175 14 117.522293 80.220703 180.276779 169.789032 0.974707 14 295.725616 81.886299 364.773315 188.589172
000471,
000472,
000473,0.550125 0 416.180237 118.433083 460.822327 149.616806
000475,
000478,0.568457 14 286.487793 68.829826 452.519867 174.938370
000479,0.820598 14 96.628120 3.955856 253.821198 500.774811
000481,
000485,0.859331 14 14.705256 108.981232 337.860291 333.869080 0.522893 14 9.644047 102.580765 480.748779 333.559875
000487,0.760712 15 156.980652 182.430038 193.013748 238.616180
000488,0.798416 6 38.306011 106.042374 483.236786 325.414978
000490,0.854098 14 339.059296 118.167191 498.823517 331.538544 0.610365 14 104.130135 80.500824 192.479065 322.742004 0.963450 14 116.838997 74.721046 255.204910 332.618866 0.965655 14 291.941803 189.882782 346.462891 300.148193
000493,0.948700 14 200.264603 73.834137 301.396057 324.472870 0.609613 14 32.478184 66.768730 153.352142 340.161255 0.944363 14 339.409515 22.469837 459.680267 339.636078 0.958231 14 283.556793 34.723370 396.498596 341.000946 0.952100 14 131.655472 82.217911 220.721649 340.222839 0.949916 14 26.654169 66.364807 197.609680 341.504150 0.501514 14 211.130112 36.500320 402.652283 341.622589 0.517247 14 282.577576 22.404003 463.031525 339.457855
000495,
000497,0.949555 14 266.492706 238.373383 283.331299 305.530945 0.685381 14 292.156219 219.645767 313.275818 267.667694 0.978007 14 225.080750 179.060242 265.944366 326.513519 0.978073 14 119.486671 173.250687 203.800308 453.204102 0.575641 14 121.278488 217.282562 143.517838 307.185669
000502,0.929970 14 153.572495 232.949631 196.690613 352.877533 0.532211 14 417.609802 64.109238 446.252289 133.466782
000504,0.916573 14 28.493431 31.661535 76.597260 214.783859 0.545394 14 1.178257 39.101372 23.241009 144.803909 0.585676 14 22.631922 36.167938 50.654053 163.970718 0.940998 14 1.645928 37.890938 34.605728 164.696945 0.501608 14 1.256405 37.889324 26.539057 111.723274
000505,
000506,0.918823 14 29.869225 5.368635 254.371399 500.211884 0.706427 14 2.696704 226.016602 115.668129 477.318176
000507,0.692398 14 22.607140 173.020233 65.825882 271.678528 0.887783 14 262.476440 159.697952 299.251556 209.796753 0.558288 14 182.711533 51.604977 271.705750 214.933319 0.868910 14 73.326790 105.333733 123.278473 190.722809 0.615113 14 294.208405 199.449860 397.020386 286.589294 0.941588 14 17.347963 173.132996 73.444351 275.650330 0.943369 14 70.157799 105.980385 124.893127 261.388184 0.507836 14 338.291901 198.195175 395.343750 279.495880 0.632189 14 287.505585 198.642899 398.290558 286.598206 0.608687 14 1.148674 139.476410 25.928228 268.975037 0.568636 14 388.389740 187.403076 416.885956 242.394852 0.746030 14 13.639401 131.418320 71.724113 261.658783 0.774744 14 3.491020 122.942741 50.559372 282.215790 0.971444 14 294.966309 92.404999 346.532684 223.426086 0.960240 14 157.242218 167.542099 194.876663 217.705872 0.805228 14 23.320934 171.666824 72.157967 228.906937 0.788544 14 261.172638 159.764038 302.545593 228.253036 0.514344 14 71.769012 105.835945 122.759819 215.121994 0.814535 14 6.429082 132.783539 43.629074 209.192703 0.946462 14 114.427063 154.262070 163.488007 222.192337 0.946294 14 186.262299 51.126724 297.224274 281.424866 0.940182 14 70.719406 160.084549 123.027519 262.105072 0.818691 14 14.194344 131.080826 47.394127 195.578094 0.940993 14 287.722290 199.129608 436.353394 300.349976
000510,0.704852 8 42.914188 242.590271 99.850334 373.224182 0.797693 8 44.641708 242.805023 164.428421 373.414520 0.698530 8 322.620941 246.131317 385.380157 374.042480 0.754817 8 257.773315 245.200531 385.881042 374.262451 0.677783 8 154.961609 232.317703 279.554474 373.189697 0.548222 8 150.647736 234.948227 251.469849 374.817474 0.546840 8 75.866493 240.003052 168.541153 373.599854 0.575142 8 102.854607 237.295151 251.461746 374.409698 0.545317 8 260.849365 237.657516 356.143585 373.514130 0.539109 15 186.283401 224.947266 238.973953 268.837280 0.545014 8 260.885284 253.575500 383.062195 374.277985
000511,
000512,0.835190 14 120.308243 195.337845 138.047211 217.129578
000517,0.962678 14 160.643555 34.537563 320.181885 375.533997 0.812102 14 285.323456 103.411354 308.677155 130.991547
000521,
000527,0.934523 14 208.456589 141.798141 234.857986 181.996994 0.783022 14 154.563095 164.759323 197.218918 234.424438 0.943175 14 125.364990 123.782272 147.994247 152.222092 0.878296 14 360.724091 137.371429 386.261932 183.111252 0.588086 1 355.636078 166.594711 447.023132 265.678589 0.917447 14 332.173920 146.137924 353.101929 186.725021 0.834789 14 155.841263 165.038406 210.594147 270.033478 0.638262 14 253.317856 151.715485 290.965576 254.476318 0.971376 14 58.159382 82.825394 80.744904 146.304428 0.530683 1 272.548828 203.682755 321.167633 265.385040 0.576790 1 371.182220 199.677124 446.099731 264.783722 0.949553 14 231.115829 154.122192 290.707611 254.711823 0.831003 14 363.950745 139.575668 426.285431 235.931488 0.539367 1 140.067001 176.732544 321.043671 302.181946 0.925046 14 109.030128 127.521294 130.831543 157.251953
000529,
000532,
000533,
000534,0.549698 14 3.728500 13.217076 359.124878 496.492279
000536,0.916318 14 475.793793 200.116425 497.212830 277.161133 0.662052 14 476.513092 200.960602 500.386108 368.668304 0.574279 6 3.410950 68.772926 479.618134 318.460541
000538,0.510009 6 1.448583 170.030548 69.341537 271.349091 0.541153 14 7.345915 136.334167 44.673691 228.689041 0.503073 14 426.211609 187.856934 440.558685 215.672211 0.721415 14 5.573241 135.240204 48.561699 268.332733 0.774811 14 382.307281 183.377090 399.449829 214.558716 0.954536 14 6.702322 136.117447 47.743053 267.973389 0.654088 14 76.457916 125.381836 111.276154 198.391525 0.535810 14 9.944808 134.189697 45.018406 190.679260 0.578270 14 98.282867 126.532761 128.423172 199.663254 0.968151 14 73.976921 126.161568 112.389160 274.513855 0.710574 14 76.009277 126.272316 112.832283 223.586670
000539,0.599362 14 25.977686 104.718468 313.054871 375.569336 0.923649 14 26.144371 102.916084 211.877457 375.644989
000542,
000546,0.709596 14 333.944611 53.350803 484.364502 374.022827 0.534593 6 4.457705 145.523666 131.946777 188.278351 0.952462 14 300.946106 54.043652 484.996979 374.203705
000547,0.669158 14 22.343752 313.390594 52.018131 421.672485 0.554655 14 170.379562 87.309792 186.635803 132.078979 0.711560 14 151.697220 88.066093 174.289200 131.537689 0.584754 14 89.507790 6.838426 109.561844 88.262917 0.919603 14 21.094223 311.917969 53.501453 427.639191 0.643243 14 53.889771 40.071758 75.609818 104.705528 0.945389 14 192.674088 229.157532 218.906860 285.711914 0.797017 14 1.663942 171.471176 25.456905 242.667877 0.560814 8 168.990646 269.966034 216.648102 367.518860 0.917652 14 113.873047 158.485977 137.498947 244.182709 0.930431 14 148.733109 214.443375 177.031601 269.140167 0.559863 14 26.149549 168.730453 45.923759 204.520477 0.889373 14 65.669952 153.325104 87.994965 237.942688 0.553254 14 38.209408 160.067947 58.514679 201.723068
000548,0.643208 6 14.240951 138.054779 456.246674 240.476898 0.563651 6 13.655692 130.216324 455.936340 242.844971
000551,0.709176 14 176.120956 161.507935 202.792542 197.532745
000553,
000556,0.857003 14 263.860352 101.024857 293.059601 138.798233
000557,
000558,
000560,
000561,
000562,0.802995 14 186.391891 96.809860 275.062408 226.252686
000566,0.895799 14 50.641983 30.035440 315.099213 333.928101
000567,0.928038 14 125.881256 60.320278 281.620819 373.163483
000568,
000569,
000570,0.955331 14 270.119385 42.907074 409.324677 260.060760
000571,
000572,
000573,0.607445 4 165.784439 258.094788 194.547287 324.345459
000574,
000575,0.596906 15 187.032455 21.122902 222.148636 150.775375
000576,
000578,0.753105 14 78.875023 5.595267 251.857086 499.255524 0.533429 14 2.155021 5.782813 279.656769 501.087189 0.737418 14 76.964035 5.408630 272.705719 499.451111
000580,0.904708 6 273.223938 139.866180 393.082214 219.597809
000584,
000585,0.773191 14 465.511719 0.045507 490.540222 43.985741
000586,0.898902 6 111.929230 337.516235 195.061676 442.588440 0.966071 14 68.316399 330.335480 95.151642 442.745850
000587,0.532781 14 198.592285 155.397949 326.539337 271.495514 0.701976 14 195.779022 165.859741 266.789581 282.069031 0.961425 14 5.725846 152.784637 211.095123 374.786469 0.504876 14 197.574051 166.073135 307.163818 269.565460 0.946814 14 247.141632 155.681274 323.307617 267.772827 0.914739 14 284.317078 118.014175 439.109100 253.416611 0.705291 14 285.193207 118.365936 442.347107 288.353912
000593,0.647732 6 76.709373 66.653786 385.975708 209.257339 0.939152 6 28.742254 117.289360 78.385345 153.765045 0.536065 6 78.241913 98.506630 388.358215 258.498688
000594,0.807745 14 220.807922 62.102615 486.136139 320.374146
000595,0.603114 8 124.552834 179.940491 167.716095 319.307159 0.533289 8 127.760902 181.051193 176.952499 354.254883 0.577397 8 125.168053 179.823715 196.035385 333.353577 0.650558 8 125.332428 178.152786 236.331802 373.406921 0.833879 8 125.296059 178.701309 202.622528 366.688629
000596,
000600,
000602,0.729441 14 284.585236 111.248856 498.468384 332.836975 0.786350 14 278.508087 110.579605 438.692291 331.620361 0.539590 14 236.255997 111.266151 437.952332 332.532166 0.843677 14 235.789856 110.428246 497.540649 332.852997
000603,
000604,0.953783 14 91.494736 167.075699 164.908859 401.360168
000606,0.673977 14 144.856827 64.348114 275.237915 168.627914 0.513077 14 143.011688 65.949326 281.375122 236.850372 0.529810 14 182.070694 64.842926 242.601105 135.251602 0.551964 14 168.396164 65.393753 259.287994 158.135757 0.641783 14 142.547913 64.358948 280.051117 219.582062 0.662826 14 176.481659 40.621841 206.844635 83.780891 0.527931 14 144.297348 64.445953 250.292984 171.664948 0.658706 14 144.944580 64.887901 276.824432 175.780518 0.629083 14 145.691010 57.935928 236.281876 168.598679 0.890731 14 21.430098 73.271873 207.186066 259.138062 0.541866 14 179.258224 63.509480 234.552856 136.483841 0.940270 14 363.857025 46.321106 465.913422 192.083313
000607,0.905700 14 237.239594 99.856552 256.913452 123.953003 0.970144 14 73.972992 70.390839 98.723793 119.168404 0.599954 6 241.345734 133.716644 455.454376 305.420319 0.819198 6 1.298916 149.565903 65.990623 305.717743 0.971992 14 102.728851 60.216896 134.938568 122.755150 0.977665 14 179.303680 115.588585 261.924255 284.647003
000611,
000614,
000615,0.965108 14 22.156282 25.319841 156.226608 291.057190 0.694036 14 390.899353 38.517277 483.455353 184.554596 0.931363 14 313.011902 38.334435 489.639069 374.583588
000616,0.960137 14 280.088165 149.352448 342.835938 276.126373
000617,0.520855 15 260.957184 68.599403 290.322052 114.729782 0.599406 14 353.350983 1.083523 498.756042 229.930084 0.657129 15 91.750145 134.488358 128.015793 179.534714
000618,
000621,0.797455 14 210.613312 164.487259 268.407135 308.744934 0.960517 14 124.811783 50.751060 197.512619 352.275421 0.791489 14 209.854721 165.672501 322.417572 309.442505
000623,0.724302 14 289.689270 67.905952 309.116272 93.130486 0.749618 14 284.015533 67.355171 297.109558 85.574577 0.853813 14 119.882545 24.394320 197.564407 192.604309 0.518877 14 295.369354 71.611946 310.638184 91.480927 0.755581 14 152.459610 24.211397 197.130127 189.574493
000624,0.832993 14 315.780457 64.207428 339.974518 95.407997 0.647435 14 164.407715 78.475479 186.560501 100.898613 0.889195 14 1.713179 174.126572 82.340134 279.840088 0.811125 14 23.220757 56.456009 72.065254 164.837250 0.806745 14 385.403625 59.830528 409.776917 104.578796 0.797511 14 358.952728 76.602654 383.725006 122.849358 0.959834 14 436.821838 74.085823 461.691650 145.117355 0.581715 14 1.257797 66.456619 29.891998 167.604752 0.536691 14 433.934784 74.679054 455.927887 141.508209 0.954846 14 465.168793 61.277916 500.229523 167.518555 0.643550 14 233.840317 80.725128 265.022095 123.578728 0.808567 14 370.020233 80.260574 388.919617 114.310287 0.540604 14 406.846222 67.964706 428.569916 140.478577 0.848165 14 432.316040 72.896652 454.592133 143.078949 0.774887 14 312.705780 64.837723 344.275208 129.595062 0.727884 14 25.805367 55.232193 64.883690 155.768951 0.779352 14 1.127433 59.453766 83.808350 322.738495 0.891050 14 382.154114 58.888382 409.651764 119.996872 0.780216 14 1.486312 65.055389 29.470119 113.273972 0.678064 14 1.536325 57.782257 93.642273 271.826416 0.803214 14 471.055237 100.552155 499.455902 167.758240 0.672510 14 451.877747 77.132881 470.420929 141.857925 0.873815 14 23.337357 56.209614 90.475792 262.251801 0.726746 14 1.374273 173.242447 62.415928 333.470551 0.556975 14 21.100349 58.267387 52.140572 144.525681 0.965896 14 389.269257 64.898338 422.752838 142.981354 0.889183 14 338.505066 73.480019 359.072784 107.802734
000627,
000629,
000630,0.624162 14 294.177368 160.227707 416.506775 372.936859 0.872215 14 294.895050 160.365738 393.129700 305.052917 0.867432 14 295.089630 160.586136 411.456543 305.242188
000631,
000634,0.947805 14 185.979446 152.423447 204.953262 186.667313 0.976335 14 132.630753 194.387558 169.147156 290.383362 0.925499 6 208.297211 152.939743 369.327179 228.036850
000636,0.667327 14 469.027649 165.281631 487.805420 194.391647 0.945424 14 49.164547 153.628357 64.017799 191.546509
000638,
000639,
000640,
000641,0.849724 14 161.566483 129.019699 285.575623 317.145813 0.839448 14 161.764587 126.899567 284.618652 281.626099 0.637364 6 35.356178 223.366272 413.627808 376.022156
000642,0.872066 14 65.197319 13.913456 454.946533 375.834625
000643,0.769273 14 175.160431 110.303230 236.199646 230.571472 0.834488 14 261.550415 154.953278 330.997528 271.034821 0.503072 14 158.668076 112.051361 237.911102 305.713837 0.551889 14 166.910889 111.376305 242.125900 373.284027 0.515429 14 184.929214 109.970192 231.182709 167.181412 0.800508 14 160.336502 111.008202 236.550888 240.726379 0.802369 14 164.727432 111.048798 244.417145 374.022491 0.545645 14 260.834595 156.783325 341.197937 374.834869 0.875134 14 217.566406 155.538239 342.527832 374.928589
000644,0.717719 14 211.185455 115.641296 283.616669 213.735901 0.919789 14 210.193848 113.497047 331.525665 214.965378
000646,0.873241 6 0.919294 36.017227 74.965012 231.496490
000649,0.515669 6 43.818905 191.443939 254.108612 247.555344 0.772449 6 18.075384 193.245636 252.261703 343.465576 0.978262 14 339.621796 165.300842 370.502411 209.305313
000650,
000651,0.561604 14 47.354401 30.757048 76.542099 75.380623 0.741008 14 3.621131 27.335644 325.434174 376.199829 0.563455 14 266.357422 3.596708 501.716797 374.502625
000652,0.849595 14 106.123558 64.860733 280.494690 303.631470 0.699459 14 108.002602 20.873398 397.726074 375.218292 0.847719 14 258.027557 20.198072 399.196808 374.891357
000655,0.972663 14 214.401932 83.349709 365.641907 276.444855
000658,0.657538 8 1.386523 231.993607 56.789955 341.459900
000659,
000662,0.917879 14 337.965027 77.818459 439.334473 145.463333
000664,
000665,
000666,0.911829 14 299.171143 178.184647 343.898773 322.754761 0.978885 14 34.076324 153.173492 95.690842 331.636749 0.969945 14 263.585388 176.423096 347.569458 323.253693
000668,
000669,0.641025 6 278.904510 207.070633 317.448486 234.182083 0.722495 6 409.728455 228.289001 500.410187 317.962128 0.792098 6 424.500763 224.418976 499.894623 270.192444 0.946255 6 282.258972 199.070831 408.963623 241.610077
000670,0.844298 14 4.206084 59.329189 199.997070 374.876770 0.615743 14 4.033446 58.802055 190.574799 374.635925 0.583143 14 188.967499 44.395657 455.712463 374.759766 0.896952 14 187.194733 44.987755 500.316620 374.721863
000673,
000674,
000678,
000679,0.639506 6 102.984406 198.030975 281.320282 277.565521 0.840647 14 59.046009 226.984253 84.286919 248.973007
000681,
000683,0.595865 14 1.288466 30.863375 73.227722 330.915527 0.567394 14 193.528427 220.579773 233.509888 315.552002 0.543705 14 6.644115 2.619019 292.941406 333.681641 0.537791 14 6.317362 3.118691 378.532166 333.903290 0.792945 14 3.965467 2.359264 201.170563 333.442688 0.572658 14 128.088074 2.306159 381.950378 333.083984 0.586337 14 1.406450 201.574310 68.554016 329.015411 0.847868 14 301.242889 52.419930 500.726288 311.921448
000687,0.832925 6 182.616486 39.255260 229.234863 61.757195 0.695528 14 134.279221 25.926102 151.978134 64.930016 0.774529 6 24.745253 95.798866 108.656929 193.809128 0.762678 14 254.739319 35.054317 297.313538 85.985374 0.523446 6 7.205813 38.955841 31.766125 64.895737 0.503766 14 193.412460 48.686333 241.245590 121.435822 0.663352 14 98.661201 10.470046 142.619766 79.818344 0.565761 6 271.567566 34.688282 325.978302 68.553986 0.746178 6 394.533112 31.791689 495.588470 60.658596 0.965033 14 63.399559 12.733382 96.161087 103.724815 0.884457 6 264.952637 31.703808 352.053131 70.496735 0.550505 14 190.281616 32.528389 265.113495 128.394775 0.547814 6 20.522892 24.408384 485.712280 306.778931 0.943335 14 153.394867 18.746809 179.107437 70.444000 0.916879 14 99.913017 11.078761 138.189484 68.130753 0.897007 14 26.252232 26.594694 49.785465 62.772900 0.546123 14 135.574310 25.399710 154.725128 67.070007 0.687374 6 21.442369 37.608406 487.981384 256.744659 0.905018 6 16.925323 42.601414 67.702454 68.855751 0.650359 14 251.068176 33.749767 297.338074 101.503616 0.748773 14 248.769562 35.060394 297.509064 130.945999
000691,
000692,0.686083 14 351.271515 167.882645 394.854736 204.598877 0.511192 14 111.301361 3.236983 500.191101 334.113525
000693,0.517460 14 232.257339 143.913925 259.743652 215.660965 0.930078 6 266.339935 174.126007 445.679749 289.258392 0.973195 14 91.306839 157.659378 131.746216 296.546356 0.907788 14 247.675171 137.959137 291.008759 215.166672 0.709091 6 116.093292 162.308044 252.378937 245.144989 0.983027 14 9.837624 144.362183 44.582924 293.836121 0.966156 14 284.809692 135.700424 325.096771 187.133743 0.974731 14 195.043625 153.138794 234.208313 282.542389 0.830783 6 6.794080 165.777802 157.603973 251.352112 0.955286 14 230.229553 144.546997 259.904083 275.106323 0.983581 14 54.879875 148.001740 97.903938 294.352997 0.647155 14 246.025284 137.017151 292.953491 275.171906
000696,0.865412 14 174.550735 210.463593 192.641083 235.457657 0.851786 14 99.847694 182.766144 117.766464 210.598724
000697,0.527583 1 103.847351 202.018860 151.579391 354.347839 0.963683 14 92.744003 138.003052 152.465775 302.299530
000698,0.691970 15 36.577888 354.167999 85.043823 435.309662 0.623110 15 99.497116 301.788757 139.974579 364.294342 0.915987 14 42.512047 209.336884 66.091782 245.311584 0.566674 15 146.250427 205.497665 194.077316 359.270874
000701,
000703,
000704,0.730209 14 352.354065 11.339014 419.590302 87.940788 0.857445 14 348.915314 10.810972 432.958344 106.570435 0.939508 14 264.337189 8.287374 355.726715 91.957657
000706,0.556243 14 169.997391 243.613693 190.928574 277.551270
000708,
000715,0.945073 14 196.958725 48.996895 245.438690 123.284225 0.636077 6 110.539658 86.019127 459.293365 251.830566 0.762414 14 204.604797 49.285099 243.449921 94.287903 0.660491 6 24.862289 86.371284 465.637848 314.093903
000716,
000718,
000719,0.705332 6 23.759335 154.471024 200.554321 266.062164 0.562850 14 401.001617 159.175598 428.260254 266.509491 0.859914 14 384.375916 153.802078 410.757904 260.073059 0.946850 14 316.107819 133.836227 339.956940 213.557434 0.916806 14 426.223877 161.962723 463.439117 277.101715 0.965735 14 436.240234 171.250687 487.326599 287.846436 0.960003 14 390.411896 157.400711 427.229065 268.475739 0.728800 14 364.375702 104.215172 393.811401 204.548340 0.522509 14 452.103271 170.941101 483.830444 240.208954 0.845847 14 365.266357 105.272789 397.714539 261.108337 0.895630 14 425.960785 161.650040 467.620239 287.655487 0.941721 14 241.702362 153.589828 266.510376 236.518570 0.864222 14 449.594086 172.105011 485.122803 287.958710 0.861296 14 367.831146 105.144341 400.439056 261.143433
000721,0.874173 14 218.986755 149.276337 246.919357 172.695999 0.900222 6 97.361328 139.709946 434.614471 273.462219
000722,
000723,0.538251 6 0.973701 199.774704 41.666843 292.839661 0.976485 14 396.170593 206.941483 463.386749 351.189117 0.981919 14 1.109602 197.734238 37.027241 375.817810 0.505760 14 1.024514 197.421463 42.517334 376.734009 0.821673 6 95.898376 127.465034 459.472656 266.622833 0.978891 14 317.804504 197.066238 362.703278 329.174683 0.978690 14 73.835854 187.721954 94.693474 244.074097
000724,
000725,
000727,0.530134 6 1.629962 365.454102 64.551849 434.313812 0.920667 14 222.395493 355.230347 237.413589 427.346954 0.569446 6 1.364445 374.201996 62.211754 447.592224
000732,
000734,0.969818 14 273.360657 56.718163 342.218872 174.659180
000735,0.946291 14 353.031372 172.622528 390.795197 242.031677 0.966094 14 145.717789 114.437729 201.007797 254.964401
000736,0.736197 6 1.764491 60.624004 67.006874 103.125351 0.589213 6 1.888454 57.099670 413.761108 213.388916 0.640339 6 0.460848 54.071083 447.206787 324.873474
000737,
000741,
000743,
000744,0.577465 14 3.608082 165.181015 115.560516 353.051788 0.895257 14 209.142700 103.578438 253.896866 186.452133 0.636653 14 195.377335 104.705078 254.297256 200.425476 0.680958 14 132.460022 107.850708 159.900696 163.478790 0.981377 14 352.848175 172.448410 499.308044 374.127197 0.501620 14 78.073090 124.918228 187.871338 280.374603 0.912590 14 346.672821 121.453407 385.513947 172.870087 0.828177 14 444.392456 172.083038 480.560364 255.340332 0.629945 14 211.214127 102.051102 248.295273 150.141342 0.582885 14 387.733490 163.286285 432.534119 240.492584 0.512323 14 175.623627 115.403633 236.361710 192.130157 0.601201 14 384.154266 164.246140 435.088867 309.378448 0.961171 14 126.973541 115.492760 194.424088 241.006805 0.904566 14 355.526642 124.725258 412.899994 215.544525 0.545435 14 79.997719 126.385132 147.150467 270.012604 0.675307 14 351.923553 124.236069 410.499115 262.704590 0.972987 14 3.114000 166.123978 129.416260 374.337036 0.679302 14 172.883774 114.707352 220.849548 201.438660 0.916887 14 168.214798 116.642632 233.965759 230.789200 0.874755 14 207.756226 103.883270 255.812469 224.780182 0.563350 14 440.865173 170.180801 472.628540 221.387787 0.502050 14 1.973204 164.231598 148.215866 376.151398 0.833071 14 128.811630 113.314041 182.057495 195.719894 0.913900 14 80.992790 125.558540 186.298676 283.918030 0.636890 14 174.134003 115.133797 220.091446 177.829071 0.513307 14 77.479836 124.222206 141.145676 239.403152 0.527461 14 78.038094 124.122398 193.642563 268.324402 0.904894 14 265.898743 106.847214 360.817596 251.897827 0.849636 14 353.032867 124.318268 417.606506 235.754349 0.509201 14 269.478149 105.204544 321.742889 185.855438 0.670863 14 81.874710 123.098953 135.214981 193.321289 0.908813 14 270.078003 104.871536 346.059204 178.507111
000745,0.523661 15 133.252365 7.916514 170.792511 58.639847 0.698987 15 269.043396 75.605499 332.617279 125.031525 0.557259 15 363.079834 69.770401 408.166656 122.700821 0.548043 15 345.522827 5.145057 399.603119 117.446999 0.618114 15 343.357727 8.128115 383.757904 53.457054
000747,
000749,
000751,0.579937 14 0.982966 83.035545 17.881495 142.470184 0.530763 14 71.078049 43.944923 406.914886 311.247131 0.570716 14 285.914093 43.108288 383.524323 289.807465
000757,0.516981 6 393.351929 0.186361 498.758453 50.584404
000758,0.833618 14 394.443695 206.975647 420.862152 290.816895 0.501369 14 397.045685 205.133957 416.441498 232.586319
000759,
000762,0.514799 14 193.712433 132.694382 221.770218 202.011444 0.853455 14 159.238113 108.232880 199.456940 154.572861 0.866600 14 377.032684 59.453934 498.972778 317.575104 0.608824 14 3.171153 17.435812 143.906921 314.384827 0.702430 14 25.684021 18.172905 130.991135 195.674454 0.656739 14 343.674652 141.247986 390.595245 314.973602 0.603552 14 223.507812 146.518478 247.086533 186.055832 0.529445 14 349.619843 141.552658 387.893585 200.130585 0.748212 14 380.569763 58.915192 497.353424 235.792480 0.539164 14 5.376779 19.291956 134.437973 260.092010 0.845766 14 345.565948 142.808578 377.740875 205.613724 0.850492 14 2.994210 19.177280 135.468506 341.212616 0.798194 14 166.566711 123.046158 214.024445 206.138489 0.948611 14 220.677704 145.763199 264.198425 192.386856 0.820680 14 158.053787 108.372131 207.701767 205.919693 0.604021 14 378.537598 58.600491 499.136322 230.017029 0.934332 14 4.700675 16.876091 180.994797 375.657318 0.660151 14 164.271332 118.597473 207.301254 184.171036 0.886466 14 195.612442 137.717621 223.152420 185.757339 0.803779 14 107.523994 122.953888 145.199966 213.307999 0.751116 14 258.343628 149.859711 284.996033 196.110733 0.818895 14 343.203766 60.104191 498.775757 317.162415
000765,0.538534 14 2.817735 4.926961 414.810364 375.491516 0.761887 14 2.992079 10.942139 277.901947 375.419312 0.606641 14 2.886720 9.758033 237.010239 374.885620
000766,0.518293 14 3.426284 3.993170 281.427368 333.063751
000769,
000773,
000775,0.936559 14 53.320438 195.192429 74.783203 229.481689
000778,0.755723 6 97.549675 118.550545 458.051208 241.112930
000779,
000781,
000783,0.939073 14 164.047318 58.424248 269.433960 267.697205
000784,0.755404 14 72.719994 106.870552 204.529617 375.375366 0.864457 14 185.260727 46.632488 234.823837 148.474289 0.654100 14 180.249451 87.532234 310.653046 365.656158 0.819510 14 151.838318 35.994659 189.978439 103.749496 0.511693 14 287.475433 85.564438 388.467926 359.754425 0.806982 14 334.767944 48.222878 409.424438 355.021179 0.652685 14 72.554398 27.398228 183.070938 373.754517 0.911679 14 322.684265 92.326294 384.136841 358.122833 0.623969 14 289.758636 66.130569 334.977020 170.582672 0.769023 14 288.756836 65.531494 349.617126 362.015778 0.570714 14 377.983154 102.399910 416.526550 196.106537 0.577320 14 146.541077 95.410927 233.698853 372.846497 0.910859 14 178.625275 94.937637 235.248703 368.252380 0.572314 14 375.174835 102.936966 418.167694 320.011597 0.546889 14 174.813492 96.170166 236.746323 297.545685 0.586971 14 293.444885 63.686481 333.590759 132.990067 0.749650 14 335.477325 46.441231 393.293701 192.305664 0.696174 14 235.458176 46.841724 296.938873 219.661743 0.796354 14 177.641800 47.710007 236.179337 366.436829 0.534726 14 288.165924 60.451084 342.594971 220.264297 0.536985 14 175.628937 47.209660 236.597382 244.200195 0.603995 14 231.726715 87.474442 291.207336 218.160919 0.702170 14 150.851257 36.555847 190.637482 122.739082 0.942813 14 73.787560 37.403149 197.886520 375.877075 0.804511 14 113.524986 26.693651 170.413330 112.204071 0.816390 14 75.328987 59.712265 179.603546 374.488373 0.568788 14 147.289474 37.655197 190.528671 164.427811 0.837695 14 224.580750 49.607712 309.907074 363.713074 0.631652 14 289.468506 63.215977 379.699310 361.449402 0.567023 14 76.354904 67.901649 182.358810 319.795837 0.576098 14 181.827087 96.321770 236.557114 244.408478 0.638864 14 236.567215 45.963066 280.803040 141.332809 0.712771 14 283.878845 62.600952 336.393616 223.104446 0.683569 14 229.799500 89.704521 302.844788 366.921936 0.569739 14 226.900742 86.804718 306.457489 364.129822 0.783935 14 335.140869 47.893436 397.382324 264.981476 0.624717 14 266.221313 55.986675 304.035034 164.115952 0.898485 14 223.371063 87.687836 308.816223 360.443237 0.566489 14 119.876205 64.586746 172.914810 119.639519 0.856610 14 288.656921 48.243126 394.486877 361.187988
000785,0.661636 6 1.962364 140.485550 222.743256 233.042191 0.669376 14 2.256840 2.884962 161.866241 226.532333
000788,0.880383 6 0.959441 7.284815 25.522463 30.509939
000789,
000790,0.885146 6 28.718494 210.469788 125.111252 254.235382
000792,
000795,
000798,0.879883 14 96.993546 117.867752 261.442657 325.372162 0.866479 14 1.274935 109.348511 22.134085 145.274139
000801,0.925493 6 58.059612 138.546906 239.754593 217.902405
000803,0.721747 14 159.685959 91.875320 190.955780 121.151352
000807,0.946462 14 21.361097 29.022038 123.401505 499.761688
000809,0.622314 6 4.020929 83.948395 485.054718 271.448792
000811,
000813,
000817,
000819,0.630022 14 93.828621 10.523662 190.548859 321.641571 0.574333 14 91.891685 11.359512 205.416779 378.367126
000821,0.542045 14 296.721252 29.773825 390.794617 109.390106 0.634748 14 293.677124 29.597073 390.620880 180.474899
000824,0.726633 14 183.393311 123.099579 218.805023 161.038818 0.528830 14 163.199234 122.557816 203.456619 272.507477 0.674108 14 162.939743 121.369911 202.820679 233.384964 0.970341 14 71.966141 113.558609 147.349533 261.452393 0.882233 14 165.240646 121.798073 188.556976 153.373184 0.757731 14 179.195023 124.026245 222.323959 274.998352
000825,
000833,
000835,
000836,0.725023 14 52.408352 98.346649 133.373932 362.540527 0.733160 14 61.721409 99.448486 131.768402 331.347595 0.842070 14 47.005569 99.629105 132.773758 405.886353
000837,
000838,
000839,0.605784 14 218.194794 103.519295 277.078949 212.964630 0.860261 14 333.109283 104.818077 371.157867 184.716995 0.875868 14 261.078491 183.201035 416.794830 349.473450 0.715926 14 315.689728 98.007782 353.889587 199.531555 0.699883 14 346.749573 109.257927 427.019867 222.403625 0.948937 14 161.632370 109.657425 245.057327 235.073410 0.946821 14 217.987045 103.022751 278.484863 236.128250 0.837212 14 161.123993 109.174881 227.254364 199.552399 0.766831 14 218.483505 103.641693 277.490967 198.262360 0.776674 14 316.053284 98.064758 351.989990 179.906998 0.942481 14 264.978638 106.944633 430.449249 350.306519
000840,0.673674 15 237.658310 165.445129 261.399078 196.070847 0.682880 15 331.863220 72.348206 381.173004 139.000992
000841,
000844,
000846,
000852,
000853,
000856,0.894706 14 148.517792 197.454788 177.417694 239.092789 0.589785 14 155.159164 67.817986 275.909973 241.044449 0.924134 14 152.867142 67.470657 273.813538 322.000275
000858,0.784192 14 61.313187 197.924530 82.906265 255.015411 0.919766 14 117.482536 204.023941 135.427826 246.329422 0.978489 14 69.407043 193.163956 104.613495 286.938843 0.749119 14 412.855927 213.230682 424.128723 242.135208 0.966843 14 146.504349 196.646759 169.630615 278.349976 0.645271 14 100.446465 205.526749 117.244095 271.713531 0.839042 6 295.798920 208.415100 411.818420 251.684738 0.895458 6 478.518005 226.790527 500.116821 257.321411 0.922837 14 103.463150 203.467987 119.636765 246.503799 0.824769 6 292.433289 146.150528 411.617004 251.394516
000861,
000864,0.791602 14 19.158262 108.255119 45.645187 146.710510 0.862506 14 346.416656 133.693741 373.282196 156.249161 0.932823 14 279.320679 133.327393 302.948029 155.682358 0.872373 6 7.791862 80.006157 486.068176 242.869415
000866,0.825392 14 195.246307 71.772682 283.724915 195.942245 0.731700 14 191.985748 72.638840 306.892090 245.523239 0.501622 6 463.359283 128.607712 500.329803 208.300262
000869,0.967880 14 106.553131 187.527969 126.224030 244.386276
000870,0.510241 14 7.300883 45.607399 353.748566 254.564743 0.687747 14 5.036332 51.785343 222.353287 252.201859 0.550846 14 190.999390 46.903465 420.422089 250.896698
000873,
000875,0.649824 6 1.432307 129.644547 78.610855 247.977402
000877,
000881,0.930111 6 250.658630 156.317322 430.768616 256.399445
000883,0.914493 14 207.362015 117.157944 239.215652 148.509445 0.937282 14 162.919907 51.941025 201.086639 94.170876 0.859908 14 128.346970 113.929848 155.515625 144.206589 0.612503 6 83.573059 92.207390 308.021545 280.078918
000884,
000886,0.764843 14 419.937531 121.435493 453.326721 183.099365 0.505627 14 382.913574 119.028671 445.403839 288.745483 0.554693 14 402.285675 118.384743 436.591248 205.038406 0.785442 14 42.222454 4.468785 319.362946 308.692688 0.510315 14 45.461655 3.924384 316.182526 355.906586 0.574432 14 39.892406 4.517972 416.777832 355.848633
000890,
000891,0.706707 14 47.641674 11.473238 258.393219 333.556641
000893,0.637176 14 86.523552 146.373489 110.848434 206.731628
000894,0.665317 6 3.147474 73.060997 77.814552 94.492683 0.624725 6 1.529919 76.536247 36.316963 94.917992
000897,
000901,
000905,
000907,0.777476 14 151.757996 163.885986 179.395096 199.109589 0.967993 14 146.820480 164.478821 181.439346 223.944275 0.957327 14 286.549377 144.555969 342.546173 230.094772 0.575003 14 165.753464 139.324203 235.373627 225.098160 0.958389 14 186.298538 142.950272 250.817276 227.168671 0.871685 14 218.354584 142.069626 306.391663 254.463547 0.574311 14 222.790771 143.475845 301.490417 229.094818 0.847388 14 220.133667 144.045074 344.134033 252.775269
000909,0.814995 14 135.862732 360.658600 175.516464 499.230042 0.918382 14 127.867584 176.584427 253.250397 493.746338
000910,0.837273 14 38.811565 7.471427 250.871353 369.911896 0.822644 14 179.980530 52.938774 377.623749 369.886566 0.885849 14 246.657867 178.948792 379.023743 350.559082
000913,0.811758 14 2.831150 132.068741 120.506439 285.262329
000914,
000916,0.987299 14 115.262321 109.111259 161.276489 247.485703 0.954700 14 1.540122 117.684807 22.492456 163.434021 0.733712 6 100.843132 34.186699 501.471283 332.650848 0.961168 14 63.369049 117.068970 81.290436 148.563889
000922,0.802238 6 2.118155 111.692886 87.331360 160.227997 0.738838 14 109.683090 55.097031 355.747894 375.050995 0.959660 14 254.874710 57.686436 349.358673 347.517059
000924,0.615049 14 142.762482 189.192947 169.391815 261.543640 0.712978 6 146.275833 139.723221 250.472076 270.216278 0.820116 14 349.413116 190.080841 367.890747 211.756271 0.502896 6 0.930232 147.095856 31.040657 270.460754 0.839360 6 11.779152 138.527588 147.663589 269.074036 0.824905 14 146.499588 186.435959 168.161819 220.428741 0.826490 6 266.912933 134.448425 373.592438 272.848175
000925,
000927,0.624464 14 279.078217 156.001251 420.707672 331.374084 0.704278 14 286.385223 154.941986 374.166534 330.736969 0.781277 14 73.089447 2.653651 318.179230 332.691010 0.655282 14 75.337105 2.470367 286.203583 332.645020
000928,0.585292 14 0.520542 3.942031 447.238373 376.472046 0.713024 14 2.113521 12.474955 445.475800 376.880005
000930,0.923923 14 151.244370 73.378784 296.527008 241.136490
000932,0.745794 6 33.600883 107.950974 486.802460 264.019287
000933,
000938,0.731977 14 327.632385 148.770874 348.600830 179.214371
000939,
000940,0.602456 14 129.757172 65.893875 242.456650 262.803040 0.564241 14 127.579552 64.640198 239.809677 234.086884 0.569937 14 128.609985 64.069283 238.445496 222.558823 0.571937 14 130.195862 64.358139 226.166275 141.684753 0.523248 14 1.537355 54.053909 47.225235 127.175362 0.658358 14 3.247656 55.730515 161.642578 282.732513 0.749796 14 161.926865 65.585228 446.636139 257.776428 0.758148 14 208.532135 64.354034 376.151215 220.740143 0.819300 14 205.753036 65.599983 441.839111 258.386169
000941,
000942,0.932691 14 325.472961 119.776031 352.311737 147.104233 0.944064 14 219.182922 187.737030 264.771454 258.308472
000944,0.613458 14 226.308914 100.189369 368.569275 305.324707 0.633843 14 227.191071 99.696701 350.251129 282.404968 0.638833 14 226.160294 98.452560 372.230469 375.280823
000945,0.902144 6 52.890278 80.370827 429.132080 233.605240
000952,0.869842 14 14.532953 94.345444 200.645752 332.375458 0.546729 14 13.842940 97.099258 422.795197 333.012146 0.799108 14 241.617218 102.777802 422.075745 330.684692
000953,0.674032 15 204.267517 102.563728 233.832520 135.689941
000955,0.598516 14 228.781525 65.863365 374.997070 296.402771
000956,
000957,
000959,0.880684 14 3.177486 123.965317 132.683212 331.192841 0.944193 14 341.072052 83.345924 499.446198 331.524445 0.597359 14 47.270931 10.225610 202.182022 221.861542 0.868481 14 235.082504 111.555763 381.752136 315.652374 0.628487 14 54.439754 12.321774 204.272537 300.408325 0.903683 14 102.993462 106.739685 286.838196 332.561951 0.822603 14 52.983112 9.338072 205.334183 332.755646 0.927984 14 202.378006 19.444443 383.991577 315.062439 0.823200 14 202.587112 18.497547 500.574280 332.414276
000960,
000961,0.810286 6 140.943405 249.460434 192.005707 323.670105 0.931200 6 226.523102 116.099182 300.542816 196.200195 0.788774 6 213.742065 115.103241 301.625458 203.542831
000963,0.790170 14 132.287781 87.396118 160.307877 125.898956
000968,
000969,
000970,
000974,0.777935 14 241.891281 80.370842 271.622833 118.894836
000975,0.509267 14 101.946777 46.400589 351.033417 460.504639
000976,
000978,0.503603 14 103.889389 4.000571 354.405518 374.593079 0.739173 14 96.430214 3.844041 368.632721 375.185211 0.781250 14 98.701691 3.521539 232.844208 375.006622 0.726423 14 106.403366 3.280509 499.220612 375.653107 0.758489 14 187.008667 2.666552 498.527771 375.155792
000979,0.544376 14 1.505116 124.785217 47.202911 224.045609 0.962662 14 93.378677 146.769073 191.340179 326.840332 0.647660 14 93.766487 148.867905 167.549408 324.553558 0.828831 14 1.657925 125.820160 45.263874 198.548401 0.972258 14 1.806887 124.606285 76.200714 363.585327 0.648004 14 10.743282 126.823586 44.459969 180.294891 0.502978 14 41.187801 117.957916 66.362190 181.598221
000981,0.646044 14 67.790672 20.396189 288.738464 499.459259 0.818324 14 75.860916 18.741190 294.489502 425.912445 0.717910 14 75.723366 21.377117 298.482269 499.940369 0.501985 14 53.321404 213.599655 76.085777 243.939545
000983,
000984,0.888551 14 65.591042 320.714600 77.716499 356.525787 0.946405 6 1.335780 326.102936 38.009480 362.624908 0.728836 6 235.293610 295.014740 325.053192 346.284454 0.913987 6 197.728775 295.917542 325.361420 348.361938 0.873434 6 194.609146 323.762665 231.683075 354.572479 0.937534 14 63.809784 312.212463 123.824654 498.994934 0.526986 14 62.894112 313.368713 111.781662 498.655579 0.811428 14 64.205025 9.767636 199.289749 497.148560 0.952673 14 43.534801 321.507690 58.013824 359.196655 0.612188 14 86.188927 312.168549 122.368652 490.680939
000985,
000986,0.900963 14 362.979034 89.686501 391.823151 145.668671 0.620307 14 159.630798 66.239967 268.908875 260.462921 0.739496 14 319.778564 65.711662 362.453033 151.809753 0.950354 14 215.985123 65.438065 268.174866 222.791229 0.535770 14 363.487152 90.070168 387.396973 118.365479 0.901780 14 321.017090 66.223549 352.373169 102.428383
000988,
000990,0.888589 14 401.682800 123.765228 447.099091 183.613678 0.775381 14 71.627312 135.315414 105.212234 185.511673 0.881620 14 7.796832 32.576176 234.616699 334.696411
000992,
000994,0.510454 19 40.964436 123.435181 151.340240 228.693100
000995,
000998,
001000,0.523963 14 438.568268 35.759403 485.000824 159.422455
001003,
001005,0.917031 6 34.868687 146.776489 252.829575 259.538269
001006,
001007,
001013,
001016,
001019,0.741451 14 111.772591 116.588051 138.767593 160.648529
001020,0.699201 14 61.386829 54.924458 216.814438 496.559479 0.599642 14 60.233852 55.902214 217.073502 314.259003
001021,0.534687 14 2.607629 37.571388 182.895676 212.887863 0.913683 14 3.264710 38.142891 185.382874 227.293762 0.832130 14 195.591446 24.045624 410.793610 284.357513
001022,
001023,0.772931 14 342.767609 268.333099 381.224884 389.900787 0.693191 14 102.044731 140.924072 143.199768 220.888489 0.731466 14 6.448191 151.423294 38.509617 192.705338 0.719104 14 106.197098 169.226593 137.528366 220.020462
001025,
001026,0.624385 14 77.882065 3.891617 330.218445 402.194672 0.887389 14 149.254608 80.861526 329.635345 403.237091
001029,
001030,0.931312 14 453.316345 172.845490 469.210327 212.193497
001031,0.678092 14 33.118217 49.554543 169.842072 213.404785
001032,
001033,0.648721 14 108.102676 93.810562 228.931122 265.251251 0.562355 14 105.880402 95.515816 229.465775 407.590240 0.908953 14 108.388466 94.225052 229.945236 500.139893 0.511867 1 124.080246 238.836365 252.624176 474.547455
001034,0.941530 6 203.512772 150.708191 453.108490 232.922791
001035,0.956600 14 171.395523 54.765602 265.122803 339.129395 0.542951 15 114.886108 116.942169 135.917847 146.888992 0.974034 14 245.289642 66.569748 340.370544 346.860718
001037,0.584290 14 22.310390 21.365860 152.742310 170.489639 0.716360 14 53.483147 20.494438 155.404663 185.830200 0.731339 14 324.439056 81.925423 360.031128 121.719688 0.752137 14 16.881443 20.239891 154.339371 190.916412 0.509112 12 161.147202 98.623169 324.841827 201.606079
001038,0.883561 14 139.713028 91.958298 435.120056 410.456787
001039,0.697195 14 129.659546 90.269753 154.776016 120.505302
001040,0.579232 14 323.310028 275.594330 353.308258 332.795349 0.946645 14 337.970825 198.453812 426.257690 332.323364 0.882515 14 197.360840 112.808052 290.146454 332.139465 0.835393 14 113.072166 123.833336 205.029343 332.903687 0.924974 14 111.154770 123.288055 223.382019 333.134216 0.802255 14 198.408600 113.670074 343.133392 332.803406 0.958030 14 209.307465 226.743103 317.838806 332.433411
001044,
001046,
001047,0.758088 14 159.516418 61.095749 266.805206 315.351501 0.654216 14 104.059174 55.902657 192.920197 314.504517 0.828596 14 79.616669 54.484047 174.563461 246.073349 0.519886 14 103.152512 56.951790 272.208160 328.156647 0.557469 14 136.064087 61.534824 272.151978 295.693390 0.604383 14 58.458069 53.398411 175.410721 318.015930 0.818476 14 169.030319 60.109600 261.007996 223.821426 0.635238 14 52.268944 54.391823 175.201294 346.634735 0.948893 14 250.060226 3.359053 384.226166 330.963684
001048,
001049,
001051,
001054,
001055,0.724676 14 16.443863 209.747314 43.399780 259.375488 0.879249 14 133.435776 107.790146 289.998047 333.323761 0.727783 14 1.230833 45.944466 17.821751 92.889786 0.801099 14 132.852249 109.065376 441.759705 334.411072
001058,0.874379 6 5.780365 102.607300 402.055511 243.977524
001059,
001063,0.532440 14 111.546410 171.975677 144.688232 218.353729 0.719464 14 214.924393 60.600670 288.064941 202.465576 0.950922 14 216.926514 59.762428 317.994385 317.625763
001065,0.899050 14 14.611391 153.106766 54.201984 292.285370 0.536815 14 2.638780 3.787391 238.457443 373.846039
001067,0.778903 14 223.374786 142.160370 254.395157 174.461945 0.944955 14 89.186981 44.816093 288.398987 376.256226 0.670855 14 172.691498 41.625313 285.613922 305.182373 0.567794 14 240.616150 20.426531 397.250519 369.194092 0.934952 14 242.206787 19.659575 392.239075 282.768311
001070,0.710174 15 163.315948 21.132341 228.042191 118.953827 0.579199 15 152.620422 271.766327 192.878143 321.979370 0.537281 15 210.569595 333.058472 283.161774 400.275391 0.595917 15 89.335678 18.607969 163.382080 95.711044 0.503473 15 342.499207 100.371758 413.706665 170.623840 0.606704 15 337.027893 210.457108 411.338562 282.002594 0.753520 15 262.603241 135.528778 328.826874 214.398727 0.548185 15 228.192383 47.689331 253.919281 115.672905 0.573380 15 340.987976 47.922989 463.038635 173.493256 0.734985 15 165.603668 126.134636 259.750397 216.075409 0.547697 15 68.039192 127.263504 166.862076 343.714813 0.643502 15 378.084412 254.368561 447.377075 349.122101 0.660926 15 248.160950 19.232347 298.243683 115.982925 0.666969 15 260.616608 218.343826 335.075378 327.858307
001075,
001076,0.740078 14 103.605354 113.010674 328.957031 375.122009 0.565159 14 103.597252 112.698387 329.619690 375.258087 0.761291 14 102.430672 112.070244 267.461548 375.224670
001080,0.592803 6 45.445004 205.815933 194.683640 270.010406
001081,
001085,0.787116 14 251.508804 2.195672 276.415863 22.651211 0.713446 14 425.500336 -0.845259 456.663605 103.390373 0.951464 14 443.717682 0.949541 481.865326 107.401749 0.563518 14 217.498779 11.600300 234.290176 38.447117 0.636118 14 316.856323 0.548941 349.269043 19.116245 0.890883 14 423.135162 -0.216949 452.079529 63.430073 0.586259 6 70.907593 1.604564 450.172546 300.137817 0.914134 14 172.978241 1.659452 198.178665 67.434692 0.858141 14 101.567596 0.687313 145.755524 66.346954 0.943655 14 1.336765 4.070923 88.498489 203.087708 0.596931 14 428.796997 -0.053066 455.217651 53.547398 0.525332 6 79.812645 1.566365 447.003662 277.733276 0.518310 14 99.224579 -0.302033 147.002899 144.223099 0.880569 14 199.505402 9.896450 219.783295 44.320229 0.681530 14 478.257446 2.615360 499.495605 93.250748 0.882193 14 396.229004 0.448653 430.011292 61.652889 0.592135 14 280.463531 0.469839 312.839142 61.469543 0.678991 14 282.608154 0.456555 311.613983 19.305204
001086,0.740819 14 4.130252 27.016987 247.215714 279.708801 0.517348 14 294.755432 35.063961 498.962555 258.754456
001087,
001088,
001089,
001090,0.549086 6 15.587627 97.359688 444.915771 289.070648
001094,
001095,0.824443 14 179.449524 122.428787 288.292358 347.754761 0.634222 14 177.718262 121.401871 251.500305 265.995117 0.566867 14 179.081146 119.231071 241.146500 211.568832 0.952826 14 270.947052 134.063049 363.655792 347.868530
001096,0.514726 1 149.676498 138.742081 300.074188 322.453644 0.942556 14 168.835632 41.988609 326.757294 230.567734
001098,
001099,0.916448 14 70.793900 192.034088 87.243187 224.859100 0.717982 14 241.361313 117.282204 278.776520 142.234833 0.665593 14 416.929901 177.328690 436.809540 218.804123 0.960676 14 86.429558 180.091782 107.186203 223.283264 0.975931 14 435.085327 178.681274 461.518921 238.503876 0.931550 14 412.998932 177.111984 433.168610 213.491898
001100,0.656442 14 478.997406 86.038612 500.193726 203.290359 0.570948 14 1.089213 108.046417 21.218075 166.367722
001103,
001105,0.536427 14 121.463226 173.795349 142.276337 251.203857 0.553896 14 121.412308 173.155151 140.495575 238.688263 0.626372 14 198.719772 88.830460 398.272491 374.131470 0.569347 14 83.436829 184.988037 109.145195 257.666260 0.595284 14 197.093933 89.098137 340.578583 272.675079 0.574723 14 200.219238 89.171600 419.018768 374.779968
001108,0.937009 14 214.453125 160.555725 341.368225 373.678223 0.552453 14 283.399536 83.167824 499.476318 374.275452 0.626260 14 349.030792 59.075893 386.608612 106.655899 0.755800 14 89.205917 143.275101 202.244125 374.527802 0.836526 14 134.247437 141.821854 195.437393 214.664383 0.711191 14 82.742332 141.226700 237.952881 375.272919 0.544539 14 216.643066 64.012619 498.019836 375.124664 0.908558 14 279.378387 61.552551 498.647614 374.104401
001111,0.942518 6 90.690559 244.328491 170.416000 292.398010 0.952827 6 384.214905 241.159760 425.611298 272.302094 0.866947 6 185.254364 254.469513 208.139267 271.950470
001114,
001115,
001116,
001117,0.501196 19 161.818344 33.933670 244.310120 156.813354
001118,0.679793 14 23.108601 3.499660 222.416199 325.888275 0.729379 14 439.921844 -0.148939 490.649536 61.882931 0.702758 14 31.443268 44.943974 137.807175 293.042999 0.742184 14 101.421181 3.006839 227.362579 325.668732 0.657486 14 25.408468 28.104824 180.316803 326.218262 0.694063 14 105.521797 3.410909 393.424835 325.653381 0.674218 14 317.804626 134.813400 361.166412 227.480545
001120,
001122,
001123,
001126,
001128,0.783424 14 165.985489 213.036285 205.997818 276.623627 0.593462 15 182.037216 310.188568 216.794144 351.620270
001131,
001132,0.516057 14 132.624420 204.638214 176.749649 269.339935
001133,0.975122 14 158.652985 190.990921 240.701050 374.159027 0.915419 14 63.869095 202.805573 167.176300 374.222290 0.815462 14 230.795837 164.328415 376.988312 374.398560 0.953649 14 256.897217 162.879639 373.839783 374.018799
001134,0.539402 14 60.588093 176.391159 124.436737 297.993286 0.862711 14 159.805115 197.994034 176.710449 232.159348
001135,
001138,
001139,0.534022 15 13.700988 105.787888 44.490963 146.829681
001141,0.954998 14 146.023102 68.561333 178.145981 127.661903 0.930247 14 213.385635 69.250175 241.494263 123.918045 0.976692 14 11.273052 115.397766 56.805824 190.239746 0.521214 14 156.051300 70.653893 196.856659 149.820724 0.968486 14 48.801014 113.725632 97.893036 186.355331 0.512203 6 194.847763 111.342316 414.286499 225.237122
001146,
001150,0.812550 14 1.330912 2.769504 214.130524 375.714172 0.897668 14 201.619247 0.575770 400.710999 362.733765
001153,
001155,0.654335 14 254.705154 130.348282 327.785889 372.368317
001157,0.894823 14 465.962891 0.392908 499.777802 86.732422 0.625885 14 305.808319 118.780052 345.655853 157.114670 0.855132 14 429.884430 -0.415163 467.787750 77.323326
001159,0.703736 14 245.617813 245.792526 303.818756 342.779846 0.818542 14 165.438629 38.786186 229.069733 183.321106 0.687972 14 171.965195 39.939548 225.250824 153.407715 0.938680 14 240.293381 246.383392 315.320374 343.815857
001162,0.527206 15 395.159058 46.848907 425.767853 85.110725
001163,
001165,0.863915 14 186.467773 239.613922 211.148712 284.485596 0.932347 14 207.521790 250.354523 233.158859 355.317047 0.873782 14 185.849854 243.425644 213.265106 353.158020 0.800229 14 208.812408 249.222015 233.556671 294.434937
001167,0.674977 14 7.419899 6.988796 72.138206 356.208038 0.528476 14 1.604766 5.638068 202.475571 356.215393 0.641237 14 1.304939 5.948739 142.930573 355.294250
001169,0.804880 14 103.775345 123.703964 262.155701 332.382385 0.523148 14 156.355896 65.178772 194.471756 111.110031 0.765619 14 112.136887 59.992775 205.653687 162.751236 0.710533 14 137.079529 94.458427 168.921844 129.870178 0.860342 14 103.691292 46.840443 385.316193 329.976868 0.509356 14 236.669281 125.343498 455.823120 332.751740 0.581517 14 153.572647 63.808174 195.993805 126.400009 0.562073 14 169.448990 123.910301 264.639893 322.980591 0.527501 14 195.722641 46.682190 388.301727 326.402283 0.543575 14 230.149933 124.610245 478.830322 332.392944
001173,0.878477 14 2.365820 60.449570 144.871857 327.452026
001177,0.847070 14 200.131210 166.183029 238.549286 254.362732 0.727174 14 88.858604 132.873108 228.240250 340.328766 0.533040 14 90.710236 132.194641 255.589188 342.703400 0.929184 14 252.525604 209.656967 286.571838 263.653778 0.832260 14 88.477730 132.308060 228.647797 264.829468 0.760974 14 88.726242 132.161880 224.981873 321.320831 0.748179 14 172.741531 124.615173 406.793701 344.921692 0.896944 14 281.000488 123.839546 402.934418 346.407684 0.549393 15 86.582985 249.582611 155.265228 334.942383
001178,0.919810 14 440.258270 62.259365 466.189728 102.846863 0.835896 14 41.640915 76.957428 68.501839 111.360451
001179,
001180,0.595926 14 26.325254 115.809799 125.485039 499.136688
001181,
001183,0.515529 14 228.433441 92.637344 331.983276 330.852722 0.960818 14 230.250748 89.814613 296.204529 250.155792
001188,
001189,0.814052 8 34.510815 251.114304 97.812416 412.095795 0.561049 8 62.409424 241.838699 85.264435 279.036224 0.787453 8 195.607910 251.387604 261.820099 420.950531 0.586990 8 196.503342 251.123642 259.474518 414.330444
001190,
001193,0.580315 6 1.789886 81.687759 78.443184 143.051376 0.536781 6 162.688721 188.055862 235.383286 221.171997 0.719288 6 1.676300 84.030746 82.565758 150.428055
001195,
001196,
001197,
001198,0.606756 6 419.294373 125.641891 499.856445 200.148743 0.878708 6 1.697999 0.824098 88.970436 114.313255 0.915748 14 357.603851 110.388885 383.386963 148.955673 0.627061 14 472.204376 121.365608 493.012909 194.489883 0.555255 14 1.511119 1.607727 90.775604 207.083389 0.610090 14 373.634583 104.121140 405.051758 154.339737 0.773449 14 474.992737 120.864403 493.381317 149.701126 0.780099 6 0.666514 42.571014 424.291077 336.468262 0.943271 14 373.534943 103.671074 408.287323 178.204346
001202,
001208,
001210,0.968921 14 223.493011 215.663345 247.720032 302.723480 0.941935 14 280.345978 194.251694 299.503265 256.998840 0.782739 14 1.080525 207.099304 21.271988 281.263184 0.555866 14 0.915349 206.128372 17.925247 299.355469 0.738772 14 15.415804 203.408234 41.369801 296.677429 0.974369 14 3.174497 202.665955 45.382103 302.214661 0.968425 14 197.299026 201.647827 219.362854 269.349365 0.932963 14 280.271088 261.092255 303.246582 313.900024
001213,
001216,
001217,
001218,0.574401 6 20.802616 197.137421 267.103424 285.571411 0.566914 6 27.455225 74.789520 473.927032 274.767944
001219,0.890615 14 421.403961 145.820908 481.524506 312.666412 0.635725 14 412.206604 146.924667 433.919189 190.914169 0.750237 14 399.877350 154.482513 422.690826 190.823715 0.677376 14 478.103302 158.990814 500.263977 284.151306 0.671407 14 422.654694 145.442642 479.797607 236.729141 0.667044 14 425.096527 144.118286 462.258972 188.041931 0.629608 14 423.682465 145.756287 479.960327 232.730164 0.937559 14 477.216187 157.470581 500.185425 224.039078 0.687694 14 479.137115 158.203552 500.368286 327.702118 0.732397 14 423.254272 144.133698 476.306183 203.580658
001220,0.527232 14 83.035767 4.515868 352.283051 261.651062 0.575338 14 81.410347 4.062720 290.947449 374.892914 0.787683 14 59.310333 4.162911 371.578156 375.027496
001222,0.952708 14 9.207864 189.806320 49.719887 285.953979 0.755750 6 98.470314 184.415619 424.100342 332.117279
001223,
001227,0.909129 14 208.165924 302.594147 229.525253 347.972839 0.625243 14 141.011063 305.021362 172.289856 352.288818 0.876505 14 36.594299 300.104401 63.537827 357.178772 0.560497 14 100.238892 301.900879 118.602409 349.906067 0.502797 14 86.023743 300.360229 105.929329 371.661926
001228,0.583265 14 337.914154 -3.312377 496.909271 246.930939 0.830919 14 1.267537 36.823845 40.139225 190.791687 0.935602 14 136.863235 20.085037 195.873108 173.878708 0.878382 14 28.361107 26.505390 85.506584 188.842072 0.884076 14 305.465607 14.383945 355.325775 138.634567 0.593502 14 170.388748 25.284567 203.303406 172.618805 0.687659 14 200.751541 19.304895 274.948151 176.707947 0.502218 14 414.832458 8.805540 466.338562 47.719261 0.541539 14 1.769153 35.960022 36.885612 95.154480 0.937869 14 13.461251 24.511610 119.825050 193.677475 0.856688 14 170.699310 18.666790 295.455872 186.724442 0.771464 14 303.723511 14.757712 357.739746 179.608368 0.932696 14 68.301971 20.776802 130.988144 174.222992 0.528673 14 177.757584 26.482380 202.490875 56.235565 0.907327 14 256.343384 25.931791 317.361084 174.418121
001232,
001235,
001238,0.626078 1 124.264038 243.745941 157.144882 356.561096 0.978759 14 112.789726 144.746124 173.331116 316.009125 0.518674 1 114.266129 229.033569 158.597794 357.079041
001242,
001243,0.942635 14 68.886101 15.722394 210.244003 477.929504
001244,0.634152 14 156.068619 70.307518 220.183350 115.422226 0.661463 14 150.603867 69.010384 243.464615 175.404327 0.809798 14 12.685798 69.005463 243.128799 317.732910 0.871297 14 253.513062 49.471378 374.869385 234.693756 0.600742 14 17.836176 75.389465 111.257858 206.669876 0.631772 14 74.104782 74.805939 105.249741 100.547241 0.677605 14 252.609848 3.089033 497.284546 233.194656
001245,0.960082 14 190.271683 141.734451 223.979950 200.270355 0.922245 14 1.185693 128.967590 36.857574 219.420212 0.537512 14 269.777985 98.740852 349.209503 245.160736 0.607640 14 1.450710 128.450089 33.626400 187.291962
001246,
001249,
001251,0.768266 14 1.741812 13.409732 109.799545 248.539139 0.807023 14 21.278706 7.777148 111.411911 148.390503 0.666439 14 324.303131 128.351196 354.234680 183.791183 0.807319 14 109.399612 68.935509 209.474945 252.424942 0.798057 14 1.395429 49.796219 28.423094 119.249588 0.525552 14 1.278846 51.616199 63.243084 249.608032 0.580502 14 155.728165 69.519066 189.260391 98.135056 0.652048 14 22.242785 10.810794 90.965378 155.946732 0.803119 14 1.343440 49.216537 77.729553 232.100082 0.509227 14 3.479265 10.655654 196.178970 252.749283 0.552665 14 4.035406 9.627292 200.332321 252.394867 0.599632 14 42.356510 8.514013 112.182320 103.127365 0.804485 14 5.394831 8.636929 148.104462 251.176804 0.867296 14 123.535309 68.387909 158.701355 95.975945 0.542032 14 17.124023 9.087744 111.089867 200.461197
001252,0.699362 6 59.417904 67.426697 435.874908 263.545227
001253,0.769877 14 223.118439 76.720253 321.019836 495.592590 0.530298 14 1.136835 131.299423 82.952660 361.710205 0.519445 14 220.856110 77.106712 319.544861 487.129639
001255,
001256,0.971038 14 383.058350 187.885605 435.190582 350.585693 0.654680 14 165.258621 110.137482 183.016800 127.380356
001257,
001261,0.780575 14 6.952852 19.945007 305.140564 376.147888
001262,
001264,0.514001 14 148.923172 24.010342 178.748123 57.260643 0.620232 14 174.297577 153.918640 197.359894 183.477661 0.576198 14 122.262688 26.123642 179.234680 254.489090 0.568338 14 397.839478 22.430101 427.162292 55.183674 0.593242 14 126.829613 117.116890 162.106644 245.208603
001267,0.733709 6 318.938721 189.617294 500.161102 298.444916 0.820131 6 122.933975 207.823593 178.502319 240.506393 0.870322 14 102.909370 208.221100 126.407860 256.399323 0.888760 14 198.764511 212.814377 227.136810 264.366089 0.895877 14 230.224899 195.984818 263.553833 261.185333 0.658120 14 102.685135 207.770599 124.477684 240.275787
001271,0.900585 14 174.406372 0.287801 217.210526 64.159332 0.674429 14 29.541317 0.464536 106.762527 138.523590 0.783809 14 0.743557 1.559006 38.753971 185.763367 0.924777 14 305.315460 0.448622 409.757599 125.772858
001275,
001276,0.500235 15 224.056778 141.035187 251.377487 182.728165 0.706945 8 179.010040 178.583694 236.308105 332.709778 0.613541 8 178.943100 177.269180 236.485306 333.888153 0.614392 8 312.958008 153.487381 391.605133 273.356110
001278,0.902114 14 8.254371 87.489212 33.572659 130.357742
001280,0.665129 14 413.093170 137.406357 435.955078 174.263428 0.828362 6 75.216057 82.786194 480.073334 297.546356
001282,
001283,0.931886 6 208.521698 149.381592 336.005707 200.203033
001285,
001291,0.527120 6 2.056092 14.836695 444.729736 293.349091
001295,
001296,0.947912 14 201.069092 30.357761 336.811401 205.015991
001297,
001300,0.589629 14 111.255875 223.650299 136.660019 256.175751
001301,0.882409 14 341.317291 3.081735 449.477448 373.865021 0.669329 14 299.833466 3.325660 449.936096 374.305847
001302,
001303,0.524988 14 190.945114 2.138570 379.541077 372.689850 0.632668 14 194.505005 2.488811 441.636047 374.890289
001305,
001306,
001307,0.648296 14 247.013840 89.489433 271.432861 134.281265 0.788976 14 277.736603 66.866280 306.031097 121.025024 0.843132 14 203.014877 54.229679 248.068924 136.296661 0.843007 14 167.025101 66.519226 195.384369 100.662453 0.652751 14 388.065887 56.228436 480.448364 333.459686 0.504006 14 17.108624 80.431564 104.759781 195.998123 0.733429 14 57.258327 73.268082 73.146614 106.239670 0.892720 14 353.313232 80.726273 374.668335 123.144981 0.527312 14 466.707642 79.277786 500.035828 174.757996 0.692203 14 286.337799 62.738052 355.343048 171.227036 0.694459 14 246.049728 88.955612 268.925110 130.326752 0.820827 14 465.717407 78.195099 500.066223 203.817245 0.580321 14 243.889420 89.773994 272.089142 149.236130 0.914790 14 377.653442 83.301277 408.052307 128.018021 0.504743 14 279.340485 64.095169 321.374451 145.228989 0.518576 14 60.643940 77.414536 105.866508 183.197662 0.932017 14 338.057678 90.792435 367.228882 150.762482 0.827531 14 199.513916 55.408218 249.230438 208.023605 0.842352 14 240.708344 80.179153 269.421631 138.163406 0.634610 14 164.371460 66.057831 201.104279 205.818100 0.931965 14 9.528131 7.425188 211.444382 334.834534 0.541745 14 464.426025 76.794662 499.824768 134.826416 0.840617 14 1.019430 83.987030 14.817627 163.681778 0.671291 14 11.385695 6.544162 167.544464 230.305130 0.522791 14 164.903091 64.915939 196.338821 115.357391 0.805713 14 68.873337 85.252914 106.628159 178.683243 0.752836 14 200.547211 55.168266 259.398560 256.690460 0.735936 14 288.913147 62.642906 351.216522 162.051331 0.585091 14 284.517487 63.578979 359.776764 259.221802 0.688621 14 278.735504 75.247864 303.075500 169.856750 0.705627 14 284.908905 62.474964 370.865479 333.787659 0.627231 14 289.561920 63.292439 334.674347 147.054886
001308,0.572907 14 191.326141 113.668915 223.498886 151.484192 0.895681 6 400.422729 31.194050 480.511871 85.438751 0.547342 14 335.546356 7.104501 404.746033 75.264877 0.529967 6 113.551453 46.698544 409.586853 212.345978 0.660905 6 306.030182 29.325039 476.819916 90.455109
001313,
001317,
001318,0.554269 14 127.020683 124.139359 155.271088 151.883820 0.840662 6 2.574243 135.764755 160.447983 207.066833 0.510706 6 211.675140 133.830215 365.747650 186.705902
001319,0.821975 14 208.787476 176.210754 233.783508 207.379242 0.617963 14 136.987854 102.464752 223.759613 341.194153 0.949106 14 98.812088 102.197128 222.873459 342.889709
001320,0.553169 12 169.609970 95.193100 331.270172 290.510132 0.767658 14 211.070602 53.890949 311.080383 293.439789 0.619913 12 172.258560 96.420029 408.450073 288.289154 0.613827 14 232.595123 53.281956 293.594696 136.643921 0.729127 14 230.092026 54.242947 306.311584 212.593094
001321,
001322,
001328,
001329,0.556312 1 284.098999 226.228821 370.216034 336.615875
001331,0.538645 6 376.811340 127.641838 446.203461 226.066727 0.519416 6 71.257339 143.174469 368.453979 311.278778 0.648723 6 354.153992 127.690971 422.269989 202.973846
001335,0.923935 14 457.943298 159.740814 480.746429 198.978287 0.777583 14 1.158546 163.800049 16.478498 185.423035 0.507035 14 459.441803 160.811325 476.866699 198.377197 0.752733 14 266.699432 122.741402 286.528900 163.281906 0.933564 6 1.814771 181.463730 92.866585 274.495728 0.913413 14 481.961609 162.297089 498.759094 189.384567 0.924515 14 443.234070 160.873947 459.465302 200.748734
001336,
001338,0.520939 14 164.902100 88.436920 198.096344 124.891678 0.649817 14 162.716309 90.097260 203.000824 188.787598 0.571801 14 163.668213 90.237091 198.274933 165.829880
001339,
001340,0.860061 14 75.230667 137.866119 249.535141 374.900360 0.559502 14 74.658257 111.433716 331.300568 375.964966 0.684859 14 79.656876 138.502686 238.612503 374.864227 0.942807 14 213.941177 108.659996 332.588837 373.865326
001342,0.956273 14 337.010651 169.373627 486.507996 322.438080 0.546061 14 387.879730 170.362610 472.011627 315.108887 0.508672 6 355.265808 239.884216 443.315094 304.681702
001344,
001347,0.619193 14 120.793922 66.374153 462.716034 375.215881 0.618394 14 107.871384 67.068237 483.466583 374.851929 0.770105 14 113.222969 67.709305 302.973450 373.387482 0.905449 14 203.722961 65.791924 465.094574 375.115082 0.766602 4 249.105362 262.200104 276.882324 319.346008
001349,
001351,0.526766 14 107.876656 135.278168 222.887756 358.305145 0.791169 14 43.541393 141.350677 133.045853 252.286606 0.922685 14 106.822464 176.607513 222.271805 362.111450 0.585436 14 44.169739 141.881531 220.362106 352.088074 0.854821 14 42.126259 142.424881 134.076447 357.662567 0.693783 14 42.332619 141.532013 133.067108 280.249695 0.978376 14 326.135864 85.947357 445.153107 373.533142
001353,0.839469 14 96.763580 3.849875 369.785095 332.139526
001354,0.725325 14 2.593675 46.092621 150.657028 261.218506 0.625919 14 2.715540 48.004475 129.697998 260.480804 0.625941 4 92.962433 199.005035 121.169876 280.283264 0.843915 14 115.543243 45.838104 186.003143 225.889465 0.617751 14 3.104203 45.487812 178.832382 361.251221 0.779779 14 2.435446 44.823490 141.065598 329.404846 0.717354 14 179.127716 31.985184 379.354645 266.369629 0.600511 14 182.552490 34.893265 384.570587 361.310791 0.865313 14 187.095016 53.574112 372.368225 261.570862
001355,0.728148 6 1.281870 172.377090 38.857235 217.208817 0.827650 14 72.922783 176.001602 97.623466 215.860397
001356,0.597632 6 22.431091 75.405151 458.738617 188.973648 0.732218 14 463.832947 52.788307 496.067566 135.834717
001357,0.867810 14 325.945984 169.725510 352.827911 222.176086 0.975914 14 103.158936 22.381603 202.001770 227.622925
001358,0.642721 14 133.884064 54.459557 288.669525 284.013184 0.918809 14 114.849625 47.197132 145.333176 88.622673 0.899466 14 236.872711 152.579819 279.926178 239.029648 0.507923 14 164.540665 153.062805 284.334076 286.977295 0.854748 6 342.209381 4.808091 415.567596 38.939739 0.966425 14 1.036911 44.321804 25.614769 185.786407 0.970569 14 46.824566 93.479652 151.941391 293.225616 0.651877 14 113.665970 44.718922 147.080093 98.621353 0.511349 14 127.330200 53.519379 389.129517 290.564758 0.582086 6 18.061266 61.704189 156.986191 118.616341 0.720721 14 242.155579 152.269257 277.544006 196.694656
001359,
001363,0.694012 14 250.803406 103.223457 286.197662 162.260345 0.669783 14 331.670349 176.184296 357.799530 203.009064 0.532457 14 375.873779 102.983246 413.908752 202.452789 0.850216 14 235.426300 149.187988 258.887512 179.212097 0.917505 14 373.947266 100.580872 410.964661 167.118256 0.666743 14 115.742378 174.157898 138.557709 199.244537 0.953137 14 248.870422 103.540710 288.673401 187.193268 0.897627 14 213.614136 143.292175 237.137466 191.820175 0.788301 14 318.769409 176.469177 340.681915 201.708130 0.533998 14 298.312164 106.254402 363.177032 236.409698 0.968507 14 299.984619 105.764671 348.270752 194.888641 0.758359 14 302.437683 105.109711 344.031372 157.629211
001366,0.711751 14 251.107605 148.974106 279.394287 212.392151 0.906659 14 272.965912 173.390076 306.728668 280.681854 0.717067 14 266.530823 175.313202 318.306671 326.854309 0.970665 14 213.153152 151.967133 251.156387 276.095612 0.740257 14 94.222115 260.347443 129.781082 327.251190 0.903829 14 252.475861 150.495682 281.919495 281.141754 0.936818 14 51.752403 161.635406 122.310013 329.052338 0.897856 14 80.238892 172.849884 122.066513 327.114777
001367,0.503474 6 228.592361 0.576947 430.989288 36.239048
001368,0.674584 14 74.904533 34.929050 222.671722 499.088470 0.760014 14 69.880486 32.459736 218.056580 283.242462 0.565951 14 154.201813 414.490875 204.567749 499.278259 0.566650 14 188.639603 412.333069 214.139404 485.178589
001369,0.779013 6 26.296856 47.623306 323.361969 185.122665 0.726155 6 15.682725 45.712246 327.712646 319.433502
001370,0.645716 14 21.339254 45.149403 193.897552 500.021942 0.688611 14 194.980042 52.947834 321.712311 459.561584
001372,0.555033 14 117.278641 71.225105 196.899811 404.642426 0.642967 14 172.331390 96.433327 195.910583 237.940475 0.853318 14 119.764229 71.661766 195.886612 303.838776
001373,
001374,
001376,0.740659 6 393.718811 212.192856 435.460480 235.159729 0.922903 6 385.485596 239.868225 430.509155 272.968475 0.637147 6 387.852539 212.090454 432.957703 272.631348 0.909288 6 6.503561 229.939178 39.855354 251.877014 0.966902 14 198.819443 187.911713 312.986481 374.926880 0.567007 6 386.459290 211.401337 479.156006 270.840271
001377,
001379,0.633742 6 29.623226 35.590935 462.329742 341.058350
001380,
001381,
001382,0.972539 14 51.671616 241.988541 73.935310 312.960663 0.595889 6 325.587433 225.398697 471.231018 281.810120 0.552813 6 285.816528 226.214050 471.996338 288.426147 0.909934 6 99.295197 226.741028 286.593323 327.415131 0.963189 14 1.107094 239.632370 24.768137 315.771149 0.894061 6 296.371002 257.397522 427.822571 330.161896 0.962486 14 78.122215 232.651825 100.636322 294.401764 0.939062 6 293.143036 225.671539 481.154327 330.032227
001389,
001391,0.520002 15 397.767487 95.623711 444.572021 138.324661 0.518223 15 359.721161 11.659613 395.709412 91.098328
001392,0.598908 14 115.652481 9.280680 138.497879 34.944969 0.875872 14 33.426113 50.709194 53.314774 75.571617 0.710162 14 116.474205 44.760342 141.404114 73.453934 0.838584 14 58.607815 52.310257 79.367599 75.596107
001394,
001396,0.874627 14 205.193695 203.093338 227.412308 281.717926
001398,
001399,0.880901 14 191.874786 341.198151 217.225952 374.717285
001401,
001403,0.563189 1 123.988190 176.847778 162.547775 227.294220 0.667830 1 50.846554 176.454330 117.344460 226.981842 0.979607 14 375.764496 132.593246 418.977203 267.783997 0.588739 1 364.200958 188.409637 481.982544 267.505127 0.961831 14 328.652557 138.943085 377.843506 271.443726 0.699860 14 312.921356 133.675919 351.158752 237.045975 0.534730 14 197.218918 126.583290 236.582901 211.644241 0.983195 14 98.608665 132.608536 132.404404 226.870590 0.970164 14 185.072266 127.034065 241.947510 279.495117 0.983293 14 66.402260 139.379547 101.982193 228.785049 0.564380 1 260.368591 176.697968 320.684143 245.550247 0.570820 14 313.301605 133.704422 353.618286 265.221832 0.622515 14 192.325439 127.084946 237.022461 278.568207 0.965909 14 227.551743 114.188133 273.005157 241.197693 0.512514 1 125.915138 174.488998 202.704453 227.854996 0.739705 14 315.126678 134.126114 364.035034 273.406036 0.615957 1 405.255188 188.408905 486.040894 266.840668 0.718466 14 342.955475 137.516907 379.148193 268.463501 0.620826 1 238.654663 164.731644 324.904022 249.278137 0.598781 14 322.786469 137.416168 383.465332 274.019165
001407,0.509039 14 186.331985 226.893265 198.536789 255.159012 0.598989 14 313.055267 107.875565 343.157227 150.805298
001410,
001411,0.516202 14 250.634186 18.884977 500.658325 331.725037 0.654708 14 8.838222 91.084541 147.217590 209.171722 0.646043 14 14.297694 91.525291 114.096329 208.089447 0.922424 14 177.069458 19.525940 500.987183 332.875305
001412,0.899199 14 222.998062 85.211433 315.815033 281.182709 0.584534 12 180.177582 107.413582 401.375519 285.337189
001415,
001416,
001417,0.950985 14 205.542618 26.269531 308.541504 169.081116 0.827611 14 303.953705 5.570719 367.136261 168.214401
001419,0.591382 14 39.568531 26.094065 237.526611 481.868683 0.670364 14 19.353558 4.591957 281.117340 484.670471 0.759700 14 36.995895 33.561440 157.581070 480.329651 0.663697 14 38.253967 10.095432 279.780914 467.486969
001422,0.865597 6 76.581535 100.278938 454.718353 275.706543
001423,0.549036 14 326.906982 62.936855 380.943604 331.281525 0.867123 14 186.110733 101.772812 294.111206 332.214813 0.911204 14 186.967941 101.349655 339.888733 333.311066 0.738520 14 333.284729 63.530945 378.310608 213.837036
001424,0.805258 14 169.506424 365.124512 180.966858 400.999664 0.810719 6 211.045547 316.237274 257.606537 403.558563 0.885240 14 151.181610 355.067139 162.266159 404.382812 0.904266 14 115.513519 334.243652 135.264999 412.142029 0.796739 6 211.402191 310.789978 294.713562 402.763153
001425,
001428,
001429,
001431,0.774280 14 189.758713 48.169579 234.530563 113.174614 0.640842 15 168.930695 124.937607 296.051514 241.257324 0.572313 14 317.376526 0.093609 439.873718 139.515732 0.715310 14 188.357224 48.532097 217.937546 105.645554 0.766287 14 316.383881 -0.217035 438.409790 163.225662 0.503522 14 318.530273 0.474131 417.864929 96.764290
001433,
001435,0.912674 6 4.260548 247.525131 218.206589 349.758148 0.789279 6 121.127022 201.278152 320.110870 270.039215 0.713560 14 379.794159 150.191116 394.501129 179.934067 0.918899 6 221.435074 232.340683 406.678131 312.947266 0.940344 14 397.621277 151.576279 412.201996 176.655487 0.867891 14 191.583862 150.178528 205.675583 176.186188 0.788638 6 2.869844 194.516876 24.068865 228.979645 0.511309 14 388.498871 149.096756 404.566681 175.067581 0.933755 6 6.685175 173.040634 88.368614 210.410736 0.635827 6 102.146713 174.237534 309.302063 227.532623 0.531612 6 100.677971 170.744537 218.860870 210.115738 0.973812 14 114.254425 152.413727 140.630844 227.776367 0.760463 14 145.953430 167.240067 163.070419 201.690094 0.790961 14 160.166702 165.347839 178.331039 187.279999 0.825131 14 56.384438 161.460495 74.560234 180.369980 0.926215 6 354.602783 172.959137 430.038544 211.959473
001437,0.507662 15 24.809595 61.252079 87.706131 203.462051 0.613631 14 228.535477 44.598946 308.672180 125.802681
001438,
001440,
001446,0.560145 14 136.951950 80.889839 162.299576 149.595932
001447,0.500652 14 160.485855 23.138483 326.927826 184.385376 0.891654 14 159.574692 25.272137 354.546082 183.656845
001448,0.976131 14 89.729790 245.352112 131.288589 401.687256 0.630037 14 137.394592 77.715050 213.984329 299.136292 0.944726 14 2.289089 228.835938 95.151787 496.838501
001449,0.812862 14 78.722473 135.386154 106.303154 154.905319 0.617894 14 262.294373 130.338257 283.507843 150.070480
001452,0.547008 15 204.615555 196.339355 226.992416 242.206375 0.782270 14 68.445732 140.871399 191.232040 349.971191 0.937036 14 66.075211 139.911606 190.417374 500.216064 0.857340 14 71.456512 118.579597 94.844421 173.033859
001454,
001456,
001458,
001459,0.960252 14 127.674637 120.448616 267.579346 375.223022 0.909041 14 123.222580 168.702133 152.102112 211.223251 0.950964 14 111.300560 180.239868 142.903564 213.493088 0.964053 14 248.644348 123.039093 378.463867 373.986206
001461,0.542691 19 195.396545 1.585091 301.971039 110.058571
001462,
001469,0.505215 14 86.466156 97.878510 148.804428 222.363297 0.663087 15 244.391281 319.090881 278.189880 384.952515 0.760503 14 106.928406 97.652603 146.281021 224.395630 0.832512 14 79.570679 98.475990 147.175980 464.298676 0.622401 15 202.488739 329.227936 245.016861 393.757355
001471,
001473,0.634579 14 60.295780 103.771240 215.495865 454.961639 0.939989 14 56.264999 102.352379 218.523010 499.408081 0.898939 14 41.673321 224.022034 67.857407 258.348236 0.625140 14 61.029343 91.840057 336.199738 499.188873 0.573457 14 39.259846 223.859924 69.026848 290.750732 0.969501 14 182.365173 87.544144 335.076294 498.438538
001474,
001476,0.950200 14 61.654331 98.400406 77.590202 135.043350 0.805861 6 268.415863 99.499947 372.020538 141.049774 0.966627 14 414.587952 107.821442 438.222198 163.484558 0.949521 14 30.376844 97.566467 45.024357 139.586624 0.565495 14 181.024902 55.483810 240.866806 258.753174 0.800768 14 179.804428 53.479126 228.315018 176.130005 0.549810 6 103.078102 110.981834 163.320663 141.468750 0.890188 14 182.045609 54.739685 291.052582 251.786255 0.539873 14 69.687057 96.873672 82.465004 133.287949
001477,0.516554 14 162.699448 177.281815 200.849548 275.613556
001478,
001482,0.608340 14 1.368679 197.742691 45.287018 362.973236 0.954218 14 202.939041 160.599472 304.292053 373.945221 0.846998 14 146.523834 143.306122 236.359055 375.244141 0.544266 14 209.086380 160.528168 289.390747 286.229645 0.927374 14 142.106766 141.588135 237.433517 289.269257 0.967145 14 1.312014 195.700409 51.746624 375.790039 0.587371 14 72.717194 174.137268 166.440033 375.942810 0.641720 14 1.567513 195.873901 45.620193 268.047546 0.979667 14 72.209778 172.872223 161.161835 374.257660 0.727236 14 278.912903 142.063431 381.771576 290.135681 0.617773 14 208.607880 147.599045 383.410065 374.727936 0.975845 14 278.430878 141.087204 382.694794 374.403015
001487,
001489,0.646273 4 324.909912 60.727261 344.851959 106.355858 0.564408 15 371.764709 155.267838 444.619293 210.749374 0.541143 4 129.132202 182.276581 155.212723 254.880325 0.707556 4 180.833328 160.447357 205.789230 240.163818
001491,0.746584 6 445.785126 108.354172 500.463654 263.416718 0.807091 6 2.982929 95.576103 192.679688 161.682205 0.768855 6 97.615974 102.800591 433.594940 267.605042
001495,
001496,0.888550 14 392.992676 38.851322 493.868713 215.273941 0.622909 14 257.204529 55.600033 341.783234 221.759933 0.605818 1 83.384781 178.475754 205.180817 306.095520 0.923829 14 119.538185 110.484840 211.003983 290.367065 0.728079 14 92.807938 0.360912 298.040405 300.640411 0.761014 14 91.253677 109.354141 214.248810 296.962677 0.811186 14 163.105621 1.754882 294.675781 295.840057 0.552438 14 118.842812 109.510651 182.943069 277.790588 0.538657 14 235.215927 53.705708 357.299286 249.739883
001500,
001502,0.512095 14 232.222763 29.531294 256.806824 98.881203 0.938183 14 163.144165 61.622700 284.959290 214.957489
001503,0.669857 14 173.053238 91.945404 205.213425 157.947464 0.962701 14 289.231781 158.529327 338.713043 218.293533 0.560050 14 175.628021 91.728828 204.112579 125.206772 0.770840 14 117.644966 103.898056 148.874908 156.716156 0.659186 14 286.017273 159.273117 339.765533 299.851013
001505,
001506,0.894367 14 172.400452 64.170418 252.291412 354.120911 0.858683 14 35.712948 120.562286 115.855095 325.809052 0.592186 14 37.094940 120.560783 116.288918 255.151352 0.784097 14 324.193237 106.345505 424.716705 335.145203
001507,
001508,
001511,0.782081 14 345.874878 50.979969 365.594879 68.353798 0.908008 14 479.288452 53.950447 500.144592 125.916962 0.745719 14 403.583313 52.398674 420.118896 77.191071 0.937444 14 416.038330 51.697887 438.100525 79.506416 0.840025 14 383.255127 51.205658 402.441040 75.378639 0.762600 6 17.295868 16.656475 487.621704 202.448517 0.645712 14 370.078461 51.442455 386.562561 72.550537
001513,
001516,0.852797 14 377.760437 36.732281 404.475891 92.551346 0.528710 14 431.845123 25.917320 470.962036 199.278381 0.548042 14 1.249094 113.061691 20.326986 152.025208 0.972329 14 435.890137 28.547863 489.446808 203.177429 0.939645 14 295.582550 8.896044 352.094910 125.500984 0.968003 14 1.172442 17.252342 63.319401 200.505478 0.919905 14 375.572174 34.899197 402.949005 94.775833 0.801400 14 415.708252 16.981657 445.813538 88.856903 0.921876 14 399.664398 15.855762 433.114288 178.757675 0.512851 14 345.150024 21.155937 378.569275 97.201881 0.943440 14 337.548645 23.607353 376.257263 111.802834
001518,
001519,
001520,
001525,0.926921 6 161.140167 151.921783 322.882477 223.371277
001527,
001530,
001533,0.812192 14 344.666565 184.739655 500.267975 374.333923 0.805635 14 429.385742 184.627380 467.003784 253.989700 0.887951 14 0.937276 238.518250 32.652401 375.844269 0.966736 14 109.805656 132.232681 196.496628 291.563080 0.851858 14 101.792648 173.601700 139.794601 300.996155 0.948568 14 300.074738 60.344360 360.947754 313.941315 0.703106 14 101.804665 172.509384 130.396927 212.823517 0.531663 14 287.231079 61.628803 369.902435 374.520233
001534,0.559205 8 151.412277 196.485199 237.333420 285.293457 0.801043 14 133.680328 175.046631 157.625717 207.703827 0.586450 8 153.547913 195.577789 236.687714 356.485504 0.773700 14 130.618439 175.897354 159.260742 239.851974 0.742625 14 113.477982 178.142776 144.389267 243.826721
001535,0.690324 6 230.727310 143.256454 381.454437 189.899887 0.947332 6 228.966217 143.509048 405.651001 230.323151
001538,0.675338 14 21.965675 236.223740 41.386917 262.180054 0.975302 14 374.790070 220.866943 403.683655 317.231506 0.941242 14 395.195526 221.439713 414.682404 308.588654 0.549254 14 379.511932 220.528946 402.157410 316.541779 0.885137 14 232.157501 217.982452 246.604446 267.536346 0.938571 14 308.118500 223.675461 326.118134 288.515900 0.973354 14 344.889923 215.352264 373.171539 320.882172 0.504153 14 108.524193 181.805557 132.701263 254.569824 0.768353 14 346.272156 216.182510 375.208344 321.538513 0.913815 14 325.419525 223.337219 344.676697 279.911041
001540,0.779071 15 201.367981 230.170502 234.673584 283.912659
001542,
001546,
001547,0.619033 0 225.183670 104.975304 463.998077 177.781555
001549,0.512196 14 0.675651 280.627350 35.392105 358.715454
001550,
001551,0.506201 19 171.952927 42.672840 358.814758 169.974991
001552,0.772605 6 1.665529 69.309807 112.133530 176.284348 0.511605 6 1.338542 68.042358 438.828705 209.046722
001558,
001560,0.593904 6 2.032578 56.741631 67.508286 116.768608 0.582093 6 60.964851 95.518547 351.460175 243.326019 0.778458 6 0.955354 55.701187 16.377214 133.441010 0.803994 6 62.941326 98.069061 451.833557 349.455444
001562,
001564,0.931093 14 404.033508 157.983887 499.998596 336.855713 0.758772 14 403.890381 155.900253 500.237213 363.968262 0.949639 14 43.016724 182.653442 221.179840 374.281586 0.929900 14 263.613922 74.695534 399.431305 351.703583 0.647936 14 261.393005 74.919777 400.507080 313.346436 0.785727 14 262.913574 74.168007 406.040253 375.354309
001566,
001567,
001568,
001569,0.741919 6 255.527435 130.153137 374.238129 180.436142
001570,0.709656 14 262.106659 18.496326 500.352325 332.422058 0.618395 14 262.154724 18.064020 500.322632 307.076355
001572,0.572285 14 236.827759 75.080574 258.199310 98.859314 0.895347 14 210.799805 97.645607 232.854294 118.268196 0.833089 14 375.855286 97.951134 399.177948 121.378532 0.514772 14 183.199570 92.934853 212.889297 159.549042 0.937693 14 185.410583 93.013496 209.960464 121.114891 0.839000 6 1.356304 108.308495 388.354309 341.606140 0.517998 14 53.289829 114.243767 71.833519 131.796356
001573,0.683103 14 386.016510 208.969604 421.817383 237.389938
001574,0.738563 14 18.496521 121.345970 43.714169 169.893387 0.548742 14 84.735489 161.351761 175.079239 497.573792 0.780210 14 28.778000 156.912201 176.174713 499.745026 0.704772 14 18.667013 121.418533 45.275337 202.516434 0.865019 14 198.803268 125.557632 227.356598 169.512360 0.856511 14 0.685415 375.786011 39.965279 500.569275 0.509010 14 18.469622 120.688057 45.112644 192.659348
001575,0.853867 14 382.533661 225.057770 415.600708 347.381958 0.849806 14 292.330811 227.416428 312.149933 281.822540 0.853551 14 0.930485 234.665512 14.688101 291.149750 0.950245 14 413.830109 229.510147 443.846954 353.592926 0.613306 14 250.466492 11.070912 290.977570 146.978577 0.932539 14 27.926504 234.070007 44.961201 289.797424 0.891107 14 53.800041 235.420700 68.499245 286.192383
001578,
001581,0.784497 14 98.319519 166.508682 250.411087 435.326111 0.557814 14 96.584732 166.172394 202.938766 484.155121 0.667048 14 140.919586 110.202797 168.790314 156.970184 0.531860 14 134.888199 108.968567 194.208984 249.322235 0.728938 14 95.584396 165.041397 236.820190 483.283112 0.870060 14 192.259705 121.757980 241.051300 284.904114 0.973252 14 1.841619 16.654015 122.120674 500.287842 0.720932 14 191.633224 122.972694 250.064697 300.758057 0.866267 14 154.836700 169.614227 250.235672 396.076996 0.611218 14 191.792328 125.474678 252.454758 395.267426
001583,0.534748 14 103.962524 24.112432 146.919540 61.831200 0.783038 14 421.371460 112.564110 458.609283 146.450516 0.602600 14 203.529037 68.613792 241.710373 148.827057 0.701169 14 382.712677 54.455830 416.635376 124.523926 0.530363 14 373.618866 50.505550 419.277832 138.985703 0.955109 14 64.735748 25.031950 197.562164 247.555328 0.531519 14 94.078537 23.062860 151.293579 109.192314 0.948731 14 308.109772 26.615465 397.898987 190.574417 0.756943 14 317.915314 28.057594 367.423370 94.926529
001584,
001585,0.974178 14 170.741562 117.140816 286.592804 361.522186 0.725735 14 310.070892 153.466721 333.611053 181.794983
001587,0.578776 1 174.664337 263.074097 220.073929 316.572144
001589,
001591,0.787506 14 162.936401 62.740902 183.109894 97.388039
001592,
001596,0.742813 6 194.167542 -0.236429 281.801697 78.674614
001599,
001600,0.950216 14 353.311188 218.209213 389.251465 309.943665
001601,
001602,
001605,0.808819 6 213.224304 161.245224 291.301758 179.142944 0.839256 6 205.632080 162.342728 234.602264 179.423904 0.641313 6 208.674545 159.086792 336.374939 179.791138
001606,0.723004 14 358.212128 29.507896 464.620605 238.973373 0.570951 14 241.499603 5.785859 471.975616 247.264206 0.901498 14 2.507091 2.214027 143.789291 284.855286 0.550131 14 234.991028 3.165028 372.844940 282.525940 0.693483 14 236.470490 6.654436 473.573669 285.030579
001609,0.631795 15 108.787216 200.919220 176.125214 269.475891 0.516964 15 127.168289 137.974854 159.421936 184.543259
001613,
001615,0.537274 14 290.496277 137.276001 336.155426 195.050735 0.622762 14 295.424774 136.910828 332.628479 177.951111 0.564824 14 289.713959 139.327606 336.402863 237.497253 0.648807 14 160.430466 101.195969 193.909042 147.509293 0.932034 14 291.883972 138.695038 337.782166 260.805115 0.597391 14 293.130951 136.685730 334.576172 183.237961
001616,
001619,0.565195 6 2.450012 53.082409 222.348160 234.804901 0.527531 14 2.570748 1.384114 195.266937 193.082077 0.616194 14 1.351949 11.730212 93.722641 165.100418 0.565264 14 1.309689 11.528872 95.979408 183.590729 0.664945 14 2.729595 0.622128 197.854263 234.778351
001620,0.959523 14 51.175388 197.926285 113.967964 419.669403 0.768247 14 52.240993 195.988403 105.389183 290.504089 0.677507 14 48.765156 199.004196 109.810753 420.118591 0.934609 14 89.351067 133.933899 195.561417 405.730560
001621,
001623,0.894957 6 1.178167 185.219528 34.243187 215.567322
001624,0.962350 14 218.355057 63.391102 288.467957 176.794876
001625,0.980247 14 212.650955 121.426514 250.698120 195.329620 0.619864 14 169.146927 131.983932 182.331299 153.083923 0.974665 14 255.172729 122.998970 304.231537 195.271088
001626,
001629,
001631,
001634,
001635,0.627642 14 131.059967 136.290100 154.514511 172.649689 0.736769 14 110.598404 138.447861 126.701591 173.236099
001637,
001639,
001641,
001644,0.752455 14 388.076935 93.512505 423.180847 179.423065 0.937584 14 387.704865 91.890282 422.295197 144.875122 0.781635 14 365.983429 91.659286 395.886353 152.518646 0.886809 14 224.219620 118.818428 344.527008 330.624695 0.870247 14 365.296906 92.653534 398.237640 192.900253 0.959643 14 257.537445 119.259499 340.673248 332.022736 0.736429 14 365.358795 92.019409 392.580658 138.997559
001645,
001646,
001648,0.527225 15 394.057617 179.809662 438.330994 232.120193
001652,0.823319 14 60.312428 135.068619 161.788544 440.952820 0.612044 6 142.002075 183.434372 168.575089 218.635315 0.662774 14 194.546951 301.638184 214.104767 359.013611 0.584599 15 220.967422 137.217941 258.112854 188.345703
001655,
001656,0.946622 14 11.497136 1.852065 106.861443 275.683960
001657,0.789385 14 349.711212 261.593018 391.309235 318.376862 0.811151 14 330.905853 223.043579 352.408234 268.805389
001658,0.767805 6 119.395493 61.346676 376.703522 155.958939 0.902296 6 383.981567 41.446735 500.628662 175.630569 0.676337 6 215.738449 14.995241 399.128174 86.238365 0.566713 6 124.016777 62.898396 453.007233 342.496948 0.866281 6 321.598999 34.841702 401.195526 90.162346 0.896994 6 1.670526 17.386278 37.922859 44.315807 0.625950 6 105.528564 11.023029 400.373444 77.465508
001659,
001660,
001663,
001664,0.899712 14 60.999573 3.032927 326.633362 334.004639
001665,0.517613 15 364.060089 254.222183 462.065704 363.399902 0.699260 15 374.608246 218.890228 413.869873 267.754211
001666,0.535823 15 228.515091 100.695747 272.242432 187.435638 0.655869 15 378.234467 163.442902 430.982849 244.430801
001667,0.953388 14 244.876938 113.795471 300.590271 234.233582
001668,0.954055 14 201.831512 130.395142 263.399780 285.660187 0.967389 14 278.115845 156.014603 312.083221 277.387054 0.977284 14 121.727066 135.984909 173.392456 299.617401 0.812199 14 163.696365 211.628677 211.554810 294.031647 0.874858 14 203.283813 131.503204 244.366562 284.539093 0.928282 14 235.306854 150.036819 272.026550 281.111725 0.983020 14 286.396210 97.438431 378.747986 373.384827
001670,
001671,
001672,
001674,0.730106 15 185.436279 219.699020 215.427902 262.196533 0.724804 14 421.468323 171.881180 445.483398 195.989914 0.615151 15 152.956100 209.320709 180.183533 262.283417 0.707939 15 208.970474 203.102921 272.264648 262.930817
001679,0.532310 14 198.168488 249.170776 242.308029 314.316620
001681,
001687,
001692,0.772725 14 98.670815 91.536743 122.039078 122.811523 0.941551 14 138.359314 16.145319 200.596802 103.077866
001694,
001695,
001696,0.813938 14 286.144897 121.618591 323.472321 193.046921 0.705984 14 310.590363 6.559968 399.456238 175.835388 0.965406 14 123.488220 167.723175 192.897583 329.146576 0.946698 14 311.809814 8.832152 403.822205 330.741272
001697,
001698,
001700,0.554104 6 237.643387 93.501450 428.950592 132.802826 0.940109 6 250.970428 139.669937 337.182709 192.662201
001701,
001702,
001703,0.563892 14 364.423798 48.127209 394.396179 80.615845 0.639461 14 38.617626 25.632385 348.496246 309.048920 0.531763 14 1.033369 74.949821 50.901287 307.658875 0.668623 14 237.689133 25.318220 344.255920 307.131744 0.882958 14 241.273849 21.561058 446.734406 303.419342 0.812815 14 319.813049 17.870478 368.725555 83.938568
001704,
001705,0.878580 14 0.995916 222.638016 22.583324 323.894318 0.604574 14 168.155746 124.473297 194.305786 165.194687 0.668398 14 170.842117 124.240349 191.865677 146.730438
001706,0.590437 14 156.283981 91.693558 190.290100 135.033997 0.615483 4 194.854919 221.609726 212.429520 264.993652 0.975655 14 87.548233 55.671024 199.546127 354.239532 0.980609 14 269.730988 58.397289 377.054626 363.965271
001709,0.694939 14 262.979095 253.481979 292.062744 288.972229 0.965981 14 367.079132 132.714813 428.761078 293.363770 0.618790 14 351.085510 204.852005 394.175323 297.266571 0.803014 14 343.058258 204.824127 393.457092 332.759308 0.931870 14 365.728455 130.945007 418.107971 215.465714 0.863452 14 380.292450 246.068649 417.947510 332.623230 0.658104 14 260.123871 254.553360 294.464752 327.052856 0.606304 14 364.574341 130.603516 425.440643 257.710205
001710,0.962067 14 414.587067 94.619865 441.387421 160.541565 0.796515 14 75.281357 73.227036 142.122955 235.675171 0.945408 14 72.977242 72.593102 144.386963 348.464325 0.514273 14 284.258057 44.696644 422.653320 368.807587 0.958741 14 289.672394 43.587585 418.482391 310.358704
001712,0.699502 14 165.023315 41.291893 263.982880 373.797516 0.604074 15 2.610333 220.509171 79.805069 278.643982 0.614412 14 168.952438 41.945110 251.627350 234.888550 0.879000 14 167.893646 41.711624 368.790985 375.499969 0.565711 15 2.761770 221.218155 81.526222 277.070068 0.824420 14 225.262878 69.422836 367.499176 374.898102
001715,0.659360 15 320.605621 229.490189 354.906036 279.043091 0.768444 15 190.851227 198.824402 226.299652 267.538391 0.756590 15 318.270508 196.485306 357.147644 279.703796 0.849672 6 1.422126 300.373047 48.412712 334.401611 0.730117 15 195.074265 215.006149 226.269547 267.698090
001716,
001719,
001720,0.684365 14 241.564957 139.147614 295.948944 197.577087 0.953516 14 308.337860 150.792221 486.287109 373.094330 0.647381 14 3.795497 146.471313 157.775101 294.580902 0.684362 14 322.378967 145.451035 357.512390 200.152557 0.658647 14 297.661896 143.663788 358.254791 232.340988 0.934431 14 225.065063 137.514969 305.519043 206.728134 0.623922 14 3.802195 146.073212 137.456802 297.516296 0.570117 14 2.603009 145.876083 143.349487 373.858185 0.810022 14 295.086517 142.924988 357.783325 213.406036 0.862546 14 132.824646 136.544006 208.831390 261.990814 0.719938 4 103.871506 211.194061 129.045319 294.162048 0.666293 14 241.240097 139.671844 311.298492 230.308411 0.544884 14 223.454056 138.909012 314.492279 248.884155 0.856340 14 122.189346 135.438141 209.039032 228.750717 0.674720 14 3.852978 138.337891 204.894958 375.551544 0.929148 14 3.647044 143.432434 174.574615 374.152069 0.642734 14 54.089333 144.345032 155.128799 313.259735 0.554578 14 151.596146 135.570648 205.816818 207.221085 0.936864 14 273.916138 148.955475 488.272614 373.488922 0.694434 14 293.742737 143.507645 342.246155 202.927841
001722,0.967944 14 208.014053 184.237854 313.691193 374.133026 0.605496 14 0.918086 288.250397 29.066675 375.618866 0.954334 14 0.914618 287.102417 57.245914 375.688446 0.526490 14 201.910614 323.488708 231.761627 374.692261 0.975369 14 295.750397 167.776337 499.131226 374.117828
001728,0.730247 14 138.977371 113.634636 359.476044 374.641418 0.526259 14 25.243082 118.948189 150.485153 305.062775 0.863062 14 136.453690 112.256447 263.350861 373.996582 0.546065 14 10.015443 118.310463 251.968857 376.413086 0.952694 14 6.907448 118.424156 150.030838 371.060364 0.950240 14 253.863571 106.648697 447.504517 373.984528
001731,0.802791 14 115.863388 10.848357 163.936951 61.733803 0.622851 14 300.399750 173.838013 344.370636 262.928680 0.641363 14 79.878098 9.585615 170.360809 112.798111 0.674310 14 297.430237 145.933578 347.716064 263.624878 0.599382 14 83.215508 9.980969 173.698425 120.917915 0.775966 14 270.048187 183.000488 312.161041 263.793427 0.769123 14 86.929535 9.772056 167.620270 75.764839 0.646263 14 80.070885 9.631741 168.598145 81.017578 0.523602 14 243.509521 184.902893 345.725830 308.007782
001735,
001736,0.872159 6 113.821480 179.718643 475.074982 302.159241
001737,
001740,
001742,
001743,0.560965 14 171.244644 0.718994 203.529114 28.082098 0.809587 14 193.713455 30.754080 351.576721 250.671356 0.575941 14 206.786911 29.506960 352.239838 174.329376
001744,0.552786 14 263.310150 46.179165 290.134460 60.637604
001745,0.781179 14 223.606094 128.941284 251.266861 161.975098
001748,0.805906 14 138.209229 26.038326 204.664917 173.580536 0.534711 1 83.086929 86.619904 207.360184 246.530151 0.683544 14 135.458466 25.310946 206.828979 245.295532
001751,
001753,
001757,0.624516 14 99.736961 123.731987 212.441193 400.439087 0.575898 14 9.747360 92.197418 123.468895 241.115448 0.681883 14 7.154988 92.323402 102.089706 252.065216 0.748178 14 11.926367 90.588226 70.243912 185.815445 0.525300 14 81.036354 119.764771 158.242935 332.658966 0.820397 14 85.206787 123.311058 213.513367 340.076813 0.768817 14 82.409729 116.397606 133.725525 194.003235 0.532661 14 130.204147 129.650375 209.381378 342.003357 0.849185 14 81.143341 118.151672 135.746277 243.106659
001760,0.779978 14 145.620010 122.809006 193.983215 272.972595 0.790862 14 113.380173 279.426575 139.729721 345.791290 0.505268 14 2.078447 161.077484 91.755836 496.503723 0.908934 14 2.132926 159.430771 76.344772 329.699646 0.701075 14 53.015137 241.957413 78.858231 289.471344 0.956780 14 145.247391 124.691269 203.412811 343.386719 0.854215 14 2.061593 159.921585 81.356918 386.735687 0.514057 14 139.155289 124.748978 289.190582 499.617889 0.662701 14 2.105872 293.210327 93.890839 498.507263 0.870430 14 134.793121 273.615112 176.908279 340.318024 0.937468 14 185.650604 132.767319 257.580383 344.486908 0.918551 14 176.408188 260.464752 288.014160 498.652252 0.525462 14 184.041687 123.172150 287.943268 498.685364
001762,
001763,
001764,
001767,
001769,0.657297 14 163.050491 25.866497 285.221741 375.344269 0.559597 14 22.229376 344.484283 44.490932 374.840729 0.775551 14 1.061773 332.965302 23.287640 375.249969 0.501743 14 190.128876 27.710360 282.892059 219.886108 0.549198 14 162.422653 27.254463 267.921173 275.986023 0.541667 14 166.683212 26.219231 284.970337 224.323685 0.578193 14 166.456467 26.119362 256.753906 156.459305 0.795949 14 53.768776 28.063540 277.875671 372.407013 0.599808 14 161.105179 27.337465 312.138336 375.199768 0.782853 14 290.654694 37.950977 429.048096 247.406448 0.931207 14 286.356873 38.195717 438.501068 375.359222
001770,0.556375 6 56.015594 291.068237 162.200714 360.681458 0.529217 6 54.902348 332.729706 126.883316 361.830994 0.788502 6 59.495476 331.969055 124.727158 361.315857
001773,
001774,
001776,0.955435 14 70.667923 188.577179 166.101196 332.068451 0.523644 14 70.132774 190.687378 160.254120 292.940155 0.731154 14 103.079483 113.486633 127.256065 149.661179 0.754238 14 284.640808 11.578940 500.685699 333.452148 0.827471 14 481.591919 131.817780 500.028625 150.594147 0.951747 14 36.684990 90.734612 82.596016 167.920212 0.724858 14 1.713764 90.248566 74.652534 299.463837 0.875593 14 1.663726 90.745850 62.098991 193.650970 0.954684 14 233.597977 13.194387 500.922791 333.783112
001779,0.816626 14 215.301407 99.026230 234.455276 128.288086 0.839555 14 124.542168 22.683525 150.122803 102.284546 0.761924 14 318.282654 72.420738 340.309509 102.530266 0.808161 14 11.696399 286.136414 35.413792 325.756012 0.627488 14 204.936478 99.731575 219.636536 125.804367 0.949242 14 180.212997 87.699806 205.198730 126.985229 0.599406 14 263.249115 72.171257 289.052521 96.774033
001781,0.978883 14 240.173584 2.730160 460.286926 333.218658
001783,
001786,
001788,0.581417 14 211.017502 26.021017 244.217499 47.692173 0.772181 14 327.268616 53.936977 354.365356 79.886223
001790,
001791,
001792,0.809326 14 271.122345 26.051985 304.285278 54.773872 0.625711 14 298.297119 17.688301 329.586029 44.150043 0.606861 14 185.625717 25.924868 233.511459 113.771790 0.665992 14 130.515518 105.764549 156.145370 145.468445 0.524491 14 141.035767 39.396248 171.266907 65.274498 0.553846 14 85.792870 36.299030 131.752213 85.789268 0.632930 14 374.455963 21.976835 453.121094 166.052063 0.693093 14 5.771324 22.866913 85.940735 102.583427 0.580570 14 29.263538 22.963491 73.623802 58.546471 0.840461 14 344.561920 18.802919 377.275116 48.830826 0.800574 14 431.680054 20.568626 483.191467 108.237350 0.637133 14 321.244659 26.170504 375.949738 74.771515 0.510481 14 409.577057 14.037792 449.236084 121.283051 0.819717 14 236.690826 30.718056 268.549866 54.990097 0.838651 14 429.271057 19.865297 486.461151 160.930130 0.575754 14 231.463547 29.991758 270.034790 73.727280 0.836698 14 375.780975 26.736118 434.318207 156.796097 0.736227 14 124.687309 39.711384 183.695190 148.564255 0.513415 14 174.865631 96.578430 198.859634 157.175812 0.554182 14 327.322113 28.203867 358.040283 52.567299 0.778204 14 389.689117 27.989500 422.722534 56.983753 0.554677 14 407.262512 13.645385 444.333496 82.461845 0.626524 14 269.238220 23.960527 316.203430 70.847153 0.760236 14 23.349606 22.111923 85.225769 80.122833 0.797911 14 157.940491 27.110744 236.270798 161.356689 0.638095 14 325.269836 20.097231 380.814819 74.962891 0.691880 14 3.214184 23.646391 88.688225 155.021317 0.754688 14 340.781738 17.620396 382.405945 74.397980 0.838088 14 127.757668 39.687809 183.111969 128.338837 0.751661 14 436.382965 19.862640 470.521790 48.154957 0.816695 14 89.657562 36.614079 131.033630 72.776299 0.791835 14 20.898193 22.636135 83.952408 98.839256 0.780635 14 133.336746 38.947651 177.942627 80.995956 0.648265 14 411.238098 14.452563 445.102661 57.340492 0.867998 14 320.347870 21.019653 384.553345 164.143890 0.690558 14 85.100769 37.062771 136.102325 142.853577 0.545620 14 191.153320 26.444086 227.446320 60.725014 0.619762 14 31.733110 22.706234 73.022682 54.434830 0.690571 14 267.073853 23.274179 339.947723 160.643173 0.577832 14 382.722565 23.076780 429.219421 163.661346 0.510671 14 91.933456 35.767979 130.492493 75.663712 0.889463 14 296.648712 17.218241 334.806641 58.757885
001794,0.947538 14 135.714020 96.785370 154.694931 127.740669 0.963987 14 45.890350 22.907610 105.395294 319.411865
001796,0.728781 14 210.960907 72.043655 248.909286 111.289131
001798,0.922936 14 423.570343 3.973368 489.425720 187.371414 0.557180 14 264.027130 1.071289 337.395599 64.526505
001802,0.980878 14 127.135155 37.324955 197.117920 333.704865 0.969577 14 194.020081 51.040688 293.018463 315.066742
001803,
001804,
001805,0.725416 14 323.418549 8.628208 500.659180 331.415283 0.705963 14 30.679293 45.946598 157.735977 180.474396 0.693589 14 1.644418 44.933258 158.077240 331.552460 0.729292 14 4.963048 45.839108 158.153809 226.021744 0.837802 14 325.152985 7.573270 499.343994 233.027542
001808,0.502590 14 373.996185 80.870544 484.602020 276.367828 0.671498 14 369.317566 68.812653 446.389526 276.620544 0.894419 14 426.806366 84.710037 500.175110 330.670044 0.768799 14 370.493652 69.764755 451.355865 274.080627 0.967043 14 1.210097 78.408852 56.321838 311.830750 0.973471 14 252.616379 63.522991 348.612640 317.450104 0.906138 14 367.521240 68.236107 424.057007 223.349167 0.808877 14 369.642578 68.597168 458.805603 330.301971
001811,0.757814 14 25.055971 68.911598 58.063442 132.392166 0.538799 14 23.321918 68.849022 61.360195 231.473434 0.511259 14 24.628645 68.898552 59.338196 158.077621
001812,0.973164 14 183.835846 123.149605 249.739014 290.094574 0.744835 15 329.090240 266.718353 359.293335 307.578217 0.766707 15 210.658371 253.209229 279.011536 351.149841
001813,0.714042 14 37.755829 233.590363 61.741764 259.025452
001814,0.549704 6 23.663729 0.085210 137.868912 100.159317 0.645003 6 1.328567 84.253716 33.016525 115.869225 0.616301 14 311.357361 91.645515 365.090698 195.595291
001815,
001817,0.640492 6 40.411453 288.434540 144.325729 365.357605
001819,0.783219 14 98.810112 58.575584 155.508194 421.806122 0.716423 14 95.307777 55.979149 178.279999 335.427917 0.617479 14 101.810173 57.952675 151.598877 170.058319 0.782376 14 99.806297 56.261230 158.526733 341.371429
001820,
001822,
001823,0.762550 14 65.818787 76.211952 168.861008 269.287170 0.613378 14 87.034370 74.980988 165.810074 268.835907 0.731487 14 66.704185 75.768288 168.781067 346.604187 0.567397 14 68.548767 76.378494 149.128235 343.667664 0.521961 14 87.735313 76.803200 165.925690 351.572845 0.584540 14 66.195564 75.830360 142.827362 267.786682
001824,
001826,
001829,0.573511 4 37.126118 372.721741 83.218361 498.097900
001831,0.894577 14 184.252014 77.161964 265.001465 280.255371 0.588465 14 142.084503 80.421425 189.744644 124.934807 0.905546 14 304.047729 55.841690 497.566010 267.407104 0.854817 14 247.792419 79.389519 328.727905 282.465912 0.889766 14 81.641830 81.728096 210.829651 281.749023 0.593585 14 81.517151 77.743538 270.764893 281.714417 0.505772 14 248.038177 78.978340 323.040558 245.795090 0.741470 6 1.225078 113.520775 27.203533 135.665466 0.573791 14 135.369934 79.359589 202.384155 173.609604 0.549068 14 191.328827 78.179260 376.424683 281.443634 0.837641 14 252.636398 77.886208 313.948547 148.381165 0.642010 14 254.798203 55.483574 497.501587 280.653992
001835,0.735498 14 0.880145 -0.386808 100.242455 366.846130
001838,0.815466 6 40.481419 46.740131 468.470673 254.249786 0.554929 6 37.703426 49.165215 476.712067 332.467194
001839,0.890752 14 189.710251 0.098487 225.918304 131.139877 0.762891 14 354.264038 0.635125 443.706909 297.533173 0.763730 14 92.670601 0.029482 119.602554 134.074997 0.799675 14 351.807953 -1.262348 404.926300 144.558121 0.558563 14 164.351151 2.030387 232.099899 319.415588 0.500844 14 1.537159 1.648027 123.438591 347.438782 0.728004 14 159.257202 -0.174366 224.762238 136.664612 0.824244 14 157.953400 0.241823 192.350845 153.761230 0.786773 14 92.562645 0.125896 173.494125 349.082306 0.936595 14 2.480201 1.230206 169.324219 351.305664 0.962683 14 314.207153 64.633629 359.976807 146.288345
001844,0.863922 6 140.117920 110.583038 288.407013 211.036636 0.886459 14 116.522369 54.317627 149.760361 90.139359
001846,
001848,
001850,0.895310 14 231.059967 160.513565 258.004639 219.877106 0.957106 14 251.470352 158.421783 277.228577 219.717850 0.956244 14 228.048706 139.346451 263.687225 219.634766
001851,0.914679 6 1.525084 71.598877 64.418213 121.599457
001852,
001856,0.779807 14 73.308762 185.616409 122.476189 282.688446 0.622995 14 73.038055 96.378929 131.270996 305.020203 0.830691 14 67.835220 191.892792 85.697006 243.420166 0.827415 14 67.593765 190.863983 86.862953 283.825287 0.858734 14 111.313370 181.498352 130.572083 219.887344
001857,0.640396 14 139.019348 39.584011 177.379868 76.336716 0.603400 14 3.174707 0.335522 144.597778 146.958450 0.751685 14 478.989349 1.565818 500.059723 126.689278 0.919984 14 399.054718 2.487011 479.998779 127.256783 0.931522 14 168.962723 -0.180194 245.937790 106.348335 0.640776 14 320.715271 0.602340 394.477386 121.257057 0.863550 14 87.691467 0.650710 144.530685 44.596462 0.772859 14 164.152664 54.048813 196.694870 94.739937 0.690235 14 226.180405 0.315411 334.830505 117.120934 0.505482 14 86.141289 0.680122 142.527603 87.908417 0.907204 14 328.439758 0.677476 481.217682 124.144478
001859,
001863,
001865,
001866,0.841975 14 28.064255 1.467726 142.563919 222.808060
001867,0.569613 14 28.095545 85.219261 51.264675 214.190552
001868,0.706333 15 247.374039 189.871765 277.802795 230.690384
001869,
001871,
001873,0.580894 6 209.401840 64.411537 448.847290 175.847198
001874,
001876,
001879,
001880,0.541207 14 303.188782 230.741272 327.726624 255.819260
001883,0.784654 14 430.349731 171.348846 483.833771 228.376877 0.752366 14 23.166750 19.666565 95.572723 172.089447 0.838729 14 431.339264 170.599136 480.915619 215.844635 0.531491 14 434.541443 171.046921 466.641449 209.229706 0.896322 14 1.022447 19.749313 80.888374 210.411453 0.736008 14 24.533052 19.883419 95.587654 144.567719 0.552822 6 91.108757 123.498222 441.979340 291.414612
001884,
001885,
001886,0.970935 14 93.016785 43.088604 194.579529 376.056000
001889,0.981097 14 372.977386 90.643402 438.671539 250.943451 0.985609 14 121.832047 80.868408 181.501572 242.786453 0.944868 14 328.680420 96.602417 374.724548 281.969849 0.784830 14 269.835419 116.234245 350.660278 288.345612
001890,0.921958 14 0.739787 2.940114 110.874489 375.175690
001891,0.970726 14 405.707458 0.255950 469.041626 155.479828 0.921009 14 1.159359 2.704265 40.590092 151.648499 0.501836 6 71.688248 20.895191 430.012451 282.424438
001893,0.820490 14 163.681793 197.862717 186.427536 298.831665 0.505819 14 90.088226 278.877899 110.600082 354.516022 0.976129 14 250.744385 269.778229 279.949310 388.974579 0.851783 14 12.011487 262.760590 53.351349 350.187531 0.794465 14 42.765228 266.109344 63.291264 338.642487 0.923585 14 103.556213 278.397003 119.037338 338.891479 0.544181 14 78.129486 277.331329 92.641205 338.574493 0.967639 14 88.882179 278.172455 109.141678 354.036072 0.902128 14 52.704575 274.817108 70.102737 330.602600 0.899454 14 197.674759 276.450592 217.958252 312.913574 0.755711 14 163.145798 196.677505 187.807358 330.872894 0.975002 14 8.144245 262.666748 64.743530 441.468109 0.845921 14 236.275299 280.416412 252.233368 325.483246 0.940542 14 74.824257 278.074249 90.543327 333.316284
001895,
001897,0.704961 6 1.078939 106.468254 32.573521 173.198257 0.701675 6 23.266777 71.924873 485.500458 235.634766 0.736398 14 43.589451 133.606339 62.036751 159.564133
001900,
001905,
001908,
001909,
001910,
001912,
001913,0.917645 6 1.505032 83.546989 79.817627 170.652695 0.897928 6 140.869705 66.688492 463.998810 161.480408
001914,0.620667 14 64.449104 27.527868 229.838394 481.859375 0.570563 14 2.169320 54.832325 129.270721 443.861237 0.530516 14 53.569996 27.382671 228.912659 489.389526 0.768776 14 57.645473 27.683943 194.834305 424.169373 0.541647 14 103.220299 27.166948 196.465012 462.392975 0.917648 14 1.758741 55.113674 128.258133 500.146515 0.764984 14 68.189301 27.554974 215.023087 480.972351
001916,0.537638 14 268.099609 59.031818 296.841370 106.183487 0.936567 14 404.826355 62.093246 466.032990 179.715515 0.591988 6 3.375292 1.089872 202.090820 99.731483 0.627988 14 322.433105 68.848335 387.878967 126.027557 0.924169 14 448.331055 39.528717 476.971619 100.576576 0.721692 14 417.836578 56.138916 468.275146 151.244354 0.927466 14 157.302765 76.637733 212.478912 200.906281 0.733726 14 262.790649 48.801456 294.653931 105.545006 0.664965 14 418.582764 62.737858 461.598175 151.391663 0.827961 14 435.283691 40.016762 473.752106 166.569397 0.718766 14 415.038513 62.643799 461.546661 173.643906 0.750442 14 147.105316 40.506523 185.906097 201.334854 0.860256 14 422.649597 34.228939 459.185974 103.317261 0.781495 14 120.763939 76.854698 213.608704 203.094284 0.528824 14 321.437469 69.339401 386.930420 153.367218 0.516488 14 160.703354 75.510376 211.745438 139.386398 0.782888 14 284.590790 70.588486 329.509247 190.627563 0.879735 14 151.141678 38.227345 182.871826 102.045837 0.557809 1 102.088005 124.309486 196.400757 209.654770 0.552025 14 428.356262 36.647907 455.575317 72.617355 0.956557 14 325.531860 70.426971 385.275208 168.758072 0.734678 6 266.435730 13.917701 496.713806 93.819977 0.934417 14 285.605255 71.258621 328.215424 116.311691
001917,0.599501 14 183.783081 159.032059 209.959808 202.907806
001919,0.833602 6 201.636673 59.025288 352.083496 157.223206
001921,0.892421 14 18.503691 243.534760 33.243687 297.165009 0.662303 14 95.428032 118.597328 217.172211 435.160278 0.622823 14 28.625441 287.070587 78.015839 417.425507 0.704857 14 0.846406 245.201050 12.069451 283.721741 0.509108 14 0.856136 247.763214 23.407068 449.274658 0.943533 14 63.866695 241.128952 80.825371 304.027222 0.948024 14 34.236900 242.549881 48.481594 299.372314 0.909379 14 76.077995 242.085846 91.550232 301.181152 0.777774 14 42.657024 282.844635 75.963531 329.402649 0.698982 14 28.731812 287.581573 79.379967 411.132751 0.565758 14 50.000393 239.806915 64.664955 295.361298 0.813438 14 59.068768 228.070892 75.697983 301.008575 0.903302 14 8.635017 244.780457 24.807255 294.600647 0.722708 14 22.715519 287.487671 85.164619 455.751007 0.918922 14 97.530510 115.712524 217.290939 370.111664
001923,0.577470 14 312.328827 94.178642 325.449951 120.203934 0.855289 6 248.016602 105.427193 292.723358 134.521545 0.983669 14 419.802612 114.947594 468.429504 227.748398 0.965474 14 461.465240 91.004730 493.260071 160.210999 0.834240 14 450.827515 92.956673 468.902985 159.748840 0.651750 14 422.227997 89.342415 456.195374 225.078659 0.923795 14 400.251007 91.967468 417.976044 141.605133 0.945673 14 417.023804 88.556419 444.143372 171.856339
001924,0.638422 6 83.268883 96.016579 446.049225 272.191895
001925,
001926,
001929,0.631437 0 210.548248 144.629944 364.660339 195.827332
001935,0.960337 6 359.425476 181.927338 429.884125 214.207016
001939,0.506484 14 186.660217 123.061989 209.876099 208.911743
001942,0.885289 6 326.513092 -0.087747 468.055267 69.630493 0.805979 14 157.727417 8.748834 182.442810 37.550121 0.645771 14 156.112183 8.326448 188.579926 63.655396
001943,
001946,
001947,
001949,
001951,0.770907 6 7.632628 29.411066 485.591064 267.058044
001953,0.778566 14 331.092865 164.346863 365.859711 210.620010 0.942914 14 331.012573 162.297882 393.699127 215.016052 0.955864 14 453.275818 168.010345 482.149384 212.290527 0.891699 14 82.074959 127.987610 112.437263 158.518234 0.937626 14 352.921326 157.086182 385.828644 206.666122 0.704598 14 331.609009 164.992477 358.240173 204.591705
001955,0.519298 14 365.463043 14.808933 395.238800 77.029236 0.806917 14 320.704224 107.192970 348.033539 173.646378 0.533198 14 5.925855 152.121933 31.605772 191.738251 0.550319 14 219.977585 180.391998 258.639526 317.886658 0.648357 14 216.799164 175.323227 251.075958 206.177353 0.500323 14 321.112823 106.825569 344.652008 146.971298 0.554099 14 364.926819 15.728827 409.171936 133.345978 0.557772 14 297.575684 104.490387 341.777649 172.394775 0.524550 14 369.364075 17.045433 398.186340 58.373119 0.855353 14 52.540623 0.502619 84.275597 50.988808 0.927804 14 213.810425 177.551178 254.986404 318.266418 0.926281 14 247.399597 184.569412 305.314941 318.938202 0.633653 14 263.764587 182.945145 299.271271 217.804962
001956,0.595117 6 177.838867 115.838524 476.833588 240.184998 0.534273 6 178.792191 117.237160 478.958008 280.957092
001957,
001959,
001961,
001965,
001966,
001967,
001968,0.693032 14 18.411531 98.863388 148.135803 373.947571
001969,0.923471 14 86.933876 120.409241 132.318405 283.779999 0.709136 14 421.831696 122.499771 442.295593 140.616623 0.925152 14 16.352592 102.362625 53.004837 211.714371 0.836686 14 15.124192 102.892883 57.448154 284.076050 0.644043 14 85.397652 117.942551 123.708748 191.375595 0.589546 14 14.779382 101.281998 50.518372 162.963013 0.694133 14 87.506729 117.663795 122.716087 162.216904 0.741457 14 178.070679 31.922682 265.283936 332.980072 0.854178 14 46.751591 112.273911 100.561264 287.261505 0.666695 14 87.142845 117.651047 125.393494 197.920654 0.560238 14 49.873432 112.379868 94.581894 192.615219
001973,0.626381 14 210.623749 40.075752 282.333893 171.437469 0.642718 14 4.084504 33.038109 252.980560 274.980469 0.630309 14 207.990219 41.876820 293.226013 172.832184 0.640508 14 175.598938 39.530445 300.359344 174.264709
001974,0.969700 14 404.440094 167.520020 451.347412 232.703812 0.973054 14 257.302765 169.572220 285.661469 243.670837 0.883531 14 124.444458 177.535248 156.537476 217.965912 0.975285 14 100.063751 178.874756 128.420456 254.856140
001975,0.909395 14 162.091095 58.173431 223.026535 106.070839 0.616881 14 351.562256 59.694340 415.213776 136.166687 0.662478 14 344.909882 60.104084 438.520569 167.742065 0.680782 14 345.284180 60.244064 469.015381 168.418564 0.810794 14 267.372375 54.659798 335.074768 122.385193 0.661408 14 2.430439 59.935368 118.549278 249.299881 0.718831 14 154.069717 57.127262 222.538177 120.374893 0.552178 14 108.282867 193.337341 170.623367 248.010818 0.874991 14 3.116667 59.358517 160.595291 248.102921 0.506685 14 267.030365 53.409599 364.864960 155.459183 0.709004 14 339.938507 59.600628 462.834351 170.780289 0.599635 14 111.504616 96.467583 144.035812 119.183723 0.934679 14 336.772064 60.800812 490.355865 173.217255 0.693261 14 267.860046 54.669289 328.273346 109.983955
001979,0.591156 14 142.457199 322.303650 171.825134 418.832367
001983,0.624086 6 2.680406 121.705215 354.303589 226.980713
001984,
001986,0.590034 14 3.091529 74.309891 193.159882 332.703369 0.627093 14 109.344574 73.110062 188.168015 169.293610 0.557093 14 2.387375 73.800995 195.603455 333.494263
001987,
001988,0.837504 14 9.336831 64.781548 208.845886 495.757111 0.788930 14 88.715279 63.432590 212.643616 390.887085
001990,
001991,0.859370 6 340.962097 78.721558 500.160980 196.733688
001992,0.967258 14 21.768562 8.933265 212.963638 376.006012
001993,0.655054 14 69.391228 292.865967 163.681839 498.330322 0.776831 14 66.881332 292.627563 163.134094 498.538422 0.591840 14 55.077507 293.576904 228.701553 500.177917 0.723726 14 148.832626 331.572632 238.078156 498.514496
001994,0.637011 0 221.062622 98.558868 427.106384 170.173706
001996,0.885905 6 421.515961 180.576904 487.425598 214.289810
001997,
001998,0.579600 14 271.422668 126.618279 322.688660 186.018814 0.729981 14 325.715118 63.913063 394.388031 270.698090 0.957584 14 276.029816 63.859219 396.976959 273.345703
002003,
002005,
002007,0.612843 0 144.948074 112.973618 253.885895 217.237534
002008,0.658118 1 77.150658 211.411163 145.873566 317.602448 0.942930 14 77.917740 139.721786 143.603577 228.116669 0.619887 1 76.300713 208.983063 145.829926 317.493530 0.888584 14 65.037994 87.798538 145.603210 264.327362 0.783034 14 90.827950 206.066803 122.989037 264.625793
002009,0.684928 14 281.280975 162.299957 308.653320 236.299683 0.898981 14 280.218445 162.870010 322.182281 281.562988
002010,
002013,
002014,0.513396 0 134.507629 147.963287 189.860016 198.942535
002016,0.830029 14 40.122112 237.142151 67.032906 333.369873 0.961483 14 35.997910 236.863373 79.756615 333.535278
002017,
002018,0.534064 14 167.274307 15.164495 234.531693 76.481178 0.587076 14 241.582550 2.266895 273.139923 67.350960 0.606126 14 172.840179 15.623567 235.595459 56.999210 0.777572 14 225.185089 14.271241 277.382507 70.068748
002026,0.537179 14 141.198578 140.768906 268.443207 333.479706 0.560681 4 403.848663 227.617783 437.613098 363.519012 0.657756 15 365.417938 143.886169 396.249786 198.233597 0.632425 14 140.083313 140.556030 264.602112 262.378479 0.804936 14 141.507385 140.312943 394.577972 328.569489 0.623396 4 401.502502 292.969910 428.661346 363.946075
002028,
002029,
002031,0.946574 14 173.564377 39.822021 277.416199 130.973007 0.653166 14 165.683807 34.842129 209.070145 81.463730 0.665158 14 158.057587 33.727829 213.086578 136.655548 0.511422 14 431.207184 27.775566 464.225769 64.484650 0.865366 14 122.733765 107.404083 152.270737 144.673630
002032,
002033,
002035,0.539346 15 53.899712 65.577805 85.754906 101.123123 0.531926 15 196.218735 111.501572 225.012695 139.703766 0.582011 15 40.795135 64.275475 85.302948 118.495995 0.565815 15 321.517883 56.369713 372.406769 122.069389 0.675441 15 90.512489 76.297768 128.359329 115.264404
002038,
002040,0.504271 6 10.049496 12.769919 120.194199 120.171448 0.958349 14 59.737244 12.891068 89.190254 121.903511 0.864917 6 335.946014 33.659565 449.026215 105.735634 0.751279 14 339.643311 12.821666 366.270020 94.002090 0.946000 14 418.556396 -0.519930 453.516418 106.913101 0.937374 14 286.529022 7.775577 311.805939 53.478958 0.710052 14 57.435757 12.588957 82.572693 119.163788 0.622376 6 96.368874 39.350700 325.404816 128.627258 0.790148 14 340.120087 9.972784 364.068573 96.290604 0.890416 14 165.892365 58.802380 210.657776 111.457047 0.715086 14 249.238190 54.445251 298.805542 108.265221 0.875827 14 159.225067 16.285625 181.810699 52.101433 0.645037 14 423.838013 -0.227186 453.517731 61.790115 0.562856 6 340.975586 19.160837 432.044373 79.580856 0.952427 14 368.291077 6.329186 401.931458 107.739876 0.887060 14 342.114624 13.264579 362.356476 44.099335
002041,0.945327 14 185.589493 135.833969 261.378784 271.932434 0.549551 14 192.288162 133.289627 220.632019 172.663635 0.533740 6 17.721766 157.589752 191.981705 210.175949
002044,
002046,
002048,
002050,0.962218 14 136.013275 127.559258 202.340820 425.500092
002052,
002053,
002057,
002059,
002060,0.947154 14 195.577194 151.900955 302.273071 334.197998
002062,0.647447 6 331.505585 28.963488 500.455139 120.634430 0.730800 6 334.482086 85.249313 455.730865 123.552895
002065,0.636194 14 76.961922 29.045496 397.915649 213.438110
002066,
002071,0.558442 14 207.930542 75.188225 253.990204 171.487900 0.947027 14 79.349052 113.412842 137.597870 201.521210 0.515713 14 84.294289 112.248154 118.161720 152.800598 0.664628 14 80.824326 112.723366 119.752716 197.292770 0.926481 14 206.540100 76.228271 267.328217 274.423523 0.574493 14 205.857773 76.801338 256.062775 229.349625 0.574750 14 89.385284 113.365112 130.644287 197.251236 0.550641 12 157.394348 122.950256 398.750305 275.425995 0.829946 14 278.030243 102.703949 325.303162 249.944382 0.559758 12 157.505600 127.732559 382.040649 276.196136
002072,0.908600 14 168.975601 28.439798 263.893982 238.702118
002073,
002074,0.965203 14 205.792023 92.028862 253.463120 266.029480 0.807750 14 111.035431 104.336655 156.539017 164.757278 0.595655 14 153.391190 63.955437 177.036819 88.661667 0.820028 14 113.153236 104.670380 154.267593 154.438919
002075,
002076,
002077,0.890332 14 2.513520 36.244869 277.771881 501.032288
002078,0.537947 14 281.630249 69.964668 328.028412 115.314224 0.674470 14 130.776199 89.264862 158.247314 113.833298
002079,0.940936 14 183.266235 36.616467 294.234344 374.305237 0.969765 14 285.100403 79.073128 391.737152 373.686646
002080,0.761639 6 2.619088 190.233185 195.994736 306.788544
002081,0.656073 14 67.738007 150.040527 99.700874 204.379135 0.677407 14 66.879700 149.301270 101.608612 215.579559
002084,0.790211 6 17.099709 43.149227 135.854874 103.044144 0.738001 14 169.419144 2.443783 377.171356 375.203583
002085,
002087,0.852820 14 105.970963 131.223129 167.417511 370.157410 0.935703 14 117.062897 130.464462 224.996872 374.780273 0.959170 14 1.211947 152.456787 35.555145 354.207733 0.570280 14 120.437309 131.917984 166.463593 269.103302 0.886621 14 124.135979 130.667664 166.094803 214.527008 0.556215 14 1.361293 150.419922 24.532509 197.341782 0.978804 14 48.248550 134.115982 124.159088 340.408813 0.959185 14 189.704269 99.332932 338.790497 374.828888 0.699691 14 118.403091 101.163757 340.067688 375.179474
002089,0.636720 0 163.477753 107.709236 311.853485 141.222916
002092,0.593420 15 21.512327 267.025543 58.452347 312.863281
002093,
002097,
002100,0.536504 8 146.447525 234.115585 186.350479 282.979034 0.730559 8 205.769836 231.190994 240.487152 281.311920
002103,0.779614 14 116.082664 104.284485 145.966202 136.896927 0.558866 14 371.829956 237.622971 402.903839 267.204803 0.701057 14 76.342178 156.754852 101.419762 190.426941 0.657247 14 113.083611 104.795219 148.954132 177.384552
002105,0.533989 14 272.052612 69.900169 349.193054 182.956207 0.794921 14 112.679497 27.852785 137.489487 49.397015 0.927822 14 266.740936 70.119781 346.215759 152.612061 0.606462 14 246.925766 69.679810 352.164093 184.876022
002106,
002107,
002110,
002111,0.976891 14 217.442413 89.004921 294.450928 229.824570 0.966150 14 310.569214 112.278969 351.047272 195.456802 0.793172 14 385.485474 121.009079 412.049774 167.269424 0.521603 14 3.689475 51.419689 194.201294 302.070770 0.519457 14 317.437286 106.486137 397.120178 216.452057 0.977618 14 332.094818 106.251511 388.630768 213.378021
002113,
002115,
002118,
002119,0.908392 14 164.524185 65.215530 250.362091 321.329102 0.529001 14 3.243126 4.139833 149.002350 275.107239 0.516741 14 94.402237 59.155975 218.719589 350.702820 0.786452 14 1.499740 115.974083 30.682846 172.852798 0.716387 14 162.447021 64.535194 256.478729 214.668137 0.922524 14 1.227572 117.859215 30.695169 276.782257 0.794866 14 79.061066 34.240479 163.797592 363.868866 0.569120 14 91.984810 40.792919 138.445572 143.951538 0.967983 14 30.610733 5.462196 162.785522 374.844116 0.587671 14 119.718369 69.028099 149.787186 147.051819 0.532688 14 86.433563 37.547997 154.283234 371.960449
002121,0.913535 14 14.813274 25.447123 249.180557 345.721893
002122,
002123,0.710365 15 46.095589 256.633118 86.420334 310.257263 0.639022 15 85.001785 254.590500 114.009148 302.755035 0.739842 15 84.743622 253.594437 121.083870 302.223663
002127,
002128,
002130,
002131,
002133,
002137,0.964483 14 59.423061 115.717041 105.725258 260.672394
002138,
002141,0.908841 14 40.392879 136.136505 66.847755 184.975769 0.935897 14 41.787651 136.870056 60.978672 186.218231 0.937802 6 1.155589 140.486404 32.133522 184.704346 0.916199 6 181.356979 124.853737 247.880585 173.295013 0.861617 6 58.031944 133.666183 106.940392 177.854660 0.659160 14 21.458603 53.330437 196.863190 437.949127 0.916903 14 99.652275 52.427067 206.304810 442.668152
002143,
002144,
002147,
002148,
002149,0.865623 6 87.127464 164.181061 420.815582 281.745758
002150,
002154,0.687674 14 43.272911 62.004517 88.635948 128.489883 0.668307 6 327.782288 91.779922 430.856995 170.674866 0.752026 6 3.974691 86.555405 211.543381 172.136993 0.523381 6 8.664667 85.938805 363.575378 297.144592 0.593835 6 1.927465 89.219322 87.718803 129.878891 0.900789 14 53.306606 62.400913 87.019699 95.615166 0.874037 14 41.246723 65.724838 62.881580 110.516129 0.523331 6 2.398461 85.878891 366.167633 298.384857 0.587945 6 315.780060 89.515190 461.393372 170.529129 0.506673 6 2.422325 91.925117 136.136047 180.495453 0.898976 14 142.317062 69.275070 169.560104 92.876907 0.585343 14 39.115639 67.788551 55.697926 98.793541 0.937880 6 322.089050 86.873573 481.072571 148.163559 0.830410 14 329.295441 79.051476 355.471710 113.672981
002157,
002159,0.908193 14 119.878799 23.743149 430.827118 374.189972 0.579877 14 124.683899 54.588497 429.717834 373.312622
002160,
002161,
002162,
002164,0.828456 14 218.297928 100.053810 272.786621 269.631531 0.859804 14 278.558960 33.056908 445.176361 346.044037 0.959918 14 226.096481 33.000729 447.244781 346.623840 0.551580 14 225.143295 102.148285 250.014877 137.106033 0.604021 14 219.665802 33.631100 438.547760 272.591400
002167,
002168,0.611201 14 261.478607 181.004044 289.541718 241.094696 0.546853 14 266.049194 180.514084 294.006775 237.491150 0.919041 14 203.235107 175.737747 235.541656 241.452530 0.628989 14 149.192444 188.247238 167.024384 228.652573 0.523210 1 102.860222 230.163620 144.857376 324.546539 0.977181 14 401.755829 178.383591 445.516327 309.183319 0.599854 1 335.652679 236.736664 377.608978 301.025452 0.755684 14 96.462936 174.313370 147.788879 267.096924 0.512067 14 99.604431 172.438797 132.896927 230.140396 0.926139 14 287.895905 183.991806 314.280823 289.867859 0.529482 1 263.756531 227.130890 313.069916 301.593170 0.810257 14 230.930527 183.383118 251.934891 239.518097 0.502119 14 147.014130 188.438278 170.922379 255.996384 0.728661 14 262.086517 182.792145 298.702789 262.043457 0.854325 14 97.582840 173.268661 144.054657 253.139664 0.931365 14 200.146835 177.556366 244.204834 299.453827 0.576812 1 263.040314 231.963486 308.775421 302.785065 0.674895 14 206.216980 173.704254 234.346909 217.615509 0.548506 1 196.190796 225.838608 246.536835 309.877319 0.815687 14 224.078705 186.947159 250.232666 288.548370 0.945569 14 147.021774 188.179779 169.022766 250.102921 0.958886 14 95.799744 173.883270 146.343216 303.030029 0.914674 14 261.500610 183.145004 300.322479 285.749664 0.979687 14 323.080902 181.927841 354.579559 292.919830 0.698615 14 261.979706 182.026901 295.210663 252.648087 0.692107 14 285.763672 182.360123 311.977509 245.431427
002173,0.657481 14 120.193100 3.128496 329.276215 333.255157 0.512240 14 121.500488 2.992317 501.297638 333.793610
002175,0.814178 14 300.246643 136.762390 315.021942 163.894287 0.604871 14 344.938110 105.194649 363.295319 141.321487
002177,0.763956 6 1.618400 178.800583 150.618027 320.352356 0.778326 6 105.282829 112.003746 349.458923 244.478210 0.974006 14 113.178207 145.587082 144.807922 196.809647 0.838685 6 238.910782 176.071869 500.852539 301.188293 0.955841 14 386.534882 195.111404 410.464172 224.931046 0.849586 6 2.135336 112.301842 93.972633 185.086212 0.667552 6 2.302751 112.821304 151.578110 320.454651
002185,0.776811 14 270.920319 17.590004 297.490021 47.338310 0.659865 14 340.665833 21.457884 481.937531 270.806427 0.657906 6 2.220567 32.051666 125.471519 100.447044 0.783458 6 1.948781 66.408249 57.723270 103.217766 0.674688 14 410.361237 23.516125 486.304108 329.631805 0.524640 14 124.254211 21.964231 170.617859 228.991821 0.740373 14 411.849274 22.100515 480.172455 124.134293 0.592910 14 266.945221 16.080870 300.412262 88.926170 0.666291 14 337.138123 15.756074 405.986908 156.722046 0.568945 14 162.265869 18.279539 285.783600 194.410522 0.815932 14 127.385109 20.611403 163.851761 96.671371 0.853225 14 121.875793 19.697611 301.852997 270.040680 0.665343 14 329.120544 19.986612 430.519775 260.016663 0.582025 14 336.945007 17.850687 469.108459 257.146545 0.797491 6 296.093628 9.485996 426.209167 67.376137 0.691904 14 324.588593 19.222029 481.346954 318.193634
002188,0.634410 15 251.657394 1.312701 324.272247 157.033615 0.687025 15 255.990082 80.429283 327.416779 160.233292 0.502260 15 329.430664 0.911923 437.500519 169.709839
002189,0.567944 14 26.678905 71.017326 150.219376 184.947128 0.559938 14 292.855072 78.995758 361.174408 225.375748 0.511906 14 19.614182 71.134331 149.753448 186.817596 0.679839 14 77.216866 68.941620 226.128036 331.730377 0.627614 14 103.196381 69.612778 150.280441 129.838837 0.847826 14 213.219757 51.584389 383.047638 263.393951 0.652781 14 99.140327 70.163094 150.613235 182.574493 0.581723 14 103.344383 69.259605 147.708298 118.235260 0.654631 14 283.785431 79.263992 383.723938 264.007629
002195,0.566301 14 298.691864 72.956245 475.071320 372.476196 0.561487 14 3.168180 107.296661 131.560913 366.137665 0.872707 14 3.027081 105.362267 132.027954 374.639435 0.502147 14 3.255181 105.728798 131.489243 358.457520 0.763184 14 203.305099 71.665588 465.622467 373.990814
002198,
002200,
002203,0.608199 14 58.741852 305.239227 84.682220 337.589203 0.504993 14 4.315299 50.125751 329.952026 339.075134 0.549727 14 2.334025 20.224014 197.769516 339.035858
002204,0.688127 14 130.073517 9.433429 214.206772 120.610794 0.641763 14 128.135986 9.230136 217.713470 149.602295
002205,
002206,
002207,0.522150 4 312.692932 164.784027 339.865234 229.755173 0.865044 14 3.529177 38.326694 160.433960 474.864136
002210,
002211,0.753191 14 19.013416 304.202911 42.855526 431.013824 0.833924 14 94.985390 309.783813 121.995682 438.365295 0.793081 14 41.767811 323.249786 78.116486 435.122986 0.634739 14 192.709793 319.301575 257.808777 498.936218 0.874657 14 128.280441 342.127991 163.964020 472.496643 0.682715 14 128.135971 304.202087 154.844177 367.340027 0.854234 14 28.135527 307.032715 50.925846 430.940033 0.752590 14 156.148590 334.361450 193.256363 498.381531 0.890717 14 1.214803 304.546234 39.664139 436.026215 0.619006 14 108.809555 302.702881 135.237000 427.384949 0.807418 14 43.081047 311.017670 63.763206 426.770844 0.943718 14 90.529961 336.767303 126.061279 442.645905 0.805156 14 39.917618 322.885437 79.213188 434.078064 0.689170 14 104.233391 305.581665 126.751411 359.242004 0.957727 14 45.230545 323.976532 78.941879 432.469147 0.847556 14 1.151365 346.762543 35.557446 438.465942 0.922929 14 124.315781 307.243896 158.469696 468.187927 0.943752 14 127.105865 332.165192 214.004196 498.823639
002216,0.630923 14 38.128902 141.884705 68.608696 176.447662 0.900242 14 33.034958 143.352310 69.079956 204.289337
002217,
002222,0.688370 14 138.071793 43.109386 213.830917 308.512054
002223,0.977546 14 264.699646 212.905045 284.176819 306.987274 0.971302 14 196.886368 223.996857 229.029297 346.679565 0.980346 14 239.896790 214.464493 264.175781 313.671753 0.576321 6 161.919128 223.951813 183.404373 255.783981 0.835232 6 217.474899 221.266235 243.417267 248.645248
002225,
002227,
002229,0.980658 14 387.499268 188.081070 425.769928 280.400604 0.763042 6 34.862934 98.436752 436.007812 311.170044
002230,0.940045 14 50.637714 246.575119 147.273270 352.496033
002231,
002232,0.966996 6 393.959869 233.422028 491.763641 282.489014 0.733892 6 359.723633 221.771042 401.035950 259.456696
002235,0.542416 14 45.515167 156.275803 78.451645 198.652969 0.557723 14 208.040543 155.766571 272.347778 308.634216 0.576094 14 132.609940 113.182808 258.340820 331.646667 0.579509 14 67.694954 101.692726 285.846069 332.682098 0.642793 14 208.840179 117.722015 377.968445 331.899536 0.782579 14 67.115334 101.925232 159.993591 251.265106 0.942583 14 255.224228 118.149063 376.687042 324.494080
002236,
002239,0.974902 14 348.774323 82.332626 423.095154 281.422821 0.945152 14 127.794907 60.520744 190.041504 247.386475 0.971090 14 11.804132 75.820541 49.765179 136.236435 0.876754 14 289.629486 133.597992 341.019135 254.910172
002240,
002242,0.662164 14 201.874298 88.881073 303.397430 241.700089 0.936920 6 417.196289 96.884094 500.018311 145.485275 0.662326 14 209.227509 136.393585 234.396942 154.521393 0.980723 14 345.303162 91.705940 373.877441 146.426025 0.663111 14 202.791306 91.029861 251.735184 154.323715 0.780109 14 240.797791 87.505074 301.560364 170.541168 0.900297 14 236.336533 87.833702 304.036255 240.417862
002243,
002245,0.611049 6 51.136070 199.640594 106.634621 266.991577 0.786510 14 121.396072 203.544189 141.164627 249.962601 0.915487 6 1.480393 206.029114 55.862755 256.699554 0.891069 6 437.645630 187.792313 473.810638 215.860794 0.882184 14 116.649551 183.378235 139.621872 250.334396 0.670515 6 51.972927 199.105728 107.402641 265.765808 0.739987 14 117.322586 181.006485 138.138672 208.240097 0.651618 14 62.893734 186.423172 81.834465 203.655975 0.515386 14 218.846313 202.806885 238.860489 249.203735
002246,0.764128 14 61.768963 211.681381 81.660637 272.261932 0.727373 14 14.434956 209.312408 34.387436 249.958450
002250,0.636617 14 252.798538 135.089111 300.081085 217.941208 0.805242 14 231.582397 160.264297 304.514557 229.066895 0.895691 14 248.887405 135.235214 305.334900 231.639740 0.727621 14 73.165688 91.561226 240.925140 448.678650 0.534742 14 71.424164 91.881943 336.966400 448.715576 0.711526 14 228.099838 156.148972 307.067322 248.333298 0.609897 14 227.045700 136.571671 308.798096 249.111801
002252,0.587335 14 95.423286 3.064231 252.692307 235.044708 0.563579 14 281.838013 131.277695 329.132843 181.613586
002254,0.970906 14 128.392365 154.024155 179.537369 279.642975
002258,
002262,
002264,
002269,0.585118 14 122.967751 318.906738 196.200119 493.640778
002271,0.924060 6 127.107574 70.482819 367.312561 156.627945
002274,
002275,
002282,
002283,0.667331 12 203.553314 95.203453 348.021851 346.587738 0.709947 14 196.453369 51.705986 363.424286 345.114502 0.831903 14 274.198975 50.788937 363.055328 264.101074 0.815124 14 272.259277 51.057220 363.701599 337.880096
002286,
002289,
002292,0.560976 1 75.842392 226.338654 282.582825 373.530762
002294,0.872577 14 257.414276 1.119029 281.790070 33.986835 0.820657 14 26.006691 0.434473 69.026985 101.956429 0.583387 14 347.196869 9.184376 377.891785 110.140480 0.728090 14 360.104431 -0.742268 388.730896 114.615372 0.905905 14 27.258512 0.803218 68.656654 69.599045 0.564990 14 342.582062 9.535197 368.805634 104.129143 0.929630 14 1.530316 0.527624 34.931835 111.665421 0.799021 14 314.521240 -0.259775 344.388245 91.128517 0.520527 14 307.130951 -0.228815 342.472656 96.485107 0.874011 14 346.029877 6.390816 382.858154 114.714592 0.807964 14 312.423676 0.363807 340.325989 42.979500
002295,
002296,0.982161 14 425.898132 160.784897 458.604218 257.503174 0.525516 6 2.479233 179.135147 169.587494 281.687653
002297,0.701949 15 230.856201 58.134193 275.352325 157.394379 0.559296 15 233.394592 90.483826 266.863617 134.461746
002298,0.662892 14 254.589264 238.214432 321.251862 333.076782 0.888557 14 12.560781 153.851212 104.463737 331.697144
002299,
002301,0.702311 14 284.282593 63.492519 329.707367 123.065155 0.962660 14 222.073364 70.623940 279.829041 154.125397 0.595513 14 143.274216 62.665211 178.417923 115.835625 0.508430 14 91.110947 71.213280 214.507996 244.251495 0.637246 14 2.262488 91.615814 164.952942 376.352509 0.838842 14 363.182709 96.481003 444.625214 280.665894 0.781429 14 50.477356 89.821617 98.431038 147.748901 0.769741 14 327.334747 64.045410 383.719696 164.861603 0.568053 14 367.051636 94.927330 445.359314 212.056519 0.941514 14 360.794189 95.077950 448.474884 372.592407 0.523216 14 80.890915 71.219543 215.902603 374.540405 0.758009 14 348.486298 119.742447 391.841644 189.934555 0.759318 14 35.040733 92.534554 98.241180 201.248444 0.676004 14 2.199739 94.316216 100.950783 303.127228 0.881901 14 143.056686 62.437172 209.293427 157.459946 0.809995 14 80.863411 70.977936 217.445374 375.953003 0.724636 14 105.105583 69.271179 154.360107 121.169060 0.892928 14 13.541634 88.879074 59.810318 175.221100 0.860043 14 2.804190 92.094208 212.606247 376.737793 0.891697 14 142.804306 64.364799 187.741745 159.028290 0.520863 14 30.589298 92.301720 169.092682 374.860504 0.575958 14 95.266327 70.695869 174.696045 215.223404 0.596427 14 283.694916 65.015816 340.786865 253.351135 0.941514 14 327.190491 65.651482 393.199951 199.860641 0.901301 14 284.558746 64.173546 335.606293 176.637619
002303,
002304,
002309,
002312,0.626343 6 0.914816 23.822056 13.021406 61.948143
002313,
002314,
002316,
002317,0.620407 14 224.798538 125.199211 278.547668 188.153137 0.591020 14 157.654083 122.229698 233.548615 283.257812 0.938321 14 155.149597 144.489944 234.800705 282.661621 0.968557 14 1.235046 93.361465 23.983448 215.191666 0.841248 14 164.869324 119.873756 210.086212 207.837830 0.980797 14 25.685001 91.979805 75.445953 206.353287 0.936214 14 220.419479 127.145836 281.379395 281.381836
002319,0.691621 6 17.237680 31.502552 120.105568 74.487656 0.533181 6 61.434490 140.564651 283.976379 282.367615
002322,0.550902 14 201.279709 394.369904 223.867264 499.897369
002325,0.662820 14 133.666428 121.694534 224.249207 278.984283 0.598611 14 144.959732 120.344009 193.225403 162.923431 0.769869 14 135.637756 121.251465 223.312592 238.884048 0.916787 14 47.736809 124.547699 220.588013 284.699463 0.506438 1 382.826508 184.172562 452.589874 280.723938 0.973537 14 283.084076 107.566643 366.666595 285.523804
002326,0.847877 14 360.064178 116.324860 403.343842 186.440018
002327,
002331,0.845254 6 223.908066 56.657566 289.480804 98.070801 0.625565 6 318.666321 54.884930 364.046783 88.552238 0.673084 14 111.737747 10.487509 313.656372 333.623505 0.762498 14 110.805511 10.700809 314.259888 271.164032 0.703518 6 72.948761 49.477741 289.957458 101.094429 0.888318 6 296.729156 53.100422 367.638641 104.040794 0.782393 6 69.864510 50.477898 128.001007 98.688255 0.940325 6 1.743564 47.395958 64.130768 106.186989 0.642568 6 296.386230 53.860111 365.119995 89.869682 0.972160 14 216.002823 52.988140 486.228577 332.856506
002336,
002338,0.504344 14 210.169464 97.121361 253.718384 136.266586
002339,0.637324 15 229.786667 155.566574 338.288330 260.746796
002341,0.736688 14 23.091013 3.598399 170.792648 168.177612 0.669281 14 126.972977 5.046807 287.986694 169.577148
002344,0.589697 14 1.525822 11.419400 280.870514 499.812653 0.685717 14 1.358411 18.463522 280.867432 477.953033
002346,0.881080 6 100.845322 76.586487 400.325592 281.051910
002349,0.844747 6 165.337448 163.499985 305.132446 246.150879
002351,0.712126 14 341.851349 207.495468 380.004242 279.338470 0.747724 14 337.085266 208.181747 394.688446 283.170959
002353,0.749560 8 202.187943 224.209198 250.579056 326.928680 0.502773 14 408.176880 51.908024 432.931396 87.357498 0.725012 8 202.309616 224.804031 252.807709 326.887909
002356,
002357,
002358,0.871169 6 246.774994 127.160278 289.891388 143.509689
002360,0.759641 14 120.846550 95.140228 183.112854 300.712250 0.858109 14 76.991119 97.918282 184.332870 379.422058 0.557798 14 121.800545 98.340385 184.118011 385.261749
002363,0.968333 14 103.027153 120.965347 151.571259 230.007553 0.979389 14 13.209470 126.370705 58.971092 231.253632 0.923858 14 189.338181 121.243805 229.830719 216.504578 0.967212 14 229.016968 119.621178 276.044403 217.136688
002365,0.848875 14 39.705723 16.206667 246.010208 480.601715
002370,0.501964 6 348.848969 176.948380 390.567444 211.594589 0.760312 6 394.643768 185.976791 434.474030 210.507782 0.922795 6 354.579803 180.401840 433.397064 210.991974
002379,0.837770 14 397.052277 1.931515 501.416931 374.505859 0.598055 14 100.780762 0.466025 210.988342 79.314331
002380,
002381,0.509914 15 202.274323 287.118561 250.894226 409.735870
002383,0.512628 14 26.965466 140.975357 47.009262 157.905960 0.899755 6 1.037487 211.161758 26.834023 252.775040 0.952707 6 345.223419 176.816452 399.137207 208.185532
002386,0.510028 14 97.007645 198.131256 155.216141 254.458008 0.907771 14 342.181793 189.640198 368.700439 254.984802 0.563254 14 126.746994 196.801758 153.427109 225.412079 0.760641 14 123.529747 198.297699 154.546539 252.673477 0.817780 14 337.749359 189.231918 363.113281 251.748138
002388,0.623738 14 132.619278 1.892198 258.993164 230.831314 0.530372 6 286.455902 0.353663 499.138550 59.506584
002389,0.635803 8 81.702621 185.533554 151.893539 241.631226 0.603521 15 62.400234 143.561020 78.050713 171.390854 0.528410 15 21.835981 157.316025 40.187508 180.906433 0.607652 8 81.409264 186.563232 150.968185 245.071289 0.672113 8 210.442535 166.305389 257.179596 233.131119 0.686279 8 408.787262 178.594284 461.864166 368.354462
002390,0.517595 14 186.995087 166.156097 206.375992 177.658859
002394,0.819962 14 51.961464 32.564110 76.821083 74.332893 0.745654 14 15.832887 28.942268 36.536037 138.314606 0.697845 14 51.664356 31.316437 84.168587 169.483658 0.705416 14 18.590532 32.056252 34.648540 88.739265 0.541455 6 170.080978 410.003082 231.613846 475.911163 0.652505 14 20.015766 32.779907 36.048267 97.123505 0.504362 14 47.444042 34.010849 69.588562 79.603409 0.740011 14 201.897858 59.543983 216.510620 89.342682
002395,0.777876 6 0.619330 289.213989 38.215397 375.510376
002396,
002397,0.966239 14 138.784058 184.489548 202.143539 321.207642
002398,0.675329 14 123.073387 84.044342 160.510681 170.808273 0.652875 14 213.123596 388.841309 233.234085 427.968506 0.700959 14 124.313995 84.300110 211.339783 331.966370 0.746563 14 85.795792 109.199890 143.429123 309.249817 0.844331 14 82.467827 109.489365 134.736832 292.988373 0.762077 14 91.390312 83.492722 228.270523 437.725403 0.569684 14 123.921654 83.758224 227.790710 406.136566 0.761299 14 122.206894 84.022232 198.649109 438.979279 0.666846 14 122.814903 84.183823 228.982788 438.301636
002399,0.661258 14 86.959282 31.869865 277.273346 192.577057 0.562260 14 168.039154 31.672800 269.714783 164.187958
002400,
002402,0.939597 14 247.461746 12.063313 274.605865 51.251514 0.959151 14 120.285316 11.106555 148.129333 67.262947 0.809889 6 1.985334 38.695385 92.888420 85.103180 0.915310 14 333.360901 0.695886 353.077698 43.868740 0.666031 6 2.003215 24.959812 74.770241 63.886002 0.703573 6 98.888191 33.045414 191.520004 68.417366 0.547075 6 61.674194 42.405006 462.764435 180.911697 0.593846 6 56.711792 44.980583 469.966125 228.667282 0.690143 6 56.946232 93.364441 468.143036 228.635468 0.884338 14 297.756378 5.473454 320.158783 47.541668
002406,0.927241 6 177.991028 166.762054 358.763214 240.652359
002408,0.722692 14 76.315689 47.005634 486.330200 332.274628
002409,0.874377 14 170.093109 35.343987 259.433533 223.868210 0.623420 14 132.332947 36.582836 257.691986 284.515686
002412,
002414,0.754655 14 52.472435 207.058868 71.439583 296.448364
002416,0.676523 14 109.328285 321.356628 155.175903 367.071136 0.649967 6 149.775742 153.236115 433.738953 327.038605
002418,
002421,0.921810 14 245.437927 18.467558 325.122131 183.643280
002422,
002424,0.546475 6 162.651718 135.467682 349.146729 261.920685 0.954540 6 403.657776 220.739746 485.277557 285.039581 0.724850 14 220.797348 176.552109 238.759232 193.503326
002426,0.556868 15 400.206055 12.772721 429.268524 48.563015 0.928818 14 81.757179 36.584213 200.801605 239.945541
002428,0.540846 14 345.548462 30.668724 484.426605 374.567932 0.812986 14 91.784729 77.845039 258.418793 375.739075 0.878799 14 89.478806 78.038391 213.921585 374.404358 0.763011 14 17.236366 89.364334 43.701996 121.510246 0.570894 14 341.764923 27.575813 491.346954 375.510590
002429,0.529721 4 335.015930 136.621368 373.971863 258.721588 0.835040 14 4.877895 41.822372 282.133392 352.626007 0.956555 14 270.599762 55.492092 456.869263 355.850800
002430,
002431,
002432,
002434,
002438,
002440,
002446,0.935623 6 12.052610 152.703293 150.755035 237.697769 0.887358 6 192.358490 148.478668 293.888947 237.922653 0.988861 14 427.968628 131.174164 467.053284 241.780823 0.923666 6 318.864319 154.746857 438.362091 234.384140 0.989084 14 99.524223 136.513702 139.232925 238.739944 0.526949 6 5.410776 141.301147 442.077698 240.629242 0.987993 14 287.900879 140.763443 323.021820 235.863678
002447,
002449,
002451,0.578397 15 192.226334 259.561737 309.111542 374.427643 0.548239 15 48.672119 282.480743 156.072495 374.034912
002453,0.683426 14 323.059875 41.124573 367.617035 71.744316
002455,0.957933 14 170.866577 137.313309 209.028687 197.385422 0.582447 14 116.469826 132.149185 156.550156 188.836090 0.860853 14 59.973835 135.430389 181.206329 281.276215 0.646051 14 77.247353 134.568619 186.295807 257.446014 0.815188 14 339.439972 193.624374 364.049652 236.217300 0.701959 14 65.952477 132.769547 162.085434 238.126068 0.961176 14 213.781830 111.388687 323.066528 302.051788
002457,
002463,0.667237 8 185.919006 210.829208 232.828278 433.528595 0.762466 14 98.834175 114.307732 216.068420 455.488220 0.961451 14 2.335674 25.164679 134.377518 471.632050 0.938726 14 113.936287 119.196487 213.475403 453.964722
002464,0.806480 14 293.953827 163.482773 330.814178 218.070923
002467,
002469,0.871169 14 208.909622 115.024872 345.921692 375.151917 0.800971 14 209.091400 114.546410 369.274414 375.186188 0.618036 14 224.990326 114.303749 334.889771 374.878082
002473,
002474,
002475,0.677805 1 84.683685 139.304642 203.794479 201.548737 0.947868 14 185.136673 97.931282 232.220474 199.768387 0.651500 14 117.901794 94.204155 153.641373 142.610153 0.656286 1 315.954956 161.522049 365.141418 219.974045 0.617186 1 86.627129 135.913452 143.931137 193.709534 0.976886 14 340.456177 102.183159 404.402130 218.370575 0.667601 14 310.187592 118.304085 398.153717 217.996201 0.527834 14 154.222473 102.030716 229.643784 198.355988 0.523348 1 86.220238 143.094528 177.436050 196.274979 0.945409 14 116.875008 95.366119 157.915634 193.916443 0.923224 14 83.503555 97.585098 128.284073 150.765594 0.892181 14 155.261780 97.472954 233.089752 200.334412 0.808167 14 156.272736 107.221710 208.833008 198.348907 0.639400 1 87.072548 141.858307 178.551437 196.225601 0.945722 14 235.047318 113.909149 284.839600 205.330292 0.760453 14 155.453857 104.697212 206.122971 158.067139 0.865277 14 392.666412 98.833488 413.515259 132.251602 0.732905 14 116.801727 93.502518 155.618378 157.072464 0.888191 14 81.962112 98.174530 136.614349 190.780334 0.516617 1 86.422234 143.139145 140.734161 192.158813 0.959118 14 259.255402 100.232567 304.084015 207.517303 0.643587 1 235.214600 154.324280 290.621368 209.748917 0.726414 14 310.801117 112.645477 403.897491 218.584213 0.505676 14 263.956207 98.988609 303.711151 165.148087
002482,
002484,0.925982 6 205.933121 187.089813 281.860779 215.653137 0.878458 6 138.397675 187.221909 175.203659 205.321060 0.789350 6 85.864243 185.793564 171.634613 206.134827 0.901412 6 84.187027 186.014435 135.307068 204.378815 0.952015 6 296.576691 188.798096 373.656464 217.055191
002485,
002486,0.830606 14 27.006172 120.844772 46.726742 168.179779 0.845560 14 27.607788 121.472137 46.551342 160.526123
002487,
002488,0.893626 14 81.521736 72.571533 220.123108 478.775024
002489,
002495,
002498,0.542774 14 281.259857 103.161179 320.492767 169.569260 0.962932 14 3.901117 89.096878 180.509888 374.159180 0.919007 14 223.503281 92.348549 404.174561 336.024475 0.522498 14 223.038437 94.244217 329.869019 300.759949 0.611001 14 225.236710 89.095688 409.216949 374.822540
002499,
002503,0.789859 14 49.688591 182.167999 74.047577 209.686646 0.819030 14 271.034851 97.850365 301.566132 196.321320 0.507721 14 1.006050 283.488892 41.932762 499.475159 0.661442 14 269.661407 97.874405 298.780212 163.854538 0.725533 14 270.600647 98.736328 299.192017 151.308792 0.754613 14 40.797165 244.871078 95.182831 334.692902 0.983828 14 186.306793 56.241096 305.637909 450.025513
002506,
002507,
002509,
002510,
002511,0.958568 14 124.589973 82.977280 196.600677 301.141235
002515,0.837926 14 220.529190 67.048569 256.794739 142.221756 0.893009 14 331.728821 64.330200 363.459106 97.194962 0.980296 14 31.266247 106.170235 65.507713 193.296875 0.662085 14 341.133759 113.618927 365.893890 148.929642 0.897324 14 330.499512 64.340073 367.590820 147.529251 0.732981 14 216.873703 66.312912 256.793060 159.002502 0.859336 14 254.535233 112.810043 281.189362 148.745453 0.894853 14 61.889648 109.761414 80.462173 153.222733
002516,0.634204 14 249.387314 32.988575 279.800079 91.934021 0.878349 14 196.116150 162.882156 293.639313 363.645233 0.963788 14 300.240387 222.469986 434.976685 373.994629 0.609628 14 243.872192 31.757994 275.321381 90.879715 0.703108 14 244.642548 31.082483 280.723480 104.785080 0.532955 14 196.828278 163.475357 249.112640 295.145355 0.610080 14 22.318899 86.452667 294.422455 374.861298 0.948072 14 22.906334 84.771271 165.797455 374.347198 0.732579 14 281.909241 138.961823 386.239166 373.156250 0.917093 14 283.578033 139.126099 446.192505 374.061127
002517,0.688232 14 192.350769 208.514908 209.132828 232.692734 0.500255 6 62.474148 128.230347 349.367035 328.329651
002521,
002522,
002526,0.560969 6 1.304183 137.133743 37.337921 171.360474 0.872586 6 80.147133 110.983452 343.930725 232.569870
002527,
002528,0.891132 14 264.867279 32.103104 451.585907 233.016281 0.955742 14 301.154785 32.541935 444.134460 232.188019
002530,0.706396 6 1.989931 106.040802 399.814026 290.638916
002531,0.872254 14 308.321625 45.914513 341.337219 84.737991 0.690733 6 2.149239 64.933571 147.844376 179.393204 0.587568 14 347.454559 43.354774 366.697205 87.256134 0.629944 14 351.781860 42.762375 372.210968 85.895935 0.841935 14 381.213531 42.572060 409.378296 90.203049 0.931800 14 362.542175 42.238251 387.672455 87.766899 0.832872 14 356.420105 42.153072 380.480225 86.050461 0.546447 6 8.794501 45.657253 488.260101 329.104736 0.584740 6 12.599095 83.789719 486.911224 316.509460 0.906826 14 338.659668 43.374588 361.559235 86.624619
002532,0.823109 6 112.467232 175.757751 154.137848 204.573975 0.884958 6 71.590500 172.566574 153.036118 204.242630 0.856337 6 71.866737 173.339676 112.541588 201.194931
002535,
002536,
002538,0.726526 14 193.046921 45.865829 273.434448 328.929840 0.707241 14 108.003578 39.747768 171.786789 230.921234 0.707765 14 138.273819 0.955868 274.511566 307.935669 0.620412 14 194.506332 45.927849 273.248657 258.230072 0.740075 14 93.212814 2.678091 278.530945 343.808167 0.599957 14 105.243385 37.787151 170.246429 187.176407 0.558318 14 190.355042 44.288006 274.981323 318.007843 0.763864 14 108.244286 39.268265 172.855667 314.347595 0.712681 14 194.135956 46.155006 272.881378 256.870544
002541,
002543,0.944339 6 261.466095 235.411102 493.568359 322.122437 0.714986 6 248.037659 250.888885 376.037079 320.224396 0.909067 6 4.156381 252.734497 305.116638 332.907043
002548,0.890970 6 382.327240 79.080475 500.099365 146.654053 0.726835 6 35.971992 46.210571 247.042984 155.986572 0.878228 6 228.016617 73.751442 359.081757 138.888748
002550,
002551,0.572969 14 248.136932 8.179015 282.419556 36.892487 0.550935 14 464.866943 6.119267 499.558380 72.117867 0.882011 14 92.492424 40.953094 290.673553 228.480438 0.620988 14 1.836583 7.631064 94.850441 210.614182 0.532264 14 113.868935 0.853310 196.285614 102.449326 0.645890 14 467.731903 7.695266 499.317932 41.130169 0.681272 14 2.908144 7.311414 85.012299 73.162643 0.609200 14 1.949560 7.416751 95.212296 203.871140 0.963299 14 261.424194 55.984764 483.704559 248.582977
002552,
002553,0.783477 14 326.120758 25.491148 429.357452 376.638275 0.711107 14 124.912979 25.454678 431.085938 377.415833
002556,0.706055 6 277.094269 0.480054 461.441711 58.627232
002557,0.549981 15 165.154343 32.667725 267.702209 128.968796 0.617676 15 129.660400 122.624710 185.717316 190.026031 0.557943 15 51.490402 1.127623 102.715141 51.294632 0.645055 15 336.676056 37.770676 402.812012 103.134781 0.718774 15 342.681885 121.902580 407.400726 198.384399 0.698175 15 287.898315 117.577057 340.875092 189.873062 0.578912 15 412.208221 29.449905 458.219147 125.164192 0.579232 15 91.992981 135.979218 141.066223 188.300613 0.661937 15 72.332542 57.682133 151.585693 114.313545 0.626757 15 159.617065 126.136513 223.958496 189.944183 0.686851 15 230.777084 134.219971 293.221649 195.330505
002560,0.843202 14 67.619453 248.624146 91.928055 291.092224
002562,0.656178 14 151.252716 67.307327 239.987289 287.461426 0.968213 14 105.399300 42.545715 164.447891 282.039612 0.849184 14 147.478485 66.844048 240.188782 286.729675 0.776775 6 29.870838 77.382500 439.546295 315.969330
002568,0.563312 14 254.464096 0.024756 295.150208 65.957047 0.806634 14 113.621414 17.185053 145.682510 92.761269
002570,0.892065 14 25.330894 5.443186 282.854797 501.187805
002573,0.971215 14 423.143097 86.671341 473.844421 185.733521 0.739256 14 85.582642 95.651047 116.544815 143.740601 0.928897 14 366.905060 88.349083 404.527100 133.830704 0.529225 14 268.277893 90.438492 294.112213 130.080215 0.732629 14 81.885307 94.543610 118.484467 177.295776 0.551755 14 151.633102 89.608116 256.480469 199.456253 0.573704 14 347.958221 89.058495 380.224243 176.581223 0.918813 14 165.302536 89.361679 207.285950 172.798141 0.933262 14 84.914383 95.299057 135.471893 148.896606 0.861137 14 85.676567 96.165207 137.468811 181.327469 0.716754 14 365.701080 89.335968 405.436859 179.862976 0.759966 14 323.278381 87.296089 345.246552 123.296463
002574,
002575,0.522748 15 310.147400 314.412048 372.555725 379.341461 0.644084 4 362.196381 283.512726 380.313751 354.118164 0.767729 4 360.883667 282.536224 383.175964 375.914856 0.773517 14 154.672470 136.145874 226.874237 258.128784 0.670745 4 273.633179 312.763947 312.693726 379.465363 0.812594 14 216.607941 138.619888 288.147400 379.242157 0.949292 14 154.004013 137.097336 234.152969 355.656433 0.803050 14 236.468430 122.504745 365.507233 380.468994 0.706617 15 83.783714 239.290649 118.275848 277.037109 0.510994 4 378.945435 308.558167 402.696808 378.392578 0.710234 14 245.824234 123.264175 344.114532 350.155670 0.757176 14 247.117310 122.447403 338.302765 379.950226
002576,
002577,0.759937 6 34.078644 56.590641 473.492920 284.049683
002580,
002581,
002582,0.618570 14 29.779024 281.168121 40.042480 313.293427 0.954544 14 246.315567 277.422668 263.202026 364.078094 0.894985 14 241.116333 274.816559 258.617554 359.115234 0.728168 14 20.908669 281.617523 31.452885 315.773773 0.959892 14 96.738853 335.797394 125.786865 440.428040 0.975461 14 29.122700 322.010986 65.354065 449.998810 0.957897 14 259.663574 270.164825 278.422089 370.202881
002583,0.829757 6 61.414242 194.630829 396.121399 285.610413
002587,
002588,0.901367 14 11.204016 164.684250 86.794365 290.267059 0.686498 14 6.263204 61.235210 248.524582 375.190796 0.705013 14 3.293790 164.593674 88.895782 373.322144
002591,0.703860 14 142.789597 1.528676 306.571564 337.484406 0.775535 14 149.806961 1.873482 343.839417 332.887421 0.521715 14 149.247208 0.710026 412.560516 342.809906
002592,0.747745 14 202.516876 1.687993 400.878967 279.619751
002596,0.548571 14 143.864380 122.002281 179.725449 276.798706 0.829454 14 100.312401 153.623138 154.853729 316.490509 0.695837 14 96.248413 123.052757 181.656174 304.396759 0.597977 14 92.871414 155.616699 155.549789 422.507538 0.721615 14 95.442589 126.475586 181.329346 409.881775
002597,
002601,0.627859 15 72.649208 27.498934 105.590981 67.065376
002602,0.784967 6 5.098194 0.442327 240.565567 62.350101 0.944344 14 162.938156 42.553967 306.104889 270.636963
002604,0.930034 14 13.638317 65.648888 165.126373 339.941559 0.882870 14 195.437912 104.098267 349.868530 302.993958 0.796044 14 225.595734 105.020790 349.038300 304.317352
002607,0.570853 6 126.779976 112.501656 349.965912 199.874634
002608,
002610,
002612,0.546199 14 197.986786 42.741673 270.855103 295.378967 0.661842 14 3.697991 23.620605 261.037231 374.657654 0.558262 14 183.821442 27.628128 264.546936 350.223755
002614,0.740721 14 271.415009 149.422546 316.960754 207.663666 0.788934 14 366.962067 109.945389 499.993744 332.062531 0.856328 14 85.750191 168.167770 133.963120 294.433746 0.730575 14 89.712318 165.242004 130.817245 214.080292 0.723461 14 357.886871 149.804153 409.342499 276.234528 0.718445 14 347.469177 149.499329 452.792450 332.216064 0.835908 14 438.400208 117.540451 499.991608 241.998505 0.948495 14 307.173126 151.758469 360.580505 249.014267 0.799889 14 308.163269 153.327393 366.280518 286.173279 0.850103 14 371.593811 92.679291 442.606659 275.124298 0.746365 14 137.800919 170.261673 199.779907 332.970062 0.833746 14 414.710358 118.963173 500.058411 328.548187 0.934770 14 357.927155 150.399551 430.348267 290.029938 0.556038 14 308.702332 150.454376 349.041779 201.680374 0.551917 14 359.610901 149.047775 401.829529 212.068527 0.833780 14 369.687836 92.640648 437.574310 215.124863 0.796379 14 86.923973 167.544144 132.165451 249.015289 0.650093 14 357.265747 150.028015 408.904633 266.611847 0.874158 14 2.431523 184.255936 118.531807 332.559479 0.767576 14 140.441788 168.934006 186.085663 276.308838 0.960005 14 96.336945 183.573303 166.988480 332.217346 0.948855 14 268.975800 150.745361 319.398529 242.859177 0.748763 14 369.230469 92.418015 430.376801 169.301239 0.957258 14 2.621554 183.702011 161.825272 332.974365 0.801297 14 141.698120 168.326523 185.333191 246.367844 0.790361 14 87.897835 168.188995 163.014618 332.799042 0.929785 14 401.995148 154.482162 500.074982 330.899445 0.583957 14 101.650162 183.310562 161.643875 290.304291 0.544078 14 87.488983 166.558121 130.783890 236.029190
002616,
002617,
002619,
002620,0.723068 14 115.078819 24.289593 332.731720 498.745728 0.535442 14 140.103928 32.806023 333.396210 498.938019 0.859793 14 149.954193 22.862583 333.397247 499.001221
002622,0.716306 6 188.698257 299.743286 265.910004 331.832245 0.632219 6 147.826111 301.526794 244.370911 332.335266 0.782759 6 146.645004 307.955811 189.663589 331.588379 0.615582 6 253.006958 296.823090 308.282104 328.957672 0.762063 6 188.842773 297.050079 311.393311 331.965668
002623,
002624,0.903639 14 118.503601 107.181664 242.471130 281.304810 0.761691 14 125.763580 106.356941 242.671677 243.320923 0.835475 14 251.250534 113.321442 362.775421 203.084167 0.754560 14 248.373352 113.507355 365.536316 275.288818
002626,0.598780 14 15.124597 283.117371 45.295803 412.110596 0.695545 14 187.246384 288.371399 208.792633 333.964142 0.846065 14 198.503006 287.256500 232.945114 427.155334 0.571504 14 127.065018 271.573639 176.294632 399.764221 0.799071 14 0.931197 287.891357 20.094284 368.837219 0.505283 1 144.647537 324.922485 169.807114 405.383392 0.974625 14 18.819008 284.310272 49.086800 419.260559 0.640592 14 203.961136 288.467285 231.926651 364.645294 0.963470 14 0.922352 287.073761 21.291666 417.719635 0.949924 14 129.069977 270.887024 169.222260 366.891846 0.843070 14 183.306061 289.885986 210.384781 392.480194 0.560948 14 71.077354 268.325012 98.381325 323.066986 0.507478 1 198.214844 363.811096 246.273682 443.825806 0.956463 14 68.084160 272.073273 99.714340 384.482086 0.887729 14 131.241745 271.593231 152.050568 359.756989 0.622772 14 96.606186 294.052704 112.555534 340.780518 0.569290 14 183.613663 285.338806 234.786667 429.153564 0.970821 14 194.159836 248.481949 285.261200 499.276764
002628,
002629,
002630,
002631,0.501758 14 17.639921 86.890579 127.527016 340.793976 0.720842 14 62.501472 84.203094 135.651535 424.238831 0.775922 14 63.270943 84.408867 179.592453 425.649750 0.658535 14 28.119936 83.519775 143.657394 427.484558 0.626133 14 14.390528 128.626190 126.440239 425.865814
002638,
002639,0.518356 14 339.406616 161.542099 404.175751 319.012299 0.515734 14 47.333942 145.685806 68.752739 170.508575 0.749433 14 340.638245 160.376389 401.665710 315.189545 0.551161 14 393.198425 166.629486 416.262268 274.289276 0.702077 14 190.284088 157.659363 248.743256 366.615448 0.869961 14 392.846191 164.213028 411.104340 212.902267 0.927347 14 44.570995 145.905396 70.484192 183.307648 0.943272 14 194.913116 156.220078 246.556137 303.087067 0.783070 14 236.760574 151.508621 303.006775 316.338196 0.852919 14 237.058945 149.950409 306.571838 345.392426 0.969655 14 344.169525 159.492065 398.307129 280.714996
002640,
002642,
002644,0.685720 14 116.517693 149.991165 131.785629 180.940704 0.882501 14 22.163195 259.932007 42.901093 326.759094 0.500818 14 47.075558 231.453903 86.138649 355.422516 0.534044 14 45.115833 272.133240 60.234222 321.678497 0.505279 14 55.912357 281.090942 85.627174 356.442413 0.700676 14 48.127117 232.279755 68.778374 322.829834 0.563177 14 50.311089 232.763596 74.302048 305.738312
002650,
002651,0.636948 14 343.624512 198.862381 394.697174 265.497070 0.946054 14 250.510300 56.482628 500.623474 374.018127
002652,0.792622 14 201.040222 1.320362 316.959686 318.973846 0.695873 14 200.540771 0.920299 396.218475 335.083130
002654,
002655,0.560465 14 139.206406 49.757141 235.092499 263.442963 0.633111 14 230.450256 65.580009 366.905762 292.022064 0.590906 14 89.829247 49.342419 236.926910 253.007217 0.842062 14 90.024185 49.607075 236.401031 395.296967
002656,0.765768 14 134.801483 210.051407 154.858582 251.430573 0.981702 14 67.733803 89.061172 152.813812 491.568878 0.975711 14 193.233932 102.032722 276.126251 440.516418
002660,0.584619 14 118.280968 91.870819 274.566071 196.732635 0.653021 14 446.779327 66.081718 499.908539 180.158325 0.530380 14 445.146057 52.588909 500.060150 187.250931 0.681952 14 118.181297 93.779381 293.670288 277.600006 0.572176 14 118.568047 95.778290 455.327881 280.336517 0.719918 14 231.785278 69.237022 501.095581 279.437958
002661,0.669565 14 413.159180 184.915039 433.738220 217.677429
002663,0.713156 14 212.845596 2.693681 494.002075 278.804749 0.651727 14 270.791901 3.685123 493.417908 278.325317
002665,0.917602 14 289.894501 167.195984 303.244965 203.863663 0.847449 6 344.380127 136.327316 449.094238 199.793564 0.870971 6 171.459824 186.291840 246.488953 230.233093 0.614172 6 172.230896 189.513992 220.010132 230.225891 0.730147 6 237.596664 170.567963 298.768677 214.963989 0.546100 6 171.980209 189.264709 224.224060 229.803436 0.571878 6 300.063324 170.154572 340.354736 202.928650 0.800188 6 296.906464 169.378052 341.342560 202.361511
002671,0.794413 14 7.891446 55.880650 218.700104 375.327484 0.930704 14 237.399185 129.618790 445.175812 372.605682
002672,
002673,
002674,0.881721 14 411.269257 225.640991 440.122009 300.278107 0.529334 14 340.574677 250.160065 361.036255 314.729614 0.518239 15 371.478943 251.526093 422.717896 311.368408 0.905900 14 316.218262 250.253067 338.336700 309.709656 0.955949 14 417.295959 224.988876 443.891022 292.032043 0.884419 14 238.702301 254.929260 257.682953 296.878204 0.525290 15 99.756592 244.557648 137.770111 319.547058 0.781337 14 75.271103 246.012970 97.583160 312.553741 0.718789 14 236.737030 254.603348 258.494507 339.524994 0.554643 15 250.796555 269.749481 298.092499 340.979584 0.580153 14 75.746605 245.837952 94.720055 276.014099
002676,
002679,
002681,0.565190 6 5.849238 135.421326 243.379471 459.033905
002685,0.511005 14 7.109799 98.537880 37.271027 161.764221
002686,0.746267 14 166.030869 166.424011 271.341949 256.490082 0.748164 14 159.328232 168.415894 273.531769 358.970123 0.667521 14 258.907898 137.468964 328.346710 234.801422 0.574843 14 264.516235 209.950653 296.868195 261.495270 0.606510 14 198.228745 169.545959 273.461639 357.302032 0.746508 14 256.539551 138.786316 328.967072 300.025940 0.903143 14 255.555389 140.045883 360.185852 337.632263
002687,0.736818 14 79.345078 181.413971 129.276321 278.909607
002688,
002692,0.541487 14 172.248489 188.227951 220.518051 373.594116 0.922003 14 171.008560 188.529999 217.028488 272.574127
002694,0.584843 14 22.648186 39.737663 463.662262 355.112549
002698,
002700,0.957545 14 215.767670 62.618404 327.756989 375.402557
002701,0.550205 14 239.585510 258.239380 258.008972 274.480377 0.858317 14 124.165939 261.943024 143.472717 306.276886 0.871666 6 1.049472 263.740906 45.141617 313.617981 0.964593 6 339.676422 258.430084 499.663208 317.311218 0.925169 6 133.350159 268.956573 307.393463 321.942871 0.849877 14 33.434528 272.582275 48.979740 310.098633 0.929154 14 9.147969 270.323059 30.063688 323.817749 0.579057 14 199.766434 259.152771 220.939133 298.478790 0.949586 14 108.051338 262.188751 129.552856 311.615265 0.855946 14 66.145851 269.476837 80.231804 306.990967 0.891576 14 335.964691 255.091110 354.967651 290.164856 0.603540 14 104.883621 262.596069 122.261322 315.320251 0.619096 14 198.282455 260.018555 220.785797 314.814972 0.791527 14 281.326691 259.236969 296.000336 284.036652
002703,0.908452 6 160.846848 202.861725 223.096954 234.975723
002705,0.708786 14 19.821096 77.526611 48.144947 146.742889 0.935470 14 28.600254 55.165508 204.767609 375.051849 0.818983 4 285.384918 286.374725 325.500763 374.296234 0.706786 14 200.636871 93.822968 398.148834 374.138824
002707,
002708,0.523568 6 14.772833 257.666321 154.042892 329.527008 0.879042 14 137.287140 125.442451 270.325043 329.225311
002711,0.734109 14 314.818481 50.778275 416.507446 322.976868 0.893623 14 52.903255 113.835831 82.756058 153.141174 0.776657 14 50.918499 114.117912 88.918167 227.677078 0.810537 14 313.354736 50.777554 391.945007 182.888031 0.606039 14 79.912216 283.242126 122.604683 339.490692 0.906191 14 312.815948 50.783936 412.924194 183.446915
002712,0.736742 14 37.576042 120.352432 52.228355 164.786957 0.676699 14 70.895157 75.479019 187.759140 284.678772 0.535223 15 218.802292 184.461990 249.063690 225.595047 0.676945 14 111.753090 76.697815 189.358902 393.544556 0.729268 14 64.822784 76.262299 192.054932 409.066071 0.619350 14 112.016594 78.102859 189.471741 382.640167
002716,
002719,0.546795 14 146.954742 96.807373 172.001953 123.918694 0.801422 14 145.131409 97.053192 174.826736 153.427277
002720,
002724,0.667366 14 137.609161 220.360443 167.209274 251.245575
002725,
002726,0.972943 14 360.634338 139.195709 445.190002 368.905792 0.825752 14 212.155411 297.728790 266.792633 374.335297 0.766596 14 205.097015 226.956635 269.454010 374.827209 0.527253 14 142.455124 201.731934 196.573822 302.409271 0.512286 14 205.532532 225.889404 240.799744 374.616699 0.863414 14 141.111191 202.530746 197.674698 374.580688 0.516876 14 140.221390 200.369781 200.135254 375.379852 0.958827 14 297.522949 135.415436 373.165436 373.488403 0.883989 14 142.355865 201.318344 194.657150 302.498718 0.890190 14 296.061737 135.234055 357.692200 282.892975
002728,0.929410 14 429.590820 179.390732 456.784119 205.498337 0.807004 14 6.518394 36.299809 227.527466 335.755615 0.717262 14 4.980959 21.868994 227.143524 334.439484
002729,0.957832 14 391.577423 49.073956 460.606934 322.057159 0.942923 14 445.114044 36.250336 500.178101 325.988464 0.731737 6 33.152847 60.755394 466.877960 286.227997 0.653180 14 393.941284 48.924995 456.358002 171.674500
002731,0.870221 14 285.611847 158.339767 328.899597 236.001755 0.945994 14 273.110901 157.730026 329.615814 266.897400 0.577211 1 247.594803 189.426544 341.522858 298.802338
002733,0.844867 6 54.190681 36.707817 314.841614 84.891876 0.787661 6 44.797585 46.432648 478.550140 203.008209
002736,0.532925 14 164.960205 80.565437 184.649643 125.346527 0.687052 14 162.118500 79.550026 186.554596 201.582932 0.511584 14 55.236145 34.963139 69.140022 86.172081
002739,0.937622 14 155.097412 172.441055 235.895020 316.608856 0.916327 14 357.826752 22.887047 389.941010 74.104561
002740,
002742,0.964429 14 122.889786 45.373802 225.369278 288.394287
002743,0.681472 15 186.020004 153.724808 241.284653 216.577621 0.743553 15 184.070847 143.959412 241.880096 221.296860 0.508951 15 36.583813 99.298409 105.759811 229.736206 0.648633 15 289.838715 148.187912 362.066895 226.946106 0.672535 15 110.877960 104.612488 192.969971 230.085205 0.641672 15 369.345062 157.112518 414.518890 222.750015 0.686036 15 120.441048 150.123550 188.245804 229.141388
002746,0.804522 14 176.352188 65.370064 204.906952 83.352356 0.549834 6 59.839012 68.189667 356.581787 114.589104 0.598590 6 57.195099 61.349361 354.157776 114.431122
002748,0.565166 6 62.504307 41.351616 378.303772 304.032806
002750,0.952501 14 209.898911 93.220375 317.361603 373.975372 0.631068 15 104.814171 133.099564 128.196609 163.993576 0.641476 6 2.298672 100.966011 91.777626 142.468231 0.523322 15 434.062653 128.615402 474.534973 172.781189 0.585613 6 2.189253 112.727043 88.537155 144.118179 0.960419 14 140.783844 81.529411 227.983505 375.636230 0.982404 14 301.338593 88.700470 392.795349 373.867889
002752,0.515292 6 172.164886 128.677460 347.138733 269.550293
002753,0.790439 15 245.264435 216.307510 274.756165 249.528671 0.573320 8 325.579590 204.507828 426.675507 349.597717
002754,
002756,0.966138 14 119.818939 182.840851 141.264847 256.940155
002758,0.623099 6 336.549011 128.860519 383.005768 160.523285 0.597082 14 200.469223 145.529022 225.454208 183.520065 0.919524 6 24.996668 134.977325 168.421265 188.924149 0.841577 6 181.311523 129.333893 261.852448 176.651443 0.834261 6 282.267365 125.054474 383.323700 168.667084 0.757548 6 278.854584 127.627953 331.598663 169.843796
002761,0.737615 6 17.597631 184.485062 148.126770 220.145325 0.886740 14 163.772018 54.504814 374.078003 223.494049
002764,0.664092 14 106.279152 308.396301 123.121170 343.018158 0.774105 14 106.708794 308.839691 120.471794 337.260712
002768,0.965839 14 300.344635 71.584633 399.094574 301.158722
002769,
002770,
002771,
002773,0.573904 4 12.842596 231.728287 42.040554 319.016663 0.853487 14 112.374565 148.331070 249.335205 373.910278 0.581106 4 60.968906 129.987991 87.150589 205.861481 0.939691 14 221.704025 91.962631 456.646210 373.964172
002777,0.684701 15 222.552170 159.302704 247.868759 196.033386 0.596959 15 158.980743 183.661819 195.562469 230.068222 0.606594 15 209.728378 214.138321 238.185394 263.027710 0.566159 15 326.845490 104.626572 475.511475 223.891006
002780,0.694312 14 2.146285 90.395050 106.027008 209.226395 0.549426 14 2.942540 93.021278 58.721527 206.309662 0.884583 14 1.988661 92.768158 108.306870 303.776398
002781,0.567362 14 202.716614 80.803802 281.526703 262.207397 0.679061 14 197.721298 139.747559 317.669006 358.895782 0.979283 14 333.743011 94.170654 409.881714 358.531128 0.925656 14 298.095764 128.532242 346.298157 358.734253 0.944413 14 141.942383 111.724754 215.623856 359.906586 0.576964 14 2.236991 112.691765 82.517609 258.638702 0.689102 14 301.251160 131.060730 342.079681 209.588776 0.921549 14 205.739838 78.507713 271.558044 182.107254 0.619352 14 138.227280 112.816620 322.432983 359.348816 0.676489 14 300.855377 130.834961 343.403564 248.648010 0.966133 14 8.947424 111.411324 85.697609 359.214020 0.527894 14 147.186050 112.718620 213.731110 203.728149 0.704659 14 264.615723 90.663857 319.905334 242.380325 0.556643 14 143.006592 111.777756 221.306458 349.332886 0.644974 14 98.054817 194.557404 170.931305 358.053528 0.926475 14 72.898209 129.593262 174.063461 359.681732 0.524082 14 204.392334 145.799026 280.580994 274.745972 0.778346 14 202.336349 80.026367 280.189362 327.184875 0.643209 14 70.564323 100.299850 212.731186 360.970917 0.951728 14 126.219292 90.272263 166.865479 158.962250 0.792032 14 4.075034 112.958763 79.793579 253.715820 0.846072 14 10.005863 112.797203 160.193054 361.261353 0.754257 14 200.254608 79.932861 285.201416 358.194122 0.887116 14 73.941360 128.647751 151.954681 358.522461 0.637087 14 156.614105 110.452950 195.831772 165.855194 0.656098 14 200.745972 146.811005 279.518066 333.728546 0.672404 14 203.071167 80.352348 346.964386 361.149261 0.900169 14 260.803802 172.577927 342.123291 359.257019 0.737200 14 198.861984 228.199173 323.387787 359.374847 0.627759 14 270.944183 88.662651 312.489746 146.308517 0.735949 14 286.475952 94.373116 414.005371 359.476562 0.812358 14 266.409058 89.569656 315.191376 182.394806
002787,0.518518 14 13.717562 63.607380 228.887543 361.679260 0.582440 14 12.908548 63.525963 226.833664 365.096558 0.841932 14 9.835869 61.998299 373.311646 369.989838
002788,0.707044 14 247.231308 67.537292 273.840851 129.940140 0.767035 14 249.297150 68.054184 274.079590 111.775848 0.940720 14 359.209198 73.138596 499.676666 332.860748 0.613346 14 238.115082 71.998039 404.188995 334.741516 0.814421 14 269.630188 72.543610 339.359528 333.396057 0.656187 14 243.120667 72.041573 333.651001 333.951813 0.843362 14 294.253815 72.464676 500.734161 333.694519
002789,0.553806 14 384.337738 94.196831 415.911011 131.174179 0.521692 14 383.479095 93.296364 417.591949 148.108261 0.943119 14 385.141571 95.279938 421.151184 162.127060
002790,0.920914 14 19.819201 237.789307 30.791992 277.820251 0.800405 14 172.387146 190.146225 227.191605 239.491394 0.768589 14 53.642414 234.471512 65.002914 257.597321
002792,0.545739 14 227.100540 226.952637 262.995575 278.253906 0.921797 14 368.643005 63.893940 476.590485 372.780334 0.593594 15 272.668213 227.313049 337.017731 264.143677 0.855123 14 9.865053 43.414680 222.034424 376.655762 0.540387 14 368.822723 62.141514 472.307129 197.698410 0.830326 14 12.299784 44.187962 190.057037 375.822632 0.940210 14 193.605225 73.881737 374.539612 375.641052 0.822734 14 190.006409 74.180557 331.870056 238.019089 0.836495 14 368.683075 64.995621 476.546204 310.036255
002793,0.791166 14 357.082550 240.364334 379.591339 260.412231 0.837795 14 201.498062 256.723511 222.650406 275.388916
002797,0.915351 14 390.673767 167.443085 423.010284 208.229248 0.945269 14 389.166656 168.695724 423.968506 246.729416
002799,0.574809 15 222.234833 161.986877 263.917450 231.542374
002802,
002805,0.748292 14 44.290882 15.748191 250.056747 285.468414
002806,0.629421 14 261.275848 41.323963 421.209351 183.292770 0.591880 14 268.936676 41.105820 412.665985 133.953323 0.850243 14 269.535828 41.425064 415.011536 166.403061
002808,0.802093 6 1.499044 125.427994 65.771942 208.703094
002809,
002811,
002813,0.641878 14 55.761898 26.041676 87.407364 57.056038 0.954609 14 194.260559 84.835793 290.600189 171.690948
002814,0.647114 6 31.137220 204.680679 241.386505 377.062561 0.773984 14 216.170197 287.562775 236.248947 325.351288
002818,
002819,0.921811 14 196.590179 35.727428 320.402771 220.029251
002821,0.941788 14 216.786453 125.060249 238.901276 193.491837 0.979730 14 181.443146 145.380920 229.936462 306.327972 0.755122 6 211.880707 181.717651 420.795166 324.431244 0.952391 14 252.578354 160.943069 309.256165 253.957703 0.879708 14 248.863541 162.669342 312.046448 316.319855
002822,
002823,0.973835 14 230.690201 153.175415 329.679962 359.693024
002824,0.940228 14 3.216803 16.475937 440.236145 432.542816
002825,
002828,0.638131 14 41.967960 20.786606 163.210693 260.025330
002829,0.631857 6 36.445900 65.569839 445.296295 316.869446
002830,0.781002 6 1.867166 20.830217 61.292500 85.539749 0.898207 14 178.673813 47.884403 317.630707 281.205261 0.726981 6 450.138733 198.483154 500.042450 224.875092
002831,
002832,0.876961 14 147.729492 90.647873 166.356262 133.440582 0.773938 14 63.567287 59.334370 93.709206 129.993240 0.954604 14 117.835297 87.345177 140.442230 146.137482 0.974653 14 1.225838 81.371780 46.819782 178.477051 0.833229 14 133.268524 89.379356 154.105911 137.473557 0.969463 14 55.765854 57.471016 97.166451 190.200317 0.628512 14 92.260254 87.051498 108.547089 131.148026
002837,
002839,0.716594 14 300.341949 68.703087 446.024597 274.983154 0.507214 14 294.667694 68.066582 461.586792 331.848877 0.516369 14 294.588104 66.849350 452.209442 324.195618 0.522637 14 286.249603 -0.575612 450.825897 326.579224
002840,0.865078 6 3.809884 114.116951 422.897766 288.892914
002843,
002846,
002849,
002850,
002851,0.716950 14 243.318756 125.855492 269.191376 148.638916 0.527792 6 95.874428 75.285934 423.524078 211.860748
002852,0.519204 14 0.889726 4.935131 90.196678 338.210815 0.512631 14 1.212284 2.848897 140.459885 342.299347
002853,
002856,0.551182 15 216.601288 8.042792 243.747498 47.488628
002857,
002860,0.737457 14 152.576126 10.785165 271.124542 162.647827 0.712668 14 152.920197 11.431953 193.863998 102.338333
002861,
002862,0.529975 8 47.140469 204.701797 126.871857 332.993286
002863,0.824769 14 156.626495 42.645786 186.591232 80.059868 0.886673 14 120.257629 52.728752 138.190430 99.971519 0.968476 14 85.250916 54.352100 105.903862 103.097054 0.934167 14 113.610596 52.756195 130.637466 100.475838 0.881678 14 132.298126 55.820869 149.709595 94.898834 0.731350 14 120.176796 4.181217 321.900574 375.118561 0.920671 14 318.669861 2.374895 445.859070 368.307373
002865,
002871,0.943436 6 1.990762 229.767792 69.394020 286.537292
002872,
002874,0.513981 14 5.121052 44.949276 486.018127 373.212006 0.761945 14 78.814896 41.528854 447.246277 365.626495 0.668795 14 198.557205 41.790482 446.618317 334.543671
002876,
002877,0.711473 14 3.266651 24.281963 240.363434 500.004944 0.549873 14 2.566583 26.193111 287.517883 501.643524 0.759550 14 4.409172 25.816038 229.273331 499.617767 0.706987 14 63.638794 123.594749 104.268799 269.557648 0.548964 14 40.377335 124.969070 105.698135 277.350494
002878,0.648616 14 284.364136 20.541809 487.540619 374.159607 0.765572 14 2.550788 106.969856 151.963287 375.647339 0.824652 14 242.736221 21.022203 488.286438 373.852325
002882,0.700476 14 257.163239 236.538559 279.275665 257.874329
002883,0.804611 14 40.484394 313.131927 74.162361 498.661804 0.679737 6 1.976707 23.496077 90.449867 130.556793
002885,0.547130 14 2.016477 114.389595 71.513702 206.124832 0.866014 14 382.730072 0.974039 499.479950 178.178299 0.712926 14 420.413727 105.846954 468.260284 152.652664 0.575648 14 398.340332 103.861618 498.012726 198.055725 0.945721 14 90.944130 43.354454 171.548141 161.848663 0.584418 14 376.963623 1.544511 498.834503 138.141235 0.524725 14 18.952585 114.941963 71.706390 178.613937 0.508897 14 31.409212 114.576302 69.449844 145.838730 0.647741 14 88.255135 41.718056 207.927078 163.899155 0.588336 14 110.939903 99.664764 152.344238 156.207428
002887,0.665464 14 60.660519 59.243481 84.695290 115.009514
002888,0.532123 14 297.810181 145.462646 394.944336 335.482117 0.611528 14 29.236774 111.998512 114.264053 311.535309 0.528998 14 96.522285 170.658859 145.105347 366.212219 0.957344 14 28.594494 111.081772 142.879333 374.455688 0.744996 14 31.074903 110.936882 146.649780 332.634186 0.934033 14 248.068832 145.620239 396.399475 336.656860
002890,0.898435 14 8.926241 175.735199 27.217308 227.904541
002892,0.603685 14 105.864731 1.972083 136.720459 45.608574 0.587597 14 289.866913 66.416420 312.853027 93.978851 0.517855 14 102.672356 1.224982 139.815781 93.737167
002894,
002895,0.735915 14 348.681641 196.446335 389.819153 333.706421 0.931687 14 333.570190 196.121216 388.233307 338.512848
002897,0.949350 14 145.379501 233.464111 162.552200 277.227234 0.929001 14 210.303635 237.027313 226.508942 277.386902 0.781476 14 375.942719 243.265121 394.212128 280.795654 0.956761 14 55.288330 228.572159 72.701706 277.502502 0.955879 14 118.441200 231.468796 136.235718 278.293762 0.884897 14 267.925323 241.303894 282.629730 278.109863 0.863547 14 331.388092 242.180267 346.782471 279.773346 0.959480 14 86.758789 229.318710 105.139091 277.850769 0.909399 14 447.385803 242.875290 465.681396 286.386902
002898,
002900,0.537756 14 126.023499 9.523753 166.642456 123.641655 0.907792 6 107.332558 93.128563 386.579498 186.452530
002902,0.887469 14 117.061104 54.462868 134.643814 87.960434
002903,
002904,0.654555 14 130.753723 64.836449 241.035248 282.865814 0.799167 14 344.697662 144.237732 500.278473 374.971802 0.932364 14 341.030060 144.068893 418.622437 373.611877 0.564151 14 129.873978 64.314667 239.698074 301.398834 0.507448 4 268.067413 212.622803 322.245178 370.851196 0.546533 14 127.784386 63.007492 240.314026 230.869797 0.809133 14 130.984604 61.978252 230.783615 201.753220 0.949952 14 218.330353 89.929230 366.180817 291.420746 0.684864 14 223.562119 90.401138 417.794037 374.444153
002905,0.869826 14 26.084114 20.320848 221.926056 501.759766
002907,
002908,
002909,0.797172 14 57.696232 86.760719 151.720383 306.860474 0.892074 14 57.619244 86.870628 121.862526 306.074127
002911,0.708740 14 116.086800 64.724525 376.912537 332.790649 0.715869 14 115.310005 64.051643 291.552338 332.760986
002918,0.944714 14 420.676910 185.087799 500.245148 329.378510 0.763390 14 384.183868 257.175415 427.267090 330.386139 0.801323 14 262.206940 128.018951 331.847290 330.132935
002920,0.571239 1 51.657459 128.358780 173.478180 173.837891 0.628234 1 48.771404 130.986374 128.623154 172.200943 0.531962 1 53.186966 132.233398 174.693222 174.287399
002921,0.505257 14 54.924580 93.235634 122.792892 409.726227 0.734743 14 52.579659 95.467133 138.714340 328.662537 0.922065 14 52.229298 94.445244 138.253662 409.264343
002922,
002923,
002925,0.977121 14 326.219391 110.116425 404.504730 369.505524 0.976501 14 147.840363 148.249847 228.613266 357.987183 0.976062 14 218.284332 148.530884 269.034454 356.315643 0.983841 14 58.903301 117.156982 157.895981 370.754028 0.526993 15 390.761322 192.458206 446.839630 342.427124 0.972358 14 240.704605 151.632187 350.104919 363.899536 0.799233 14 261.960266 112.838020 404.996887 371.274872
002926,0.517651 14 107.202095 129.452972 128.720093 172.023514
002927,0.937021 14 31.663864 117.258156 55.682659 195.753876 0.533407 6 10.566786 34.629585 441.272430 331.483704 0.844583 14 31.949453 116.147865 52.335957 155.645050 0.643053 6 11.043653 35.763077 438.621887 282.175690
002928,
002929,0.743222 14 190.803589 325.041260 214.250473 367.187897
002930,0.791599 14 327.166382 76.095802 351.210236 104.002388
002936,
002945,0.633841 14 71.798561 256.358276 168.399551 373.867004 0.596182 14 12.984119 254.736725 168.113983 373.934082 0.897154 14 351.588379 288.971649 428.014587 356.432068 0.784414 4 294.869171 295.113525 331.029785 374.257751 0.506834 15 387.671570 103.640556 432.536865 181.426651 0.870956 14 10.293089 86.838089 189.926239 374.673889 0.726525 14 221.226776 64.795746 408.691315 349.645172 0.744911 14 222.402252 63.828808 432.841003 353.551300
002948,0.875058 14 67.187683 238.131119 95.017418 283.906281
002949,0.818376 6 1.308506 196.243347 33.609123 225.577423 0.625273 6 135.302612 181.501480 170.729080 213.415039
002950,0.576463 14 64.250641 81.601997 179.534882 240.525604
002951,0.714296 14 372.162262 114.594131 395.031494 132.526749 0.881474 14 151.395767 92.003426 195.649857 140.699326 0.954566 14 121.237549 97.401268 165.449585 139.584976 0.531329 14 366.212189 10.015236 388.806763 54.952747 0.793521 14 350.161652 19.753454 377.101868 56.282768
002955,0.877744 14 381.096558 100.753212 412.189453 169.124527
002959,
002961,
002964,0.540545 14 153.701706 58.892845 176.883240 123.256699 0.651898 14 146.944717 58.052013 176.083084 145.562729 0.633023 14 69.795624 60.249149 86.949448 97.305389 0.540988 14 8.949403 41.114929 28.491055 85.147324 0.808641 14 0.834501 77.051003 18.065332 197.991119 0.899035 14 4.039309 40.328243 33.445366 195.329636 0.931689 14 20.239126 25.359198 138.403137 404.395294 0.507874 14 66.768700 58.674873 87.296257 119.831024 0.623788 14 6.346226 40.064571 30.689890 121.242584 0.583454 14 10.380046 50.632847 31.041792 114.528862 0.648573 14 154.837158 60.584499 176.295959 98.947701 0.633174 14 161.765121 43.604599 202.270477 218.861954
002968,
002970,0.609284 6 257.051605 0.058014 342.078430 49.691246
002971,0.957911 14 75.385941 194.415604 102.529106 224.628586 0.963209 14 367.572784 139.335876 443.128632 282.277924 0.875323 14 1.063791 185.948380 13.738150 220.482941 0.974730 14 121.281128 153.109055 149.262741 222.861282 0.594068 14 365.943085 139.314880 402.820892 282.584991 0.619411 6 155.023071 82.542511 467.396362 226.549973 0.730716 14 375.565216 139.624481 427.039978 283.390930
002972,0.590014 14 11.165812 48.462032 261.986725 501.201508 0.777367 14 10.924738 44.060276 287.191101 501.899719
002973,0.590459 14 84.522758 60.349987 249.788864 433.582916
002974,0.773595 14 158.643997 136.332123 185.538483 188.220413 0.792176 14 160.609024 135.757339 185.743057 174.788818 0.967202 14 342.440887 106.908531 375.011993 197.851746 0.617579 14 141.557709 146.982910 161.427170 178.633011 0.805009 14 298.056183 137.578003 334.371155 187.708038 0.578343 14 94.477005 143.850662 148.117477 248.593323 0.950790 14 95.945198 142.687958 145.137360 201.060791 0.522865 14 133.615173 95.333893 361.323059 409.909424 0.555967 14 126.671791 142.626236 152.914368 195.642838 0.676839 14 42.243996 142.497879 64.388420 164.683838 0.867798 14 118.772331 262.848297 183.177444 334.245178 0.625463 14 296.004425 138.147339 335.759155 216.057281
002979,0.662895 14 146.229584 105.840759 166.014114 133.925827
002980,0.783752 14 77.983383 4.312381 301.913391 501.317871
002981,0.754702 14 214.970108 56.671177 285.127747 206.521423 0.920290 14 63.271446 107.382263 162.954117 248.794235 0.815279 14 216.607117 38.899780 400.243195 211.554794 0.537419 14 272.624786 39.785015 342.155640 203.693069 0.574602 14 215.384415 41.962933 321.598175 203.854416 0.614644 14 215.833130 41.193054 353.981659 205.526428
002982,0.809474 14 13.729356 52.914768 218.748230 491.644836
002983,0.825367 14 276.368561 115.335136 303.916687 147.531387
002985,
002991,0.760150 14 96.259048 255.104279 146.683395 497.508331
002993,0.840946 14 165.420486 0.629081 206.204315 27.120201 0.704889 6 5.135890 0.480629 61.862740 16.618874 0.786912 6 209.476471 167.654572 338.586853 230.568283 0.888137 6 210.034698 174.054703 339.135071 231.173004
002996,
002997,
002998,0.656745 14 290.262878 80.457451 311.545319 104.301094 0.577786 14 282.607147 81.286148 326.449646 163.170853
002999,0.952670 14 350.646790 72.041138 451.588562 178.785309 0.802327 14 80.534172 64.812302 170.698334 139.170349 0.816485 14 158.210938 60.286652 185.055130 104.273911
003001,
003006,0.932643 6 184.624557 139.351425 342.989868 179.462234 0.534931 6 131.074753 136.313629 186.711853 161.896606 0.598783 14 26.117176 208.341965 61.979538 259.233704 0.914734 6 381.983368 119.575317 500.461517 190.570343 0.811801 6 26.853159 89.694267 121.392532 173.011887 0.744597 6 134.236359 134.100708 195.939331 161.853775 0.744720 6 133.341782 122.550591 245.328293 161.936920 0.547436 14 474.951050 80.801308 498.269897 96.905716 0.797077 14 470.712585 129.344696 500.012878 151.150543
003010,
003012,0.620298 14 126.898926 124.541893 290.446167 374.145905 0.922779 14 10.642200 124.865593 287.844421 376.992737 0.967302 14 294.415802 187.070267 421.647644 370.913330
003014,0.600237 15 186.171738 110.820442 207.690842 141.217361 0.562484 15 58.720123 130.565109 79.034233 150.739670 0.589974 15 258.918518 103.153603 286.466248 134.970215 0.575341 15 336.267120 100.513214 362.004272 137.319153
003016,0.815828 14 374.758362 137.182922 407.095917 180.800201 0.600498 6 64.700531 79.934212 476.244568 310.869202
003018,
003019,
003020,0.934751 14 229.540894 144.244385 300.510895 342.516785 0.527114 15 366.348480 274.413269 398.788177 323.805481 0.869650 14 152.168808 120.432236 247.687195 362.060852 0.666272 15 357.709167 207.440796 392.361115 246.066711 0.858820 14 236.662872 143.659271 297.070618 248.694305 0.961622 14 62.983364 119.700783 157.094833 375.055298 0.877578 14 290.043945 131.778793 360.429352 341.872406 0.619652 14 62.596718 120.467552 156.709671 280.560211 0.880232 14 226.653625 130.990479 363.028870 344.458923
003022,0.757087 14 245.965836 107.331383 285.765350 180.997986 0.972582 14 255.189026 49.774445 304.720856 174.432510
003025,0.888523 14 209.628922 91.010780 313.693970 184.860489 0.667016 14 211.063950 92.672951 314.354614 341.389679
003026,0.954692 14 54.180332 152.959244 175.307907 374.383575 0.965276 14 164.310425 87.637650 329.066223 375.050171
003029,0.901770 14 52.291134 71.137260 68.944000 111.666656 0.956076 14 30.815796 67.482452 51.147038 116.145439 0.633422 14 266.568146 105.744820 393.925232 231.080780 0.933695 14 63.929558 67.320297 83.178864 108.639008 0.886791 14 166.056641 105.337074 411.018860 291.765533
003030,
003033,0.836185 6 20.418037 232.583801 319.569519 416.112427
003035,0.880170 14 99.945175 182.243286 309.778229 397.287476
003036,0.703067 14 1.376404 23.886513 199.561279 397.263306 0.738178 14 3.064229 21.283638 198.769989 359.781250 0.694774 14 126.537445 22.702705 200.347488 390.455475
003037,
003040,0.887178 14 294.661316 88.628067 368.672821 153.441193 0.750430 14 294.472992 87.213745 401.299072 150.077301
003041,0.957891 14 24.569246 152.972000 54.138809 305.383972 0.512418 14 26.194824 150.639893 48.694286 198.459778 0.783309 14 24.995493 150.186264 51.164688 228.072266 0.755313 14 84.295830 127.271721 176.091812 402.786682 0.953949 14 111.338684 126.055267 175.837051 290.718750 0.961252 14 192.453156 152.377197 224.144638 309.389252 0.843749 14 175.093658 175.333344 192.352173 223.036179
003043,0.762339 6 229.238266 265.131805 434.355133 335.009613
003046,0.735300 6 5.193159 63.273258 488.054626 297.062256
003048,
003049,0.851983 14 253.975235 193.159668 296.909485 252.962372 0.509772 8 150.962219 202.971390 253.054565 371.475677 0.528806 8 142.062820 205.450836 250.542633 374.928101 0.823135 14 253.166733 195.779419 305.865997 343.304718
003050,
003052,0.940299 14 158.117096 96.601120 283.049896 331.852600 0.694581 6 2.912611 51.027573 314.009918 176.214539 0.531777 14 157.420654 85.854279 251.790619 331.539978 0.607446 6 3.459841 51.729668 302.027496 171.299606 0.983063 14 1.822986 47.915478 118.998604 333.835449 0.978785 14 258.853058 44.651936 316.796143 200.176010 0.607246 14 218.083282 97.911087 284.597107 332.112946
003055,0.909991 6 169.680618 121.636665 346.994720 178.424789
003059,
003060,
003062,0.712465 14 322.396606 32.788246 351.668274 82.278053
003067,0.953923 14 137.431427 200.793900 182.885666 257.949402 0.528502 14 231.198700 203.877472 258.970459 256.449829
003068,
003069,
003070,0.551191 6 73.563515 160.307602 188.912964 231.716461 0.789790 6 379.716644 172.872375 442.807678 245.138062 0.698408 6 0.848074 210.878830 12.117063 252.949371 0.739487 6 102.880081 178.347137 339.328125 352.919037 0.827209 6 1.140665 156.156281 35.321190 223.555283 0.727580 14 341.402466 153.357742 377.564545 201.893936 0.507248 6 63.799530 154.225952 193.618744 226.331772 0.983844 14 312.291107 157.466599 408.672607 373.445251
003071,
003073,0.885746 14 117.067398 109.340393 146.690842 128.099503 0.837258 14 149.166275 111.437302 172.210205 128.737366
003075,0.529614 14 40.214417 6.459251 183.515305 273.539948 0.743959 14 64.899086 6.850898 184.022797 386.771942 0.652497 14 75.761322 137.284103 115.101547 197.533035 0.654614 14 20.030830 5.205989 184.105896 466.269562 0.670579 14 155.091110 38.039982 341.631287 480.864655
003076,0.569932 4 150.515350 46.062466 179.961166 149.309982 0.589178 4 182.508209 47.529865 213.290314 152.272934 0.541894 4 214.790710 311.520447 242.043701 367.160980 0.571064 4 179.984253 215.497910 214.022949 365.408966 0.548778 4 151.808716 213.596802 179.671768 276.830902
003079,0.647793 14 401.492310 105.095810 454.108002 162.226334 0.558086 14 397.463409 103.999596 475.961243 171.047180 0.907070 14 1.249903 30.183546 23.256887 81.431053 0.955889 14 387.618286 104.321892 479.380890 223.926727 0.917737 14 304.072510 99.498955 482.448761 254.042358
003080,0.693499 6 248.973724 50.053066 500.756012 148.763138
003081,0.839517 14 179.728073 55.926918 287.378174 374.179169 0.628807 14 142.105423 45.056183 171.117279 87.449852 0.831910 14 176.986984 53.108208 351.890625 370.336365
003084,0.960452 14 456.273163 172.712936 485.294800 223.378250 0.970349 14 413.887848 166.407532 437.789154 224.274246 0.943173 14 215.759430 108.569023 262.213379 210.310196 0.972274 14 63.056694 154.094482 87.461975 212.656174 0.711364 14 362.187927 165.847946 385.309265 205.356766 0.778111 14 137.709030 153.953339 172.190079 220.992126 0.642947 14 135.731857 153.144363 179.561249 220.864761 0.924902 14 137.546432 152.288269 161.244614 187.655060 0.947155 14 360.603088 166.516876 385.425812 221.349503 0.970868 14 91.465126 152.024155 113.855194 215.680145
003087,
003091,0.882357 14 16.367533 172.646133 181.377335 499.915924 0.664184 14 126.178482 2.965480 255.673508 499.768890
003095,
003096,
003097,
003099,0.525828 15 279.248016 1.184827 318.928986 108.536324 0.677123 15 281.094513 53.778393 315.145569 109.286438
003101,0.727946 6 298.432617 161.079819 500.923523 285.558136 0.777579 14 82.597343 104.460754 105.343941 138.961655 0.880470 6 255.989349 166.844604 288.302399 191.042725
003104,0.959216 14 64.865234 70.191032 143.522552 368.296356 0.911929 14 424.921387 256.730988 443.912689 303.246613
003109,0.855887 6 210.915512 162.016556 357.258606 256.732147
003111,
003113,
003114,0.668681 14 134.758911 25.983028 255.160385 375.147614
003115,0.980038 14 36.236652 54.940269 114.206200 248.212936 0.978339 14 290.733002 102.858963 460.436493 373.349945
003119,
003123,0.521333 14 54.071857 106.766907 145.481628 313.656952 0.739923 14 190.380920 100.261642 232.045181 237.416962 0.965231 14 210.342911 158.709564 269.573578 247.253220 0.507085 14 59.051846 107.827507 147.064896 373.015961 0.897967 14 367.708771 108.680481 464.731293 259.443909 0.694852 14 94.892426 86.823784 157.642105 272.986786 0.724853 14 101.104401 84.259827 150.689178 155.155151 0.839026 14 338.518524 107.795609 380.485382 183.897217 0.952620 14 316.000000 163.157822 368.367432 265.755676 0.637046 14 265.055298 167.580887 329.910919 304.219513 0.940065 14 170.482773 159.671143 219.452240 243.738724 0.718384 14 192.272964 96.992096 231.546997 169.485306 0.510057 14 363.160980 108.328812 472.970612 371.503448 0.518234 14 339.676117 109.245682 381.337067 222.476135 0.909620 14 226.226059 100.103905 288.931213 229.845978 0.647722 14 56.503162 106.438446 145.586685 305.385712 0.644495 14 297.498810 112.449303 374.762726 263.294098 0.638067 14 52.934765 105.443214 112.351776 317.792267 0.568944 14 174.777313 159.266174 217.125397 220.693359 0.585583 14 192.172333 98.313164 231.071869 169.303497 0.773996 14 295.435913 110.898544 349.028992 221.280548 0.964800 14 154.015640 105.370422 204.995163 247.237137 0.734308 14 123.878410 166.740768 167.017380 257.509766 0.700685 14 121.083740 165.193542 168.272110 266.047455 0.649382 14 90.970726 123.205605 140.439178 197.927887 0.812514 14 384.370270 107.406265 428.540894 161.879410 0.793909 14 100.180466 85.424911 156.860168 207.418213 0.903413 14 51.197762 105.030960 145.997467 319.211792 0.661171 14 298.477173 112.274612 371.542755 268.997864 0.918310 14 88.697884 124.184090 147.653641 272.215302 0.834282 14 124.700012 166.007660 166.456573 236.134506 0.943802 14 266.457001 166.304535 324.449554 256.410919 0.949086 14 338.603912 108.848793 385.062531 265.884918 0.513300 14 271.737305 164.964920 318.057037 221.161530 0.581451 14 97.758690 84.219116 153.062302 183.231720 0.823682 14 296.867493 110.222656 343.195984 163.574066 0.679409 14 294.842987 111.465576 346.486420 214.976318
003125,
003128,0.803856 6 180.225204 97.913506 288.452209 137.596725
003130,
003131,
003132,0.608477 14 149.726440 20.363754 322.189636 340.102173 0.587824 14 2.798550 84.845398 160.120850 366.837982 0.608782 14 130.408829 18.941818 326.714996 366.880035 0.575226 14 3.723130 18.209656 400.595062 368.091553 0.941851 14 3.317356 86.136703 160.930222 366.435730 0.707090 14 150.527008 17.092022 398.751984 345.649597 0.664856 14 214.883438 21.202448 322.133972 335.716064 0.621172 14 219.003998 18.156281 400.042908 336.376617
003136,0.782034 6 1.866728 232.824371 94.502945 312.969269
003139,0.614281 14 133.196564 6.949638 168.120560 46.656651 0.845070 14 118.327515 7.766370 179.724075 108.769600 0.935993 14 452.197418 28.139496 494.716339 82.542427 0.523511 14 250.001587 7.173163 315.871399 83.913078 0.919793 14 21.310040 77.537163 263.609772 376.130341 0.841034 14 154.685043 0.146694 184.658737 45.788197 0.611614 14 152.310638 0.564862 185.034103 57.859810 0.748057 14 123.974045 7.607225 167.076248 103.913536 0.789066 14 229.029907 61.077744 501.302368 374.237305 0.919457 14 269.584839 8.757074 315.762177 71.415459
003141,0.676087 14 303.665894 105.988800 327.862183 141.200531
003143,0.687487 6 37.031979 68.267204 482.030945 228.827133
003144,
003148,
003151,0.706719 14 52.671181 101.343925 149.665161 317.462433
003152,
003153,0.726262 14 131.159393 119.227577 156.106918 160.915146 0.881983 14 357.732422 198.509399 444.319000 373.767670 0.830448 14 62.225334 104.283592 149.285522 234.465012 0.884872 14 84.287209 102.369873 112.499710 149.146317 0.890832 14 64.686348 126.004761 157.515137 239.623550 0.644086 14 141.175217 136.606827 243.251236 283.387939 0.760281 14 135.001694 118.367928 163.130493 169.809082 0.546237 14 135.705902 136.164749 244.971970 346.284668 0.909925 14 144.047165 135.374466 241.970245 230.454819 0.667898 14 350.244781 0.290517 381.880493 39.275833 0.609356 14 61.727108 123.423973 155.169327 374.437195 0.810661 14 134.109406 134.951462 241.734451 375.416992 0.645340 14 345.064148 197.972321 415.049164 374.288452
003156,0.518559 6 375.343567 0.267108 432.635712 29.043200
003158,0.526094 6 106.036057 230.001129 197.622803 298.927704
003160,0.951135 14 362.723999 206.880295 443.160187 373.548828
003166,
003167,0.745310 14 126.337303 42.920517 187.700607 246.902878 0.682154 14 73.254761 3.873043 498.497559 375.720276 0.581521 14 1.879238 35.505989 128.843964 374.232239 0.933468 14 76.632797 9.197272 419.633362 375.739410 0.680049 14 183.149094 13.807107 420.267761 372.712402
003168,
003171,0.612378 14 52.691906 426.792511 96.038658 499.130127
003172,0.655692 14 117.280655 96.441910 223.362244 333.544983 0.822947 14 51.170601 136.717621 93.998642 190.490906 0.633964 14 321.367981 22.691286 394.475037 177.218369 0.715318 14 57.967045 96.447655 228.725281 334.335480 0.627251 14 320.869843 21.875015 432.595093 189.024307 0.808616 14 318.778351 22.864960 465.157684 324.318054
003173,0.580717 14 151.563354 23.607822 183.288254 61.602795 0.523090 14 228.825714 43.260857 293.329803 212.048187 0.569314 14 114.414291 22.917713 215.395325 131.126129 0.526816 14 128.887726 22.546852 211.249451 129.772507 0.756363 14 48.763348 40.414936 147.440582 216.897186 0.863488 14 151.413574 22.561636 211.215210 129.014404
003174,0.620728 14 246.081192 33.098343 310.442169 162.905731
003179,0.756198 14 6.485146 186.511459 29.078547 232.022003 0.683395 6 6.407410 201.165817 265.207947 340.053802 0.965046 14 171.815186 143.165817 201.809647 194.836136 0.732221 14 170.093964 143.687790 205.480804 209.732681 0.811286 6 16.542665 199.208786 264.823700 327.194672 0.969001 14 132.227432 133.081253 165.950455 192.615112 0.737926 14 157.595062 144.993896 172.095810 188.723175
003180,
003182,0.960716 14 36.579372 17.626226 186.557404 500.421753 0.773786 14 307.565643 50.053986 376.498718 352.237183
003187,0.943626 14 184.553268 12.841162 240.813736 152.857681
003190,
003191,0.515740 14 5.240612 92.054199 243.452225 333.422852 0.506652 14 3.587320 2.720156 294.029999 333.875153 0.780505 14 2.919987 2.916923 355.690948 334.146881
003192,
003193,0.700394 14 105.655289 70.014122 133.054184 159.900223 0.903883 14 63.593380 70.102188 89.700188 102.178734 0.838844 14 63.364239 69.763985 95.543098 130.440277 0.892888 14 106.223839 70.369728 129.560287 99.080757 0.735118 14 61.946758 70.079071 98.559105 130.706573 0.919049 14 224.582458 47.199642 311.831085 137.949631
003196,0.780221 14 29.654041 194.536743 66.061943 289.183563 0.835930 14 179.246109 214.422119 204.439575 254.653046 0.771034 14 28.421547 55.203682 183.171143 480.674622 0.860756 14 77.415329 55.328594 179.982849 477.113159
003197,0.804330 14 91.237862 87.272690 328.158508 374.390686
003198,0.504049 14 76.575851 63.352764 112.251335 120.864113 0.816862 14 124.895164 29.796490 156.118713 70.281898 0.532890 14 7.190395 44.741249 116.286232 139.164307 0.827578 14 373.168396 54.480267 409.601501 102.668510
003201,
003203,
003206,0.803855 14 132.187805 95.613564 180.155594 254.224152 0.881681 14 131.225098 95.917427 196.970123 253.563568 0.702793 14 133.307861 95.159790 184.851151 213.534912
003208,
003209,
003212,
003215,
003217,0.915605 14 188.652420 91.604912 218.268188 136.592300 0.832456 14 146.078598 87.260399 173.863602 138.382889 0.719594 6 55.958183 88.520325 425.093262 275.923370 0.941034 14 249.962280 77.638496 277.951385 111.216225
003220,0.964679 14 96.685600 231.640091 182.695587 374.348572 0.780778 6 52.039921 234.841278 223.220886 290.824829 0.882576 6 285.380768 246.725952 376.739685 278.276672 0.791458 6 2.545856 234.505692 114.157837 295.152496 0.618407 6 320.752289 237.824142 413.737610 272.851654 0.520208 6 323.130951 237.716690 408.704987 272.302856 0.552271 6 331.630707 237.866135 412.564697 272.009766 0.789731 6 159.955734 236.960922 219.226715 286.570831 0.698978 6 375.432617 239.207962 407.341431 271.084839 0.922220 6 1.622779 233.788132 60.158058 298.158630 0.599956 6 150.654053 235.105453 222.379807 286.491028 0.806882 6 51.199917 241.388779 119.174866 292.357361 0.884287 14 142.598465 160.689850 159.328232 205.979050 0.846029 6 312.995911 249.583420 347.585144 277.540161 0.891991 6 237.275375 246.856125 282.341949 282.187073 0.892598 6 237.350128 247.744919 328.410889 281.917206 0.971240 14 354.350342 236.789978 376.783966 286.282501
003221,0.724066 15 298.457031 269.288147 351.407837 334.609192 0.755017 15 214.902786 221.912384 237.165894 251.071152 0.540535 15 435.426941 233.831635 458.089172 263.978455 0.650337 14 33.043667 191.712067 57.792820 230.548737 0.709518 15 195.540649 220.161194 224.224228 251.951553
003222,0.551150 6 33.443653 0.765313 191.858200 29.579622 0.682605 14 198.088943 26.034044 385.351135 251.584549
003224,0.709952 14 4.778035 44.170540 241.206223 375.226929 0.509285 14 4.420914 44.470379 229.562698 375.032288
003225,0.641580 14 262.288452 115.159103 310.241394 162.178070 0.958505 14 359.806824 115.054985 476.703522 236.688614 0.712766 14 360.973206 139.228210 459.382568 237.201706 0.913343 14 257.534210 116.700966 329.065033 215.998627 0.541870 14 224.040466 115.537453 341.324036 218.272491
003226,0.528212 14 63.929916 44.697330 85.000336 91.563942 0.774050 14 48.950600 37.258579 224.738708 456.727814
003227,
003230,
003232,0.908638 14 137.703003 21.380230 200.269806 139.089783 0.684182 14 135.871857 22.174397 202.886047 153.448105
003234,0.931255 14 107.416481 148.206879 175.722992 373.219452 0.968441 14 210.703110 120.879448 278.148285 373.406128 0.813128 14 150.626129 123.865265 179.953964 166.549622 0.578324 14 69.136871 112.446381 151.527466 374.204651 0.926213 14 253.655945 127.863098 343.982727 372.563904 0.521635 14 141.202103 125.105835 180.790283 372.894501 0.974511 14 145.867416 134.762207 220.051895 373.848846 0.501943 14 109.646416 148.633423 199.973221 373.785248 0.700733 14 148.826782 123.441895 180.069351 197.878601 0.550010 14 93.758011 124.298462 219.236023 375.409698 0.981018 14 69.305229 110.918343 138.824280 373.631256 0.516504 14 73.426765 113.424133 164.479294 374.306030
003235,0.557860 14 97.492233 62.464012 224.729614 312.051331 0.814300 14 101.913651 63.736210 224.692352 431.650024 0.770206 14 127.093277 63.760788 222.728363 317.265961
003237,0.930043 14 125.132332 52.359863 258.345215 459.259796
003238,
003241,
003245,0.982859 14 388.945923 97.828621 452.385437 321.807556 0.982320 14 87.781998 80.772934 154.967880 304.504974 0.983118 14 236.453461 91.243683 303.382538 319.490784
003246,
003248,
003249,0.807968 14 58.375351 59.527634 91.846710 93.984848 0.612663 14 57.450443 59.017689 95.899673 114.661041 0.711969 14 210.001709 55.568714 239.837997 95.500725
003251,0.521454 8 109.720215 174.689499 174.310074 331.643799 0.620429 8 111.648399 175.876709 164.525467 329.247223
003252,0.753882 14 68.769249 144.041626 199.312531 373.821411 0.947592 14 328.548126 51.795792 496.389435 373.142242 0.517346 14 28.280817 62.290131 189.391769 232.833664 0.509862 14 106.435493 58.845699 267.279266 373.761536 0.517555 14 170.338089 57.754597 304.424683 373.142761 0.587004 14 1.335483 127.264381 35.950481 310.733551 0.721208 14 170.908539 60.945522 259.703766 310.188721 0.597584 14 6.390214 29.651775 490.939575 374.957611 0.589382 14 26.451229 59.329571 280.153046 375.237946 0.762795 14 25.385513 60.690544 194.771790 374.894165 0.890513 14 169.583786 28.792564 403.802094 374.820526 0.675664 14 240.543335 29.120296 369.594482 287.641602 0.690253 14 245.971191 30.581888 496.771271 374.233704
003257,0.763465 6 23.261086 1.961206 482.375549 119.082726 0.609406 6 23.080067 16.048197 482.107758 116.241745
003263,0.908501 14 2.168402 266.936218 92.063995 497.775513
003264,
003265,
003266,
003267,
003268,
003275,0.664443 14 109.695618 220.887085 138.960922 280.663177 0.635138 1 96.724686 223.860229 212.142624 290.134491 0.590568 14 114.064285 219.876556 136.039230 243.425659
003276,0.737014 14 469.788300 61.529102 500.159149 158.274185 0.887958 14 441.792908 50.440243 485.510162 188.237823 0.665728 14 178.721512 77.407944 193.860031 121.170860 0.904523 14 469.130432 59.214649 500.217438 234.071823 0.939967 14 416.992767 65.263344 443.776947 143.368729 0.943897 14 330.567993 71.373222 361.473358 136.475693 0.521623 14 158.106918 75.565903 186.520493 143.699814 0.586143 6 2.051093 108.810936 75.168816 171.511749 0.915328 14 96.533905 80.204315 123.734421 120.645988 0.961875 14 129.296570 77.936668 158.162628 116.973160 0.724081 6 216.507751 198.147949 481.087280 350.731812 0.918559 14 165.752365 77.243988 187.002319 115.468239 0.900539 14 77.033409 89.240852 103.465714 132.009369
003277,
003278,0.745804 14 27.860344 20.994175 325.040649 203.072769 0.573367 14 19.539610 20.189535 327.933777 345.933807 0.945129 14 260.643433 6.304476 500.410980 235.914551
003281,0.604950 15 192.484375 294.861969 227.894089 362.733368 0.521366 15 158.884964 339.009399 176.398499 398.524231 0.533663 15 147.496094 343.833160 166.184479 400.771667 0.524319 15 129.243591 335.959167 164.962051 421.199158 0.697164 15 17.299070 115.087090 56.796940 212.736511 0.738293 15 132.800156 284.058167 165.195343 355.442932 0.512489 15 130.748474 348.494324 160.669159 421.222961 0.552549 15 1.053785 109.981415 18.961761 209.356247 0.513385 15 205.872879 299.216827 227.973572 354.914032 0.712506 15 162.347412 335.843719 181.967896 396.608368 0.680303 15 234.440628 223.957047 273.178192 298.312927 0.537959 15 191.365326 214.425034 246.972534 303.585938
003283,
003286,0.759506 14 372.883423 243.574036 400.962982 283.045502
003287,
003288,0.589144 14 462.712280 150.516739 493.056641 222.466064 0.587076 14 463.890778 150.329834 492.651154 190.971939
003289,0.634121 14 45.337620 162.946075 66.241142 194.470612 0.947923 14 134.207733 159.629776 153.281952 201.740723 0.911036 6 393.262726 153.605988 454.747345 186.076691 0.693449 14 384.849274 18.481606 416.110657 150.105026 0.556196 14 391.305511 22.980852 416.992889 52.179070 0.937046 6 23.716726 160.568710 100.190643 183.684128 0.920112 6 452.497162 152.824356 500.076721 180.988495
003291,
003295,0.568541 14 126.653236 101.554382 223.036072 182.229279 0.926755 14 128.124695 103.132286 288.895294 246.233047 0.966162 14 257.501556 49.831520 338.032318 221.084702
003297,
003298,
003302,0.741770 14 175.302185 227.492661 199.565186 257.918365 0.720214 14 33.728031 238.568512 47.158253 268.229095 0.657279 14 63.366192 233.583008 79.914696 267.602356
003304,0.882006 14 77.248306 63.187599 257.373230 443.997131
003305,0.652584 14 163.109283 118.705399 187.340134 163.846008 0.953871 14 159.178833 128.884750 225.908630 251.317734 0.718244 14 163.296082 127.783539 221.927216 198.332367
003306,0.744733 6 39.412811 111.503227 400.521210 289.514832
003309,0.714633 4 397.255035 239.560425 438.216583 367.275238 0.702493 14 218.320190 132.797501 346.585693 270.143921 0.906978 14 216.599182 132.831558 353.653595 293.616516 0.524976 14 28.009802 139.022186 330.186523 329.871216 0.912585 14 220.000061 134.565704 499.422821 353.004486
003310,
003312,
003314,0.696106 14 31.866976 53.996365 235.719299 303.574463 0.528835 14 32.973640 55.174290 235.861572 376.361359 0.704768 14 225.286911 65.280869 407.230133 375.097137
003315,
003317,
003318,
003319,
003321,0.513490 6 239.739075 152.755508 281.065979 178.528931 0.910276 6 435.631958 135.079422 494.960815 179.430725 0.850621 6 1.242623 169.814255 25.374136 184.679810 0.943710 6 300.077271 150.254166 381.351410 179.478287
003322,
003323,0.750422 14 312.203278 -0.944406 412.510681 363.422455 0.635044 14 169.495651 127.937302 257.693115 373.383209 0.546673 15 416.151398 83.284805 483.436646 146.350983 0.934887 14 127.422394 126.738503 260.520264 373.965729 0.952652 14 279.840759 -0.259917 421.730988 363.851410
003324,0.854659 14 156.917542 124.615517 309.765350 368.688934 0.820752 14 281.650604 59.096722 482.148407 373.957336 0.565524 14 468.565948 226.313583 490.685394 255.679077 0.555961 14 221.625290 123.716042 301.324890 244.673447 0.684166 14 154.694717 58.507114 484.364105 374.595520 0.574970 14 209.393250 123.873138 309.543243 363.789001 0.813701 14 245.841629 58.115276 485.835266 373.995117
003326,0.874128 14 1.318475 2.296485 56.308315 194.337189
003328,0.859878 14 10.104552 3.202546 173.349030 261.354309 0.615864 6 199.767120 103.443954 436.209198 234.807968
003329,0.663184 14 83.169609 14.151096 183.665909 456.766632 0.617603 14 12.112481 13.620853 181.880585 470.083252 0.858489 14 82.765358 13.067976 231.539581 471.040710
003332,
003333,
003334,
003340,0.592483 14 64.938110 192.538116 143.534225 313.758453 0.799736 14 65.211815 194.161530 147.058334 371.043915
003341,0.515333 14 167.045776 93.274910 260.685760 224.085403 0.616908 14 284.346832 135.954956 381.958191 330.279114 0.956797 14 341.328094 33.898182 424.610199 301.921814 0.774200 14 24.431095 15.494876 191.731903 333.562531 0.788312 14 284.893066 135.961319 391.458527 330.356873 0.536529 14 106.248482 90.030411 259.862427 313.314148 0.951496 14 169.366043 95.518959 260.110931 310.115204 0.827125 14 22.120441 13.530046 133.235611 335.563019 0.755771 14 282.143860 37.441380 408.334229 301.243256 0.926365 14 107.720238 87.677246 196.572205 314.978607 0.795847 14 108.495659 86.999054 177.588913 198.733810 0.832658 14 22.336300 14.211193 134.996643 334.403168 0.619084 14 234.034637 40.906784 407.270447 333.745087 0.751925 14 276.477570 39.225876 392.769989 332.795502 0.925114 14 240.471603 96.793625 390.568420 332.222290 0.766883 14 279.671692 37.921394 418.422791 329.633911
003342,0.940164 6 343.498779 201.407608 414.200134 240.707901
003345,
003346,0.539999 1 51.480682 210.493744 133.069656 331.262482 0.977969 14 80.402580 122.320824 141.801605 302.046722
003347,
003348,0.521786 6 116.409752 267.198395 152.952972 299.592651 0.847819 6 2.370361 266.346405 89.725945 309.534027 0.932253 6 3.684454 263.655701 149.273041 309.025665 0.923252 6 171.149445 227.046112 439.535095 352.770996
003352,0.596017 14 116.483406 109.802261 199.781982 446.259613 0.636091 14 10.062376 51.799530 199.295563 449.812927
003353,0.577312 6 3.257617 51.359005 130.938049 78.392502 0.832957 6 90.166321 89.427086 272.923279 180.298386
003357,0.817576 6 6.130859 24.929541 491.203613 163.710373
003358,
003361,
003364,0.740377 14 0.563717 -2.759121 42.871239 352.158051 0.619139 6 103.223297 98.762779 332.505737 180.982162 0.815316 6 105.516121 100.722893 437.938568 266.108765
003366,
003368,
003371,
003372,
003375,0.767374 6 97.254410 119.489929 393.457581 296.529419
003378,0.929254 14 324.102417 93.110329 449.311005 372.930634 0.891031 14 153.548065 108.390450 250.962524 375.187988 0.796331 14 24.138912 111.445641 247.991638 376.712555 0.614042 14 20.939156 112.625267 161.873779 374.676697 0.886484 14 26.029728 113.920792 162.585648 319.631531 0.921214 14 229.084641 131.898468 445.529602 374.214661 0.905034 14 227.688492 93.351158 450.792908 374.895203
003381,0.585711 0 6.716177 112.152382 498.159302 241.671906
003383,0.930068 14 102.466331 10.084953 189.619705 332.073456 0.924425 14 16.396935 13.592873 116.263870 325.352692 0.507620 14 100.400391 8.876198 288.930511 331.917572 0.913647 14 187.388474 10.959921 288.802887 331.965302
003384,
003385,0.708417 14 144.652969 153.739365 177.659744 191.336395 0.768152 6 291.597015 132.667694 501.851929 332.170624 0.940775 6 347.518829 82.447624 447.659180 135.649170 0.837873 6 157.180435 76.486389 230.144150 137.175980 0.552842 6 1.248978 81.230301 171.979401 217.935852 0.961535 14 153.674072 70.185204 338.747375 331.888367 0.630681 14 309.129425 167.391647 343.926025 200.865723
003387,0.879256 6 67.655075 112.293076 437.196442 251.453171
003388,0.527064 14 202.183609 10.810366 253.817139 162.089508 0.543147 14 199.112991 11.383676 367.650146 334.101898 0.520799 14 327.556580 2.497900 442.914703 290.339661 0.582312 14 43.955631 33.516998 169.211182 165.317429 0.552766 14 40.373306 32.258156 130.544250 235.471893 0.557457 14 117.545082 35.699581 173.506638 153.242523 0.827201 14 70.990532 32.422817 173.287628 236.576385 0.772133 14 39.354507 31.115978 147.577347 239.354248 0.900118 14 203.206085 13.853376 423.940735 334.229492 0.567555 14 293.697449 14.784780 437.873108 266.842743 0.796376 14 291.141632 5.017500 443.284882 329.735962
003389,
003393,
003394,
003399,0.588815 14 366.420776 142.609741 398.574097 204.402069 0.870292 14 368.562805 142.427231 404.883331 243.055786 0.596168 14 328.333099 113.856018 358.379272 173.871338 0.961635 14 460.188568 113.940559 495.477448 250.229324 0.780912 14 366.478149 143.502441 405.450165 239.718094 0.850910 14 329.032104 114.496582 361.767273 204.734222 0.980714 14 109.723091 93.424591 169.112183 263.441376 0.794919 14 330.275909 114.627724 366.287750 237.163132 0.697396 14 327.057434 113.015076 356.232300 163.151535
003400,
003402,
003405,0.869555 6 49.870171 120.073219 282.352356 245.952850
003409,
003411,
003414,0.901799 14 26.941282 120.804482 43.818050 163.459274 0.819973 6 67.410316 121.346016 327.193146 184.022614 0.539526 14 106.809692 119.007668 121.745987 138.159485 0.653930 14 64.277443 120.233406 80.328537 156.227371 0.576055 14 166.500519 120.557426 179.680695 134.883942 0.927599 14 1.181740 121.130493 19.219265 166.579834 0.694441 14 0.908025 123.705933 12.824249 201.399704 0.957230 14 31.527594 120.707916 48.709793 163.456589 0.589505 6 60.197369 102.981667 330.378235 182.053299 0.763446 14 64.265556 120.885124 80.572746 158.249405 0.884568 14 89.179398 118.158852 106.075630 143.927383 0.602817 14 111.427444 118.369446 127.907738 139.005814 0.805469 14 76.058594 118.909378 94.883995 159.993958 0.820697 14 74.462486 119.324615 91.922966 153.787064
003418,0.959095 14 201.084198 249.301819 259.461853 352.573669
003423,0.758829 14 199.637436 92.305595 343.910950 274.195923 0.916006 14 7.330045 59.650394 263.332611 280.664154 0.782830 14 345.350189 68.114212 491.488068 260.364838
003426,0.655713 14 96.050339 15.578650 373.176941 333.820343
003427,0.722269 14 72.456100 19.665073 275.182861 374.765167
003428,
003431,0.963160 14 23.316521 18.053413 253.382431 501.487427
003432,
003434,0.634712 6 1.652483 265.858826 65.467384 345.297791 0.825913 14 416.851105 149.804047 500.353577 374.087769 0.570660 14 346.050018 138.486389 377.591309 188.358795 0.965311 14 341.723663 183.188309 433.109009 373.785706 0.804175 14 421.653656 148.150894 499.808411 272.310852 0.542510 14 160.296890 195.051163 231.717194 375.246277 0.788377 14 418.721527 150.140488 500.333801 368.932831 0.505933 14 341.382355 140.005814 383.986847 248.340012 0.803426 14 161.907883 105.848000 339.970490 374.376556 0.925406 14 343.173096 139.301926 378.917755 205.450638 0.887638 14 160.136703 103.921394 249.591888 373.565369 0.719255 14 157.618408 104.094543 245.237381 242.466537 0.746508 14 154.817612 103.914955 252.076004 374.435211 0.590271 14 439.415283 149.022308 498.243347 209.206741 0.899650 6 5.651986 167.279160 54.689781 195.613525 0.633077 14 160.039185 19.289207 352.901703 373.195984 0.870083 14 224.494659 131.400482 348.515533 310.459717 0.898287 14 226.106445 131.584778 348.122101 373.465240 0.604906 14 292.691315 184.499008 313.634430 220.715714
003437,
003438,
003440,
003442,0.671201 14 136.102737 75.958344 213.618301 136.303864 0.832174 14 396.807465 81.936806 435.010223 126.660309 0.944014 14 349.295135 81.596558 387.747955 125.530594 0.530685 14 137.124741 34.364433 216.353302 134.600677
003445,0.648129 0 18.828810 112.915138 492.203949 224.322327
003446,0.820945 14 394.661957 249.276917 419.565857 286.545319 0.624085 14 410.146637 68.195747 432.264191 90.909973 0.571555 4 159.570450 187.360550 204.505920 314.988708 0.567194 14 336.233185 245.284103 364.413208 293.905945
003447,
003448,0.513043 15 287.744354 250.978592 338.407013 340.533630 0.603487 15 285.525269 215.687149 345.606323 335.845276 0.755506 15 163.375687 185.461243 190.340591 225.355774 0.559484 15 126.326996 84.684868 177.547607 170.738434 0.651679 15 288.272339 171.533203 344.125763 242.818604 0.661457 15 164.779022 179.682114 197.080887 226.611679 0.601168 15 24.921610 204.574158 50.268799 247.344879 0.742018 15 252.718704 191.080765 288.207977 243.855988 0.630793 15 79.436646 83.295097 178.477905 174.499023
003454,0.700886 14 182.638901 73.830818 305.645233 322.891235 0.560941 14 419.746460 11.511988 469.426392 93.267250 0.524601 14 419.604645 0.771822 468.813171 92.193611 0.507999 14 422.601379 7.343718 466.858490 70.645775 0.885348 14 181.868057 67.843239 381.082947 372.123444
003456,
003457,
003459,0.577578 14 133.509384 36.554241 157.824829 97.853043 0.790299 14 376.459625 87.057060 492.669617 243.886948 0.501827 14 78.141418 80.246002 133.971375 161.158707 0.510770 14 332.833221 101.431000 382.506317 142.828705 0.919549 14 375.495667 85.187729 487.114838 207.421967 0.662024 14 80.616928 79.181458 127.572777 149.941757 0.811310 14 331.314148 102.532112 389.799347 186.221390 0.820351 14 130.375565 37.180920 165.002731 111.248283 0.949724 14 3.741145 120.785751 149.216248 283.974152 0.904063 14 141.641083 75.076172 173.782196 114.460808 0.708126 14 331.130310 102.651466 394.116730 207.025101 0.507651 14 69.272163 78.745277 104.495613 157.440018 0.659350 14 334.620880 99.626366 442.270172 210.651077 0.724582 14 84.732857 79.036980 124.426651 119.890396
003460,
003463,
003467,
003471,
003472,
003473,0.553387 15 124.923660 123.528816 155.458282 151.863327
003474,0.786853 14 423.168457 126.965111 441.808319 186.995697
003475,0.592701 6 317.468353 151.166916 478.386871 245.119858 0.968916 14 267.626495 160.936462 307.278412 276.350647 0.900003 14 218.953781 164.575165 263.266693 304.740448 0.807023 14 262.390900 161.852188 288.756378 274.832367 0.575319 6 61.428665 55.575733 479.970154 295.946167 0.945358 14 221.087936 164.129456 254.783936 233.218643
003476,0.909703 6 2.742157 338.505157 235.490875 375.071930
003478,
003479,0.513311 14 137.037567 2.553351 499.974304 333.617432 0.642639 14 246.521347 2.431581 502.289368 332.885986
003480,0.529483 6 76.579849 234.923248 298.697205 346.873993
003481,0.866552 6 363.572815 226.212677 416.731750 281.350586 0.885067 6 298.537079 241.611557 340.708740 274.931244 0.514635 6 434.533142 204.580307 476.462677 225.850311 0.902836 6 242.502197 287.232971 297.329773 330.662201
003482,0.520309 4 237.960220 212.915756 273.131012 271.271210 0.545357 14 202.290558 24.262033 315.649048 347.501099 0.892044 14 152.842758 24.718969 376.614929 349.416931 0.688237 14 248.268097 24.319288 374.750153 347.574005
003483,0.872215 14 31.913198 182.169540 75.750603 227.616806 0.629939 14 442.770111 177.002014 485.530914 206.737305 0.886742 14 444.665253 177.131760 471.756744 197.791824 0.973168 14 34.379032 181.646133 74.188011 227.453690 0.927434 14 1.102094 177.754486 19.624014 235.493057 0.710789 14 1.210888 177.197769 19.041832 208.189758 0.931131 14 215.784470 104.971901 370.522614 332.509857 0.623297 6 0.495706 240.187408 48.773148 333.382690
003485,0.856158 14 157.094513 102.301918 227.565948 321.509247 0.750632 14 202.449448 94.543320 385.054474 336.040680
003486,0.916756 14 147.527893 80.436333 161.936264 116.356430 0.517742 14 128.320419 81.680450 145.283768 132.116776 0.745737 14 87.552086 90.900871 96.991684 117.298676 0.675997 14 72.619034 87.143173 85.528145 113.148010 0.758457 14 37.459660 90.200790 49.008137 110.680229 0.538036 14 129.681839 81.901901 144.680557 129.399353 0.809676 14 211.768265 88.726822 223.624039 109.914032 0.726900 14 21.306595 85.002037 38.809216 170.391922 0.953094 14 0.985442 82.276863 27.406418 179.609406 0.877785 14 194.210815 82.624283 211.380463 109.694931 0.932880 14 113.338379 81.369057 128.148163 130.810440 0.509700 6 1.858495 102.981743 124.378616 223.795120 0.621880 14 136.046249 77.302231 156.709290 181.825714 0.889440 14 102.039223 87.381454 114.050323 126.572487 0.896047 14 70.148621 85.984062 87.117699 132.651947 0.755944 14 97.155785 90.378433 106.877998 121.656891 0.781995 14 21.972858 86.406754 35.488190 112.808601 0.918381 14 174.991821 82.845757 191.535065 111.694778
003488,0.731664 15 164.563034 102.131516 203.330093 138.092300 0.743658 15 99.939407 131.634674 138.488144 164.274551 0.690268 15 228.158890 83.871613 269.544861 114.866959 0.703871 15 280.834717 52.942799 331.737854 89.908241 0.659296 15 141.957611 102.365799 173.692764 142.201096 0.687374 15 43.385109 154.555374 89.776283 189.612885
003490,
003494,0.935847 14 50.152882 212.098831 108.634148 373.827759
003495,0.611410 14 1.064178 1.627386 79.368416 362.804535
003498,
003501,0.600519 14 49.600964 86.262535 151.735687 260.717499 0.961083 14 48.776421 85.943153 151.288101 333.327423 0.582123 14 266.041809 76.855484 345.784363 340.494995 0.722395 6 116.707756 1.180917 320.244843 54.576881 0.951012 14 260.346649 74.493774 367.047668 340.233337
003502,0.586452 8 10.463361 135.882339 103.627655 333.999878 0.530560 8 327.515747 152.322906 440.125366 348.735504 0.644170 8 220.390015 195.899673 335.052246 373.523773 0.689693 8 10.112118 135.574173 98.928246 312.680756 0.570002 8 96.058968 186.101532 219.667130 373.998688 0.679593 8 221.551392 193.314651 338.273315 373.391449 0.581382 8 220.431503 189.048080 350.510956 373.708954 0.568044 8 221.302658 181.499283 359.122833 373.871765
003503,0.536721 6 1.399554 171.575928 85.514397 260.498718 0.683992 14 0.957264 190.873840 31.318419 334.702026 0.966947 14 19.290289 181.035980 53.355442 282.156342 0.926096 14 1.210474 180.391129 41.643726 334.809692 0.753796 6 2.015389 176.852524 103.658051 253.331512 0.926323 6 457.138153 187.209000 500.194733 233.985001
003504,
003505,0.979783 14 200.515869 85.071022 312.475433 302.681305
003507,0.837174 14 205.507675 143.552475 228.105591 184.068268 0.760050 14 372.105713 168.659363 399.440765 220.843338 0.524354 14 129.131104 71.151741 162.084137 180.803513 0.696556 14 129.841461 116.391968 163.951263 177.459000 0.948541 14 74.227814 224.224899 103.518181 268.106903 0.828727 14 235.822830 137.438721 261.010651 164.786789
003512,0.899332 14 247.564697 116.913582 275.829224 143.909973 0.919942 6 164.773666 97.350098 396.933655 210.184189
003513,0.677778 6 151.051346 174.779419 273.284576 259.282898
003514,
003515,0.712122 6 74.508575 63.705933 399.425354 224.014008 0.706323 14 95.321877 87.831177 118.808807 133.898239 0.651193 14 61.301243 82.918930 86.121529 135.716751 0.647450 14 338.069061 62.836647 364.504425 102.881683 0.818632 14 463.199188 80.567276 491.568695 122.041115 0.592023 14 85.123734 86.995529 120.533478 207.786255 0.879654 14 57.874645 84.957794 88.129654 193.872528 0.918036 14 1.368562 85.294090 49.143425 244.279663 0.888612 14 336.183868 62.680565 366.357239 113.546669 0.833710 14 85.562897 84.887238 114.691254 144.037445 0.900597 14 1.795014 83.343475 44.169678 157.643967 0.536465 14 92.643074 87.979118 122.304268 165.815704 0.540851 14 465.938660 81.810913 489.326813 113.351425 0.746306 14 66.254501 85.086296 108.221359 202.340393 0.536964 14 33.069698 87.689133 53.525658 154.835159 0.650904 14 83.927773 86.949913 115.404030 176.856277 0.822608 14 308.253479 93.977135 337.990753 132.345352 0.512006 14 69.198776 82.297951 94.069054 138.527466
003517,0.852071 6 34.800423 92.439087 114.113388 144.858047 0.849564 6 403.586060 95.782913 500.022064 159.364761 0.558779 6 1.324277 69.899467 46.656754 140.059494 0.965517 14 337.743866 49.708832 413.328400 229.272324
003520,0.810974 14 86.177734 157.845428 111.862404 204.468445 0.676843 14 88.836792 29.384747 183.080322 355.409027 0.793920 14 91.548851 26.726156 181.278793 279.364502 0.764616 14 155.390808 35.242573 176.572601 88.444359
003523,0.830762 6 171.990845 136.923874 352.983093 270.907898
003526,
003527,0.743837 14 98.466194 168.564560 121.454269 212.092255 0.968337 14 89.121536 232.593170 133.252365 322.195038 0.824373 14 111.094551 173.830032 131.604935 203.520447 0.739925 14 101.133934 220.972198 129.054382 319.827667 0.932238 6 159.531693 232.253159 200.443253 258.179749 0.502211 14 79.499107 171.441727 102.611435 283.627136 0.977365 14 38.529987 233.101105 90.707123 359.854797 0.755137 14 52.415249 223.206375 90.336662 357.559418 0.609094 14 74.699829 219.854385 94.709694 288.263062 0.938222 6 217.553528 246.118958 374.931030 370.103302
003531,0.908148 14 77.883080 61.691086 149.106644 297.355225 0.685548 14 78.226143 61.912033 148.909103 230.193817
003532,0.701578 14 261.238098 114.894302 276.209839 135.371124 0.915983 14 363.817261 135.966309 381.378418 157.485397
003533,
003534,0.921241 14 304.833191 18.974176 500.008118 332.544373 0.564967 14 292.508789 26.111572 499.538666 331.479431 0.589253 14 226.936615 2.315399 325.725708 274.214172 0.828099 14 2.060507 2.204228 120.407463 266.902191 0.726777 14 228.715302 3.439252 441.752258 329.068512 0.655109 14 229.893280 2.238467 388.300659 249.067093 0.780458 14 233.584000 3.295203 500.516937 332.365753
003535,
003538,0.595525 14 186.929688 46.551235 295.986969 332.045532 0.886970 14 187.620758 15.011207 388.804138 334.976044 0.520161 14 212.415863 14.696617 382.399689 334.889893
003540,
003541,0.615347 14 36.856049 77.793198 169.236343 353.703033 0.889595 14 42.994850 75.989815 168.753082 500.450256 0.883773 14 63.233665 20.396799 246.031479 500.968811
003542,0.587959 1 41.799755 161.718643 170.709564 242.124512 0.701989 14 221.365585 54.008045 266.108215 94.490089 0.618968 1 238.610031 170.168716 305.530548 213.289612 0.933582 14 246.122208 140.747406 287.270996 184.623032 0.842685 14 430.007507 132.249741 457.341003 171.436218 0.919972 14 153.239243 134.939011 210.222672 204.708832 0.602723 1 170.074448 164.915421 230.168381 215.409607 0.712647 14 112.961296 123.867599 155.428238 214.959915 0.765591 14 215.759842 54.076038 269.588257 172.716263 0.727748 14 68.741524 142.205978 126.249954 217.279633 0.615934 14 156.710953 133.826370 210.595276 183.864365 0.615111 1 88.103165 171.391129 173.252609 242.166550 0.895458 14 217.775864 123.612282 258.140167 195.116577 0.681716 14 114.167572 121.915909 154.955383 178.788391 0.940474 14 69.301582 123.388634 156.201752 217.896851 0.518845 14 114.501984 125.981544 154.631943 185.049850 0.873955 14 235.007462 140.426987 288.217377 198.267395 0.735191 1 173.553162 163.352493 303.960571 217.185333
003543,0.517996 15 160.161453 56.034084 178.793350 77.339684 0.710480 14 59.135746 25.088497 121.682915 128.336105 0.602785 14 5.331498 52.368523 38.861870 135.759109 0.934780 14 110.712746 60.815948 142.689651 129.232910 0.726729 14 87.711136 55.025288 118.399925 128.339767 0.921466 14 8.788290 53.065853 39.250607 129.246613
003544,0.661165 15 310.913940 224.844940 338.923828 292.466339
003545,
003547,
003552,0.884984 6 63.393757 124.365738 500.910889 282.623718
003553,0.600345 6 1.993872 176.367020 107.756088 262.863983 0.781515 6 1.993272 164.036255 105.715813 233.400681 0.908495 14 103.985130 184.279434 122.083946 208.586090 0.839676 6 27.479530 126.242447 500.669434 333.390625 0.747464 6 32.560184 165.961975 485.128693 332.897125 0.718472 14 80.212563 185.622574 96.163155 204.532700
003557,0.701519 14 207.457108 92.527565 268.625732 211.617584 0.525232 12 182.081879 132.669067 274.504028 233.970215 0.834367 14 204.524658 93.227676 272.529510 236.371552
003558,0.938036 14 304.366699 273.330444 356.072083 373.492218
003559,0.884474 6 20.479277 208.242432 370.310730 328.999390
003560,0.738794 14 223.778305 75.038406 276.524353 142.649704
003561,
003562,0.509774 6 224.461319 112.704491 267.045746 125.384361 0.594920 14 64.900414 33.216141 240.286041 257.051666
003563,0.823676 14 154.250870 124.318352 174.293442 161.158737 0.809494 14 132.123459 124.304184 153.810486 155.251221
003568,0.580435 14 266.437775 262.277435 282.452393 303.518402
003569,0.721088 6 276.503479 163.280701 296.339630 198.375854
003570,0.826316 6 73.947205 109.815964 481.052582 282.936859
003571,
003572,
003573,0.957066 14 380.432861 91.950157 449.492615 360.133850 0.536119 14 287.026550 126.058830 381.007233 372.997864 0.554909 14 395.589478 94.229622 449.857880 331.551910 0.942911 14 147.025284 133.129135 244.955933 373.778625 0.966579 14 366.927765 176.460007 397.610687 234.936493 0.728802 14 56.191513 98.834877 241.146530 374.897400 0.967668 14 53.978752 99.470917 164.114609 374.409027 0.624608 14 283.368286 124.969238 380.417633 373.711975 0.976397 14 284.374481 125.061424 411.953613 373.720581
003574,0.554130 0 5.658910 43.885002 487.142334 240.209091
003578,0.864165 6 2.599541 148.718842 215.535080 258.771423 0.606851 6 2.018429 147.152969 72.622299 171.081970 0.694704 14 17.099417 145.667313 37.421505 170.889709 0.608202 1 285.120605 248.747253 357.119781 355.714661 0.527857 6 136.564407 99.229935 248.500900 173.129715
003579,0.822118 14 151.969040 103.177956 211.603821 330.396729 0.822900 14 110.662598 100.485947 216.233978 455.472351 0.698796 14 113.561890 99.872040 214.556198 331.338745
003581,0.577507 14 218.210754 -0.166023 258.524780 67.235161 0.967358 14 2.362691 24.193089 189.182968 374.935730 0.575544 6 228.553436 10.670951 291.661346 60.691639 0.958746 14 245.607193 24.590202 403.476898 375.012878
003582,0.853209 14 64.550911 130.682495 87.267616 154.725586 0.579035 14 77.074768 23.272259 99.669769 53.919304 0.915120 14 255.152786 139.809753 275.654236 155.983292 0.591081 14 161.965714 54.437859 186.667816 85.258423
003583,0.959240 14 462.011658 181.750214 480.245819 291.109406 0.776739 14 173.772797 6.138750 277.744690 186.902512 0.511412 14 70.132286 107.938255 138.361526 318.188263 0.941929 14 177.395355 5.947909 285.027161 317.896179
003584,0.686294 14 122.010284 12.016363 161.422867 75.126686 0.775335 14 94.463806 13.101791 167.432159 171.257416 0.660302 14 120.499153 11.858950 163.000626 169.800247
003590,0.560180 4 205.465393 220.638809 219.438812 258.983582 0.513829 4 203.952911 222.452820 221.500458 307.367645 0.961670 14 329.050049 143.618225 401.992035 332.854187 0.907863 14 30.850813 7.105887 95.099640 279.155487 0.686973 4 153.184570 195.656860 169.590012 274.325958 0.817350 14 27.860657 7.231616 100.868629 357.330322 0.758325 14 7.178553 5.843650 170.491852 374.231873
003591,0.701536 15 343.069824 22.760454 416.001709 92.843010
003592,0.876658 14 214.187027 166.141968 226.740585 205.747528 0.928354 14 12.440815 109.170097 112.938499 445.659607
003595,0.763656 14 250.182861 81.133148 289.049438 136.565048 0.939986 14 204.667847 49.158386 271.387085 139.018890 0.620488 14 339.718628 41.360245 453.991821 222.862488 0.923069 14 66.978180 69.123177 164.099960 169.972733 0.533915 14 359.447205 44.836887 416.362610 121.113129 0.848475 14 292.265594 78.434731 341.050446 135.568909 0.890238 14 399.200073 38.202446 450.773285 135.944138 0.740921 14 443.642365 128.623276 496.074554 223.732483 0.563624 14 376.870300 79.763824 449.768585 225.141968 0.592613 14 366.836182 81.745033 417.788330 150.164795 0.683609 14 344.444275 39.937057 451.228485 140.975235 0.803844 14 259.107819 40.678959 341.885315 133.157928 0.930588 14 8.805830 55.720661 72.208122 215.925537 0.854525 14 346.265320 44.641266 433.290009 136.047409 0.632500 14 398.924683 38.380703 444.600983 101.177238 0.776764 14 71.719795 69.037781 145.807419 167.500183 0.511605 14 9.859458 59.325981 178.601852 222.543457 0.554807 14 66.774010 69.548370 169.438950 217.026917 0.731381 14 339.906830 42.704239 449.898102 149.441177 0.914935 14 284.165192 43.440338 346.901581 132.135529
003598,0.526546 14 117.515221 44.812359 275.049255 148.847717
003600,0.507962 14 190.531815 31.262722 348.671173 370.871155 0.566450 14 1.722779 199.324860 94.600021 390.277924 0.891286 14 192.326569 31.499748 403.583435 370.951874 0.566346 14 194.481155 31.561234 434.339294 371.309357
003601,
003602,0.605121 14 178.957657 47.802986 295.580872 331.287354 0.502686 14 12.526289 46.642433 294.016724 332.819366 0.726592 14 15.592821 53.966255 178.407547 332.762939 0.793745 14 310.799438 33.759804 435.927704 330.245575
003607,0.604964 6 1.149137 89.801651 374.913422 501.351593
003610,
003612,0.934719 14 210.981750 100.334991 351.453033 332.319031
003613,0.698557 14 1.267746 176.652283 43.871883 358.863342 0.922023 14 2.097286 173.963699 120.936630 358.431122
003615,
003616,0.975150 14 191.213821 66.945221 251.732224 226.616760
003617,0.758411 14 110.635986 25.102903 144.162537 70.748360 0.932897 14 60.442120 79.385887 248.093369 375.751099 0.726990 14 109.962212 87.231911 136.216827 118.578865 0.971623 14 271.868347 78.608383 489.139191 349.198883
003619,0.759933 14 168.136932 79.575821 316.354980 353.265289 0.618971 14 165.285553 43.289532 197.314468 167.974075 0.755496 14 183.621552 118.309265 310.696533 351.818359 0.848518 14 164.521133 43.135723 206.712509 175.109131 0.924691 14 164.519196 283.229126 203.917892 348.766632 0.815301 14 174.973160 42.189987 349.834045 355.254456 0.836244 14 165.954407 118.406479 313.227478 388.251251
003624,
003626,
003630,0.926436 6 204.036713 140.575974 334.608368 205.968460
003631,0.936732 14 211.026688 39.844395 258.772614 89.332214 0.969174 14 387.243683 34.498158 491.046722 340.082794 0.855673 14 81.386726 58.418262 103.804970 84.127892 0.853133 14 358.992615 42.765202 395.803467 76.106888 0.513203 14 388.730469 140.246216 427.989014 218.814301 0.684596 14 204.895981 117.159897 238.756378 169.831802 0.515963 14 208.843582 39.375065 274.831268 156.349731 0.780389 14 357.710571 39.989254 398.618713 120.296677 0.776982 14 211.666000 39.461063 274.462708 198.639572 0.959705 14 127.597183 57.656109 153.988754 93.080978 0.791086 14 384.432312 142.175415 435.053284 287.225464 0.885384 14 202.251831 116.948036 240.775742 208.703812 0.670638 14 81.813950 56.606228 106.409119 99.471542
003633,0.860729 14 290.724243 134.863480 315.460541 161.930847
003637,
003641,0.888295 14 159.108734 73.930771 243.552841 216.411270 0.940804 14 158.506668 74.041374 243.916733 307.291443
003643,0.590473 15 315.259644 202.857590 343.885620 263.550323 0.815593 14 331.388794 174.399780 359.448273 262.367096 0.669680 15 69.106300 235.035553 91.003540 269.934235 0.809520 14 65.599915 71.977318 334.551086 413.841034
003647,0.592728 14 6.212093 2.287444 219.169495 317.526398
003649,0.618411 14 294.844666 165.891861 314.263367 206.116928 0.595293 14 226.785400 150.257568 282.460144 273.738678 0.972456 14 388.913422 140.656876 500.125763 332.512054 0.694675 14 328.912170 143.435532 364.410248 192.627518 0.629720 14 364.267334 215.781464 396.490601 269.927032 0.501395 14 395.790009 141.684113 499.571289 281.468109 0.648749 14 237.909210 148.728729 272.533081 196.921799 0.522234 14 122.352242 98.670837 195.060974 253.272308 0.918259 14 307.832397 147.530396 341.268280 198.286926 0.864867 14 232.714386 148.745270 292.844147 207.256989 0.755405 14 55.190525 147.565247 149.000259 276.231445 0.895996 14 2.903271 117.761986 123.263611 332.687195 0.820244 14 321.697144 144.897919 363.274841 232.882034 0.834871 14 155.701126 152.637772 194.058838 256.691956 0.768911 14 73.012901 147.771332 146.863358 260.889038 0.626661 4 271.428467 171.462769 296.446625 275.511047 0.758094 14 229.619705 150.272125 295.730927 283.249420 0.515344 14 397.859924 142.977463 498.228851 266.797699 0.784956 14 3.202945 117.105019 183.504440 333.713104 0.851296 14 155.674545 151.400208 190.864212 216.917770 0.636495 14 295.763763 146.030823 395.510345 242.826950 0.667372 14 73.545082 147.779083 179.076157 268.273773 0.534866 14 362.574036 141.994064 481.017303 327.555847 0.908967 14 125.960114 157.489700 167.265945 236.707809 0.923252 14 327.932770 144.008270 390.511322 265.058655 0.701061 4 271.884399 173.050873 294.694824 274.117035 0.503563 14 126.465546 154.417709 159.165131 204.971054 0.504925 14 295.739655 140.830170 403.777588 331.419159 0.796883 14 300.209198 148.565582 343.877289 217.560822
003650,0.948889 14 213.569260 67.183662 378.030701 228.340866
003652,
003653,0.550794 14 121.124359 216.038010 157.569199 249.399063 0.638952 14 30.718866 315.176331 57.706047 343.771790
003659,0.980936 14 165.169327 127.198822 228.602432 240.076523
003661,0.819299 14 162.181702 361.342163 180.679474 407.686371 0.801767 14 254.144104 317.818329 278.441742 347.489716 0.956866 14 125.037117 360.384186 147.470245 411.209259 0.908556 6 126.545799 302.724304 373.477936 436.349152
003665,0.705703 14 142.555206 141.608063 277.782074 350.969055 0.871468 14 4.844844 38.560276 278.509918 361.559662 0.694246 14 290.752655 107.187569 430.963928 331.984192 0.750471 14 289.105774 107.349831 428.826447 303.076691 0.956335 14 295.332855 108.048279 499.983612 374.598022
003666,0.564445 6 20.048349 53.033733 418.540131 287.198792
003668,
003670,0.699288 14 143.296951 71.277550 246.292389 217.872299 0.900435 14 140.419220 72.617699 295.682678 224.314499
003672,
003676,0.550249 15 146.224945 74.818771 192.906082 258.028809 0.547011 15 138.222015 170.130142 180.093826 255.601242
003677,0.618962 6 1.987271 56.994736 153.152771 167.249893 0.960302 14 147.134857 24.808062 256.823792 231.150375 0.556552 14 199.459488 22.786861 255.276917 256.976471 0.813091 6 18.142015 57.316402 380.018555 430.779205 0.763282 14 286.736786 143.193695 344.444458 265.736481 0.903743 14 284.382843 143.710480 347.832397 280.578674 0.619418 6 252.389603 133.794189 376.573395 188.606308
003680,0.592491 14 115.564865 2.886197 141.701797 55.769596 0.784025 14 303.952454 284.949463 352.012024 374.550079 0.817665 14 302.180511 286.577240 396.716614 374.672485 0.658251 14 111.166298 5.605638 179.157700 346.090576 0.894216 14 0.881752 228.065109 47.549389 376.596313 0.535229 14 202.973816 309.279419 252.216812 374.716125 0.626495 14 112.964226 6.396733 174.805893 140.736938 0.849899 14 273.707520 7.011937 316.483429 127.412285 0.523387 14 74.940857 -0.058003 112.516907 138.566757 0.892828 14 310.715729 2.984617 351.896240 135.855240 0.550341 14 146.190964 5.607060 177.189178 71.202858 0.719504 14 115.008469 2.238823 142.612579 60.838310 0.767595 14 1.167613 11.067588 27.947720 144.890930 0.511283 14 142.353745 10.375003 168.538422 66.069695 0.906343 14 82.225281 0.174064 125.654266 148.125366 0.687445 14 154.057358 2.358388 180.327026 65.235558 0.519139 14 73.463203 -0.373799 102.824974 124.165344 0.546904 14 114.206917 2.703426 144.586472 139.836899 0.636012 14 255.710724 6.785419 353.575470 323.332642 0.579053 14 253.220795 123.249290 326.503387 321.739410 0.802167 14 345.599792 6.660948 383.199951 120.184601 0.924351 14 202.016312 309.051544 283.720673 374.660706 0.688915 14 98.176979 0.959884 130.736465 97.299370
003682,
003683,
003686,
003687,0.899798 14 362.571411 246.107910 376.901276 281.105225
003689,
003692,0.581274 6 1.481567 134.970139 38.301903 152.117981 0.659725 6 128.302124 124.592262 333.539886 155.720428 0.557471 6 352.574646 128.321594 458.011139 152.093140 0.557517 6 348.279236 119.844215 461.315521 151.266052 0.812222 6 283.950623 125.188484 363.630524 154.407043 0.888249 6 128.700638 129.615326 178.873993 151.941498 0.755458 14 1.075541 136.193558 14.616829 150.471024 0.567965 6 131.882935 132.106110 268.123260 154.997574 0.936048 6 2.776876 125.019463 111.198181 155.346161 0.655468 6 290.987823 136.470352 365.236023 155.848297 0.533939 6 39.547775 126.377525 105.906113 152.291061 0.917021 6 444.169495 125.251991 500.054291 150.615891 0.529983 6 281.139587 125.252113 329.544464 151.613998
003693,
003697,
003701,0.927362 6 47.477512 264.445282 155.178131 335.393768 0.520798 14 273.340179 113.461121 290.014038 156.436234 0.869816 6 158.979065 116.668076 338.307587 204.578781 0.767351 14 169.148560 96.059441 213.054413 150.046982 0.931152 14 475.137634 256.072449 500.368073 371.122742 0.604602 14 239.072266 99.295990 275.326721 155.635147 0.923828 14 292.131226 116.010872 327.894531 158.907532 0.741735 14 265.889221 133.207245 298.104279 169.322296 0.921066 14 167.029999 96.873436 217.796646 202.784256 0.956118 14 239.533279 99.577415 273.074127 154.995270 0.651452 14 291.043060 116.785774 331.233459 182.022980
003702,0.895037 14 372.285858 29.185379 429.138214 114.003738 0.552284 14 372.451965 30.855389 406.690247 82.467941
003707,0.633906 14 4.603580 4.948843 486.076172 374.619720 0.734991 14 133.233871 18.060297 487.473267 375.725891 0.854320 14 242.963104 19.353960 488.057465 375.306000
003710,0.687122 14 248.513474 48.536671 278.430298 77.759094
003712,
003715,0.536747 6 0.868537 105.425690 28.879435 212.593628 0.654596 6 42.759808 48.647091 481.240662 267.036499
003716,0.667058 15 119.180458 222.223175 134.356750 251.027222 0.598717 15 120.020561 123.371407 137.377701 161.793045 0.665380 15 119.944038 313.365509 133.299667 339.469025
003718,
003719,
003720,0.862211 14 344.177460 96.257950 482.272949 302.538605 0.600642 14 323.591919 119.905632 356.672668 232.729904 0.934079 14 162.044418 75.167274 219.246140 197.228058 0.724645 14 130.486481 76.298096 230.849716 313.870575 0.882950 14 347.531769 95.945457 427.245697 223.121552 0.723089 14 344.970062 96.428123 432.122925 302.565826 0.626189 14 316.677765 119.477150 351.726379 172.605850
003723,0.728473 6 398.557648 184.972702 497.890930 275.676788 0.816692 14 437.350677 177.311951 462.378021 243.088730 0.785336 14 437.550201 177.997269 465.045227 266.696198 0.868137 14 436.746582 177.454803 462.977478 253.326492 0.964924 14 390.349487 167.812286 426.197906 231.790695
003724,
003725,0.762663 14 11.086099 2.067559 167.255707 207.218994 0.574483 4 216.914551 88.344261 241.519913 156.024048 0.533121 14 1.760308 65.412453 71.621552 226.138763 0.683539 4 214.517593 88.940765 244.775497 181.705841 0.521583 14 26.221424 69.318504 72.004631 219.088776 0.873970 14 109.180092 6.954823 214.293396 201.847992 0.761409 14 112.699654 8.267797 212.811234 173.283981 0.938315 14 328.054016 28.360264 423.146973 158.190155 0.601621 14 11.531517 2.188101 210.398224 217.769287 0.770610 14 24.637251 68.106194 63.916183 144.458893 0.556479 14 321.951141 28.665718 426.708099 172.482697
003726,
003728,0.833825 14 179.694412 139.571411 221.877930 220.818268 0.806241 14 5.189344 35.710976 295.606079 366.824493
003730,
003731,
003733,0.601840 14 296.575928 78.316338 316.011353 93.180542 0.671984 6 61.135456 91.047821 207.613220 205.718765 0.845319 14 485.497559 100.281235 500.077545 124.675781 0.590599 14 275.734070 126.593086 309.393524 205.057419 0.558721 6 51.220463 89.687828 208.356720 205.831940 0.593014 6 3.014810 89.462532 205.436890 201.031219 0.692826 6 219.169586 84.826202 502.230774 199.203064
003734,0.715725 14 213.542526 165.575409 240.570206 264.523010 0.636112 14 82.529602 93.404877 206.503769 433.083191 0.790376 14 119.587128 92.599976 203.759430 293.386292 0.822971 14 121.888374 92.486519 186.282913 292.114044
003736,0.710493 14 129.692673 132.707748 173.074219 178.645691 0.764510 14 156.538361 42.327572 396.215851 274.893127
003737,0.526040 14 44.893623 24.242350 96.953522 129.750549 0.920876 14 47.191410 26.280708 97.020081 108.106903 0.875323 14 2.659589 20.808802 263.892334 500.316620
003738,
003739,0.743125 14 3.913406 126.309669 127.639267 374.364838 0.705075 14 2.151106 121.799828 117.846802 374.462677 0.658863 14 3.271654 126.936203 186.695312 375.936615
003741,0.541938 6 20.607098 352.127686 147.874725 464.196442
003742,0.570407 14 2.400935 17.162895 175.926483 194.049698
003744,
003745,0.643659 14 24.922789 213.808914 46.142883 249.083405 0.945063 14 50.286812 36.956879 176.171143 471.706696 0.575363 14 6.417413 34.645012 170.630966 473.170380
003746,0.526116 14 95.339661 98.411789 134.998093 137.173218 0.838899 14 411.730865 78.506546 499.545013 292.894226 0.514189 14 464.447662 43.218712 500.112823 181.289978 0.587278 14 413.535919 44.641289 499.618500 219.820175 0.610000 14 413.961487 45.158733 500.374023 344.228271 0.956798 14 90.930191 99.899185 140.120911 183.886780 0.576701 1 41.823490 138.383392 260.294373 261.456543 0.958506 14 120.667671 78.689888 199.738983 226.046295 0.937316 14 408.909149 75.665703 485.691071 212.191879 0.508610 1 286.374847 140.486069 468.105103 309.114746 0.785374 14 344.357330 76.003242 493.935669 270.609680
003747,0.611123 14 147.858124 384.336914 181.958908 491.224731 0.898007 14 153.370636 380.713165 179.843842 422.423950 0.887030 14 184.864471 381.125702 209.297806 417.328003 0.839646 14 33.638302 6.363019 208.865616 318.583069 0.870382 14 123.384315 459.469818 150.165131 499.525879
003755,0.536201 8 339.214172 197.312500 450.166077 313.036987 0.761765 14 430.383331 76.916077 467.266449 120.463211
003756,
003757,
003761,0.750725 15 305.824432 153.745712 353.291412 215.748871
003762,
003764,0.576416 14 98.756027 13.948481 200.347733 155.012909 0.803580 14 98.600197 14.390654 200.733505 189.221970
003765,0.616326 14 31.063522 210.560013 91.490723 412.200043 0.673852 14 177.630264 183.967026 242.880875 499.529999 0.946678 14 181.217743 69.172020 239.351166 260.880219 0.676067 14 30.321442 208.435562 90.504921 338.956512 0.690409 14 184.454636 179.965973 244.742126 266.469452 0.916407 14 29.374798 208.587860 94.620926 427.042694 0.705898 14 176.140594 71.687416 245.572357 499.461761 0.501801 14 33.553913 280.233582 87.139473 426.965912 0.800371 14 178.155777 176.123764 248.215454 498.721741 0.880642 14 174.547806 256.249084 236.295563 498.487183
003766,
003768,0.751480 14 123.639366 42.743156 174.851288 200.718979 0.610239 14 125.079674 42.912712 173.335709 124.068047 0.938594 14 168.858261 5.926883 295.797974 236.344864
003769,0.569405 14 153.811661 83.343880 168.055176 108.347603 0.826263 14 169.053558 82.321396 183.000961 112.913254 0.527377 6 18.142941 122.880051 234.380585 259.806274 0.812838 14 104.230751 82.476913 120.954086 104.428596 0.511403 14 33.488174 87.620415 44.330631 107.679832 0.783162 14 145.727676 83.657387 160.684021 106.556694 0.755409 14 0.712672 92.594772 11.945767 199.882843 0.796526 14 134.124435 118.640656 155.322571 147.462723 0.648196 14 36.591000 82.347862 58.680527 172.095322 0.961748 14 48.872292 83.105667 73.652245 163.388428 0.642338 14 10.269849 89.548386 22.341730 112.984039 0.688328 14 20.977428 88.423294 33.986317 111.609459 0.963362 14 236.149277 81.422722 259.122070 239.903885 0.900776 14 181.931137 81.047302 204.279053 118.159546
003770,0.505534 15 184.133499 98.667442 240.300201 178.661774 0.626710 15 72.550468 31.997276 97.851479 62.416801 0.654118 15 354.208893 178.468201 424.805450 239.639099 0.655569 15 310.378876 103.883217 376.689697 171.189896 0.560008 15 77.701935 159.711258 151.969666 217.617050 0.703615 15 247.180405 154.467834 276.430542 192.661621 0.623229 15 275.454376 153.170441 305.488007 189.371094
003771,0.666596 14 181.819687 129.074844 304.605042 306.459167 0.575801 14 470.720551 142.479004 500.262268 302.290436 0.875473 14 447.595917 139.492813 500.532166 367.809937 0.695418 14 27.345247 72.434616 195.260193 327.754272 0.542971 14 304.718628 166.491165 391.422089 291.208160 0.928128 14 25.689333 70.757767 194.874664 373.756683 0.924283 14 180.887192 129.501770 371.354309 317.651672 0.883449 14 312.344452 168.151398 391.211304 317.790588 0.841381 14 327.052185 167.887421 390.458160 316.592804
003775,
003776,
003777,
003778,0.524419 14 33.979118 69.176346 303.862854 469.754608 0.605055 14 29.614069 69.100021 200.201721 392.628784
003782,
003785,
003787,
003789,0.754787 14 423.716156 24.525381 473.671539 239.091873 0.943218 14 145.769623 228.654984 229.515198 333.215271 0.506087 14 168.100937 227.159546 206.188843 278.016022 0.532087 14 458.078949 27.120535 483.643311 71.619682 0.517219 14 296.224548 26.615919 412.290344 195.875854 0.640360 14 292.146454 25.296955 477.823242 257.638916
003794,0.822545 14 157.618759 3.050823 498.499695 375.744324 0.762868 14 277.179657 2.596121 501.813782 375.128876
003795,0.509080 14 336.170349 25.654343 466.178497 400.546753 0.920020 14 53.143456 26.297329 250.400848 411.630066 0.861024 14 227.082169 4.956373 329.883118 389.314362 0.712108 14 340.093262 26.849312 457.224121 229.295410 0.840504 14 338.141174 29.293018 460.192780 329.231049
003799,
003800,
003801,
003802,
003804,
003805,
003810,0.676489 6 20.705759 136.826080 208.234741 255.081772 0.696963 6 1.700774 147.300598 84.320793 257.520844 0.979015 14 315.553436 99.796494 374.138824 217.717102 0.839769 6 1.192944 137.539368 27.727524 169.692932 0.575321 6 238.751556 131.347336 367.768433 228.848862
003812,0.778868 14 109.841080 71.252838 456.471893 375.007568
003813,
003815,0.939811 14 288.436188 123.805145 316.835358 148.518799 0.897868 14 287.093597 121.860901 335.389160 217.618103 0.913445 14 241.472748 11.551966 274.603088 87.584206 0.918917 6 191.963348 112.791656 429.928345 210.659836
003816,
003819,0.518506 14 6.546810 0.833545 273.578094 361.149292 0.887160 14 10.550648 1.220892 200.870972 324.762543
003822,
003823,
003825,0.508451 14 49.112530 4.729125 313.381927 366.220581 0.637666 14 54.414101 4.722431 297.562988 270.931152 0.730211 14 72.842468 3.163207 237.968353 255.145355 0.669132 14 214.751419 61.379292 412.930145 299.029022
003829,0.802063 14 40.516361 190.231216 60.642799 210.671646 0.819886 14 376.672974 129.433014 396.399506 152.884842 0.975918 14 435.744812 187.345932 457.653290 257.033752 0.628408 14 390.845032 158.800323 418.972931 209.633255 0.526102 14 387.597076 161.862396 414.304565 245.852936 0.640638 14 374.569275 129.828522 401.034454 247.653656 0.945423 14 388.624817 160.879211 420.154419 242.056000
003831,0.653645 14 44.193314 22.474407 281.398132 364.828735 0.890668 14 43.910072 22.167686 225.383591 364.934753 0.772268 14 160.302078 86.545891 283.497955 326.716583
003832,
003833,0.534780 14 249.824707 15.454120 277.921844 60.584503 0.811892 14 57.222103 30.663214 104.237602 139.070068 0.860869 14 469.149658 14.179679 499.610657 91.681679 0.965251 14 400.808411 11.600555 435.652466 109.751656 0.778399 14 247.675598 13.220880 279.506866 89.794701 0.697433 14 53.429455 35.948376 81.031311 140.202942 0.942170 14 378.373444 15.328667 408.811615 113.398743 0.956335 14 197.052322 50.238956 225.889343 113.728645 0.774358 14 475.199554 15.950553 499.977203 51.265755 0.599511 14 67.907867 30.325069 105.104836 124.108742 0.881605 14 189.329437 58.161289 351.599579 271.094208 0.723545 14 188.649887 15.524296 352.257019 270.844482
003836,
003839,0.757695 14 244.187500 156.686539 272.923920 195.845627 0.956733 14 212.337006 164.042526 263.244110 238.367722 0.906307 14 244.854401 158.009003 274.489929 215.124161 0.967810 14 262.157227 153.061966 330.292328 223.836777 0.576289 14 294.987732 27.764671 326.220459 64.697891
003840,
003841,
003842,
003843,
003850,
003851,0.944733 14 100.722977 324.556763 134.808563 444.914154 0.965279 14 3.937560 325.700958 48.631836 462.266663 0.958679 14 130.960556 212.563721 241.042145 466.227814 0.680020 1 123.580910 315.408051 279.934906 492.614319
003852,0.530356 14 2.441853 36.705280 133.910568 288.979401
003853,0.511797 14 36.216789 41.866909 78.967949 95.210533 0.820902 14 1.818938 65.863335 41.785599 99.642990 0.643412 14 72.106407 65.190659 136.651886 134.956268 0.939260 14 37.351288 52.687981 73.369652 84.585228 0.567565 14 2.138998 65.680557 76.159836 118.171387 0.919416 14 291.674805 27.924067 335.937866 97.191956 0.782685 14 293.341583 28.258678 333.015747 54.187252 0.880644 14 343.993866 80.810600 459.516205 133.967667
003854,
003858,0.982797 14 390.593964 116.307632 466.551880 371.744080 0.942784 14 323.042572 186.834381 365.888611 257.391846 0.736180 14 231.046814 179.856842 270.933411 223.790131 0.521335 14 221.951370 182.754013 276.184143 282.446625 0.938237 14 221.835617 182.852661 277.457184 315.600250 0.982627 14 65.630600 141.118042 163.312927 373.169342 0.905373 14 323.616791 187.355072 368.320892 354.533417 0.533151 14 219.775055 183.291641 279.158875 373.941132 0.645272 14 235.757156 180.417709 337.300415 334.555145 0.975441 14 358.030487 174.463760 407.690704 312.487671 0.971978 14 231.815536 179.021790 339.174103 373.696075
003862,
003864,
003867,0.639403 14 255.842331 63.128571 301.400360 139.442780 0.542677 14 165.703003 76.134804 346.320679 365.772675 0.502890 4 242.768951 180.639130 265.801880 234.002533 0.621578 14 256.005920 62.876148 331.942841 204.761429 0.821335 14 162.486755 76.866272 232.908661 248.388519 0.556283 14 254.737259 63.185020 369.246674 211.129974 0.695945 14 243.646057 64.291595 287.356995 234.348587 0.558185 14 161.579102 75.339966 232.003845 209.975662 0.821659 14 159.020844 76.963661 232.750153 270.009583 0.932129 14 251.969574 64.270500 363.799164 364.699341 0.589894 14 257.457336 62.774185 318.814545 150.394089
003870,
003873,
003875,0.717551 14 211.890793 59.919132 248.119614 200.174561
003878,
003880,
003881,0.840793 14 169.646301 75.954445 238.209137 193.383789 0.530532 14 175.471710 74.519981 238.481094 154.617767
003882,0.677963 15 309.342834 121.247894 399.697205 217.348038
003883,
003884,0.636798 14 191.739624 89.719376 344.329468 243.832108 0.975269 14 2.709486 62.469788 156.864227 375.098602 0.956798 14 243.055267 99.228806 501.193817 375.427460
003888,0.727558 14 176.268234 36.564850 281.637024 143.899979 0.541173 14 113.026711 180.280884 159.296814 274.697052 0.713345 14 173.469543 35.089417 284.196289 192.678391 0.517361 14 112.882431 177.414413 154.022430 253.430511 0.833299 14 115.344223 177.824997 149.414597 227.198929
003892,
003893,0.688770 6 29.828266 119.827774 346.861908 286.016968
003894,0.861530 14 1.273356 43.443874 24.964705 89.152267
003896,0.960701 14 173.474518 106.797012 288.007751 407.335144 0.979009 14 97.328331 92.770454 138.026566 207.752090 0.945475 14 9.129223 90.246101 46.517376 191.825684 0.630958 14 168.246002 34.934597 370.027802 407.425934
003897,0.802979 14 137.328568 148.689758 348.298706 374.583130 0.854202 14 1.809299 123.444115 83.263519 375.763702
003900,
003901,0.767038 14 112.340050 205.295090 175.765228 275.461823
003902,0.716270 14 1.284346 37.871986 40.956665 120.327530 0.543488 14 168.993851 294.402252 206.428513 354.406067
003903,0.754702 14 381.004608 1.673326 500.657379 331.361267 0.787069 14 129.512161 13.159642 427.073090 332.229156 0.627126 14 270.340790 10.188956 429.674500 331.552338
003904,
003906,
003908,0.670643 6 152.965317 102.562462 192.739227 155.345596
003909,
003910,0.871110 14 206.501205 126.944283 237.985504 213.146652 0.516989 14 179.090622 121.193901 239.956207 220.975311 0.968738 14 182.928146 121.307404 223.429657 215.633469 0.537531 14 180.712051 120.664871 240.323242 214.138428
003914,
003916,0.839412 14 113.415138 293.440704 135.882462 346.666321 0.525135 14 89.948158 304.069763 102.488762 338.894501
003917,0.596303 6 129.698853 0.800662 492.938507 218.986450
003920,
003922,0.668411 14 220.949112 37.951149 314.418854 228.560623 0.772671 14 295.036743 37.177727 352.102722 230.567184 0.843134 14 219.824203 37.261044 376.747070 230.117020
003925,
003927,0.707374 14 142.877197 2.573497 366.653717 250.122559
003928,
003929,0.724790 14 116.399155 116.351631 205.301605 300.025299 0.940533 14 172.597824 94.513680 267.192352 374.228455 0.940400 14 118.999344 116.019249 201.890686 375.559387 0.824049 14 116.095390 116.787758 180.422791 298.351410 0.865618 14 174.130478 95.226295 239.593826 374.081024 0.967010 14 238.328079 90.252991 329.130066 373.918671
003930,0.577998 14 121.499046 21.177208 142.263748 63.484653
003931,
003933,0.815403 14 41.622616 192.714294 62.502472 218.753098 0.681962 14 158.603241 101.345955 181.113174 125.107147 0.519584 14 138.396194 105.226608 169.201813 144.848373
003934,0.822521 14 358.769287 89.452148 381.853638 120.241272 0.528606 15 276.106598 293.049164 368.011902 371.927917 0.639582 15 149.359436 258.319885 246.692444 374.524139
003938,0.916154 14 219.319977 121.798798 427.206512 374.632996
003940,0.858252 6 78.331276 104.050690 417.846985 189.892273 0.649624 6 80.515877 87.759903 498.879120 184.407928
003942,0.552185 15 167.505707 123.078033 217.054993 185.568176
003943,0.734923 14 127.329979 230.485535 178.525574 333.632507 0.510073 4 367.700073 252.193634 393.965332 371.504852 0.636266 14 354.011688 256.839813 384.320892 371.122833 0.620276 14 340.846344 261.083893 369.262024 367.951233 0.602405 14 434.130554 220.975754 482.607178 320.122864 0.918937 14 426.596649 220.597229 498.911011 374.228363 0.743873 14 389.420807 238.290741 437.938446 374.791199 0.961752 14 167.258179 223.364105 299.414124 373.996979 0.624305 14 97.049805 197.824219 130.447113 289.024292 0.923666 14 124.377914 228.828705 183.521454 374.362457 0.732606 14 97.513321 199.037048 131.938858 327.517426 0.697688 14 131.715866 228.377914 173.046265 273.595367 0.802406 14 348.001190 257.991760 380.256104 369.242950 0.919040 14 97.279915 197.500824 135.935532 345.634674 0.591244 15 235.317734 137.952972 287.352234 177.122208 0.931592 14 278.953461 251.807526 331.216614 372.611572 0.902502 14 315.738312 260.774963 365.819031 369.951813
003944,0.753594 14 294.626160 28.834461 499.849304 374.147369 0.544296 4 134.149002 194.279770 173.533936 326.792023 0.515970 4 67.570801 239.076508 94.203079 311.562531 0.963839 14 220.614716 30.219208 498.785736 374.822937
003950,0.938659 14 28.635426 188.397369 57.513313 236.634445 0.804021 14 379.861237 216.981125 401.972229 245.655365
003951,0.896567 14 79.517502 64.906242 162.404312 279.884674 0.802884 14 76.886757 66.006310 189.430817 282.280060 0.589836 14 119.268471 65.457619 187.341827 310.433289 0.748906 14 185.737122 93.907509 200.998901 123.448631
003952,0.714112 14 118.584541 219.621277 134.873978 253.272202
003955,0.977363 14 93.532600 114.683647 150.064255 217.097641 0.935319 14 210.826050 104.224442 263.926544 161.630554 0.978696 14 38.212009 109.416649 100.548500 236.942657 0.652493 14 208.646652 105.024452 270.451172 230.059769
003958,
003959,0.830334 14 202.469788 93.834892 295.090088 374.222198 0.964741 14 382.862427 12.242563 500.537109 369.307983 0.949960 14 1.117568 61.542660 81.315964 374.670746 0.673020 14 63.566013 37.731907 246.963333 374.918793 0.782452 14 203.499847 94.461006 296.460449 248.059921 0.915582 14 62.495014 39.301201 291.561951 375.684235 0.525103 14 1.506515 66.653656 52.016994 251.532822 0.837579 14 286.065918 110.826660 394.124115 301.037872 0.919801 14 285.095764 109.496666 397.471069 373.935516
003962,
003964,0.556679 15 104.263672 294.970032 143.638504 355.868042
003967,0.931042 6 366.103607 205.297745 397.710999 236.376678 0.908572 6 25.621504 143.000732 64.599213 170.907425 0.625152 6 89.424446 118.194923 112.686455 132.387436 0.898446 6 178.213501 172.744019 211.045868 206.514343 0.611205 6 446.010345 128.957733 470.125092 145.455460 0.576223 6 237.930389 156.491730 337.255219 281.040985 0.876496 6 263.725494 126.164406 301.857849 143.623016
003968,0.847015 14 151.466629 99.908493 192.585876 245.327209 0.684811 14 31.665043 110.048019 220.172028 489.870392 0.616791 14 27.856709 13.868263 321.528107 490.284973 0.786577 14 30.745768 110.448326 173.264557 471.468231 0.562968 14 125.152824 53.948841 321.521393 490.029999 0.669565 14 154.445328 87.766747 320.838867 489.532043
003972,0.604926 14 116.901054 119.717873 349.759094 373.282654 0.511256 14 3.357775 59.524967 208.647278 374.150269 0.649452 14 68.807632 122.698280 214.833023 372.757812 0.846390 14 3.284440 56.443523 207.681473 375.006744 0.792886 14 243.897293 21.399044 452.942352 369.828674
003975,
003976,0.841300 14 112.939041 114.030777 280.084991 392.296478
003977,
003978,0.729806 14 156.851898 29.749071 262.077301 218.811646 0.877009 14 153.878983 29.856108 310.447083 256.931671
003980,
003981,
003982,
003985,
003989,0.943007 14 391.532776 95.294693 441.372559 182.446991 0.930297 14 246.722092 97.239471 284.947144 175.931274 0.963499 14 267.701965 64.540398 305.506073 172.640533
003995,
003999,0.557675 14 206.389008 34.513962 483.078552 351.527710
004000,0.977576 14 50.122517 23.394913 151.765808 491.489441 0.961722 14 139.291489 42.272404 247.756531 464.479980
004001,0.798711 14 244.737350 131.753418 260.100037 159.300980 0.931903 14 427.525360 122.821693 455.872559 163.823975 0.536054 14 428.315918 121.207710 454.641357 155.905426 0.785465 14 400.334503 124.701149 417.993042 154.612808 0.823350 14 86.876984 137.915970 108.924698 168.397598 0.903149 14 117.059746 137.945236 134.073334 165.795624 0.578811 14 430.930450 124.488472 453.494904 148.478195 0.701180 14 151.293091 135.895569 165.594086 154.804672 0.599705 14 262.218567 131.713120 274.954102 158.705322
004002,
004004,0.639608 14 109.829308 430.482513 130.396103 464.343597 0.670017 14 24.833822 441.261475 41.533035 469.942444
004006,0.943006 14 28.133064 108.550934 46.557816 149.430923 0.889400 14 105.886581 103.391518 126.396164 143.505310 0.832823 14 373.672363 88.127953 392.332611 134.948410 0.938028 14 1.072247 101.827972 18.939100 152.027283 0.796256 14 407.628021 97.402832 435.377930 133.504303 0.934247 14 48.615654 107.447784 64.635025 146.228760 0.909380 14 164.755829 58.215054 229.905334 200.523483 0.537116 14 305.182159 57.479115 361.243011 132.595169 0.692136 14 115.583481 59.488682 232.756287 286.876404 0.728888 14 90.892632 82.124626 115.342224 142.887650 0.933454 14 63.981346 102.730507 83.509109 144.835388 0.843917 14 149.276642 101.391975 169.698090 140.487885 0.700009 14 74.920761 97.421761 91.338394 143.709778 0.925726 14 305.990417 57.544594 333.809540 132.025192
004007,
004018,
004021,0.556800 14 4.048124 3.282633 446.831512 376.222595 0.645723 14 144.489944 2.584018 383.039062 374.955414
004022,
004024,
004026,0.602455 6 146.978073 88.404877 317.616089 204.391754 0.870113 6 38.239708 85.459076 102.530746 118.543098
004027,0.655837 15 73.409157 384.663330 103.322891 455.085388 0.515138 15 72.616524 398.044800 97.639458 455.504913
004029,
004030,0.893614 6 269.021820 200.708450 399.801605 328.834045 0.981501 14 163.919571 185.327591 228.728149 374.062286
004032,
004036,
004038,0.699467 15 149.463043 142.143997 218.899414 191.406342 0.733863 15 241.369034 78.309242 296.357483 137.134796 0.571121 15 294.379181 72.998512 337.206848 116.197823 0.565165 15 229.471466 76.964554 294.907013 161.338333 0.765003 15 204.621689 108.621284 261.036774 166.547699
004040,
004041,0.900987 14 109.336945 113.774536 226.597107 374.850677 0.939210 14 230.707977 146.031509 377.506104 373.401428
004042,
004043,0.953897 14 332.439423 159.896500 426.577148 282.832581
004044,
004045,
004048,
004049,0.711142 14 2.990287 16.277834 253.798950 457.035065 0.617466 14 2.806500 7.024825 245.404831 500.011749 0.506464 14 2.799511 2.424091 346.574554 495.578125 0.592136 14 166.761902 0.233576 351.468842 492.939240
004050,0.671807 6 26.183636 32.446381 474.960663 332.041748
004053,0.531678 8 68.772690 203.063995 95.640388 277.874268 0.723896 8 99.901230 199.686432 163.928894 291.854431 0.735544 8 68.286880 202.197189 103.596375 285.369324 0.746796 8 99.214706 198.735413 176.350479 292.231354 0.598748 8 133.524292 199.139725 175.833878 280.896088 0.514637 8 105.783997 199.621964 178.710617 285.724457 0.627068 8 102.341629 221.667709 161.786560 292.986176 0.751363 8 135.648102 198.568588 180.186813 285.806854
004054,0.721778 14 149.438599 85.438629 295.403961 374.312805 0.555352 14 112.618713 72.158432 151.568893 134.080948 0.532648 14 228.118118 142.643204 292.121399 371.999969 0.924182 14 178.827759 216.764603 238.287506 373.770844 0.770413 14 99.472618 73.777153 159.350494 373.745667 0.945601 14 150.596024 83.384804 238.490372 375.152710 0.630872 14 149.144165 85.575912 228.223755 293.942383 0.886985 14 100.747124 73.006065 156.285812 219.597733 0.954632 14 133.416428 251.267624 185.220886 374.174255 0.965191 14 29.919624 62.617981 148.467438 374.874176 0.574624 14 206.942612 95.266502 288.585052 296.964203 0.924723 14 213.081589 96.168091 293.191071 373.294281 0.740929 14 285.254395 60.352230 368.179535 314.516693 0.663317 14 178.435135 214.702209 294.192871 374.012665 0.948996 14 277.473907 59.338108 369.828491 374.370117 0.500085 14 225.617249 101.493752 287.517883 204.195358
004055,0.512701 4 218.308655 385.067261 261.975952 499.642456 0.597653 4 150.248032 343.259857 192.101059 498.872345
004056,0.518775 14 156.709854 153.261032 204.883163 226.948853
004059,0.529599 14 174.464798 191.819229 207.248810 269.430328 0.638030 6 2.586614 4.213761 111.415550 72.980644 0.759867 14 174.479172 188.578476 212.646225 309.834961 0.798586 14 44.094120 355.062042 68.500786 374.813873 0.616337 14 300.243683 45.136818 355.251007 170.123840 0.563098 14 301.976288 46.675083 348.337799 108.903542
004061,0.510578 14 1.620893 2.038207 319.836456 240.613922
004062,
004063,
004064,0.604974 14 304.527283 90.329857 496.724182 365.114990
004065,0.970100 14 451.459229 188.989944 474.935486 246.304153 0.719781 14 239.814651 152.817841 286.551208 214.741699 0.941876 14 339.218811 169.259140 367.519714 203.622940 0.641953 14 241.682495 152.009048 309.460205 235.983292 0.746238 6 4.379675 90.267731 423.426392 298.627899 0.559316 6 2.429649 143.619492 426.729675 302.253510 0.690333 14 241.856125 152.546249 314.402740 255.833023
004068,0.589578 14 251.913254 144.457077 286.815887 202.349426 0.661911 4 267.679382 180.062073 307.711121 346.029022 0.535070 4 224.114502 172.246597 274.401825 350.677460 0.758293 14 251.495270 144.081528 288.105591 214.663986 0.850017 14 284.596039 146.437988 317.081818 210.639938 0.968124 14 208.364578 16.923018 374.025665 360.857361
004070,0.738741 14 192.273453 149.012482 239.937469 212.595169 0.640001 6 267.386566 148.426804 448.682068 278.078278 0.933968 6 2.885539 123.888191 113.870781 156.999695 0.669396 14 196.666336 148.504608 235.474564 204.646530 0.506405 14 196.140244 147.795471 230.495438 193.046295 0.517301 6 251.980240 150.822296 447.719025 309.467468 0.534752 14 382.846832 117.908806 438.257050 204.492462
004071,
004072,0.955625 14 141.470276 94.503860 267.076355 375.092255
004074,0.918849 14 3.496706 18.475157 247.437653 376.904785 0.605788 14 85.506683 1.111113 127.882751 48.868027 0.621008 14 230.241394 52.307590 461.302246 371.387909 0.680775 14 228.693161 19.831059 464.483246 374.387573
004078,
004079,
004080,0.887967 6 104.254333 104.422867 394.626404 235.656555
004081,
004083,
004084,0.520004 14 69.524353 37.432968 102.175278 121.297913 0.542467 14 67.747116 25.440353 184.519562 133.055176 0.533265 14 90.036537 32.107113 123.217575 106.306938 0.513665 14 71.688286 36.754665 98.149857 102.883873 0.951684 14 124.766174 21.474892 182.804688 130.653946
004086,
004088,0.928181 6 86.441643 325.560333 194.334946 406.918335
004090,0.978541 14 220.113068 128.972946 281.543945 251.165085 0.978580 14 160.037949 122.555084 225.483017 250.452942 0.983210 14 288.495178 124.801102 354.743469 249.494492
004094,0.714706 6 5.528495 153.065704 277.271088 315.163483 0.931111 14 54.732071 158.399506 88.909340 199.931366
004096,
004097,0.950327 6 354.551666 145.689362 440.868134 203.684174
004098,0.574462 14 198.752640 115.258179 241.956894 284.623260 0.635252 14 199.000183 113.869263 243.026352 251.777267 0.524698 14 198.382629 114.013565 242.475906 255.877960
004099,0.760539 14 248.542267 237.650696 319.711609 479.433167 0.732024 6 63.136658 177.614212 321.355194 421.079529 0.976588 14 173.274658 235.569611 320.266907 496.792725
004101,
004103,0.931095 14 106.647820 141.301208 135.412384 178.051544 0.967953 14 184.947556 148.115875 219.311142 203.255341 0.841840 14 98.084122 143.141434 119.036797 177.245590
004104,0.834432 6 13.776322 222.824310 123.055122 333.113586 0.851314 6 0.749858 331.747406 25.125078 412.380402
004107,0.925042 6 99.636314 264.164490 408.028076 354.617157
004109,0.938506 14 127.820747 1.800909 202.446533 246.025513 0.510496 14 135.173538 0.159513 201.292587 80.444733 0.918261 14 140.050827 63.568161 348.481964 359.414001 0.692506 14 103.192955 111.978210 129.824646 249.793640 0.702082 14 187.969696 211.435364 230.170059 258.510315
004112,0.874533 14 363.662903 304.331665 396.686310 374.666840 0.662076 14 378.707794 307.472839 415.940125 367.116821
004114,
004115,0.872484 6 134.458160 192.901672 308.344055 309.869629
004116,
004118,0.628243 4 273.906708 177.408356 299.138428 248.907684 0.773831 14 181.084213 63.852356 285.374664 193.730087 0.934309 14 371.380646 106.388809 499.446350 333.434509 0.517915 14 432.804626 107.815460 486.834564 240.111481 0.850523 4 226.732956 256.985168 256.727600 333.047058 0.541482 14 371.402893 106.638077 497.673004 307.898346 0.619463 4 226.551468 258.756195 249.452271 333.354675 0.802424 14 375.354401 106.151230 431.918152 204.641937 0.506612 14 429.098938 106.583694 481.141174 194.952835 0.842406 14 179.890686 65.902588 284.074768 224.934341 0.979793 14 54.820084 99.195465 220.613098 334.294373 0.858405 14 433.881042 106.621155 479.007111 159.562927 0.685991 14 182.464066 65.368736 286.147522 334.287720 0.635873 14 408.115356 135.513062 500.299500 333.095490 0.537203 14 436.310181 132.824295 500.119995 331.135681 0.638771 14 414.755890 138.711197 499.414032 304.322632 0.947058 14 290.893860 101.672058 391.371613 218.600601 0.937324 14 293.586121 104.990273 498.019562 333.904633
004119,
004123,0.792832 14 299.789581 214.132812 321.201599 237.785919
004124,
004125,0.924799 14 30.108393 2.429366 246.319260 204.891327 0.645483 14 183.187241 50.453217 497.232849 228.701996
004126,0.746427 14 73.624207 73.919365 157.409317 424.370178 0.742386 14 101.976357 74.887550 156.131546 333.107697 0.859879 14 72.844185 74.687775 159.251144 435.093353
004127,
004128,0.638257 14 46.729130 84.023308 166.048660 375.549500 0.740309 14 115.470909 56.150246 292.875183 371.221405 0.602483 14 93.647301 9.931614 132.763229 77.447411 0.712096 14 111.498848 69.794197 203.175674 372.277679 0.606141 14 32.692387 13.026294 160.469833 208.467407 0.512236 14 133.450180 68.141037 196.242188 207.953384 0.730895 14 189.663803 54.279896 253.919128 138.945190 0.780430 14 110.372070 66.321930 259.560181 371.971985 0.896636 14 32.213898 33.969368 83.368736 139.717728 0.584964 14 134.457291 69.633034 195.330139 200.713928 0.619931 14 47.525188 84.754715 160.822662 213.027145 0.653975 14 186.540878 53.578537 256.196930 186.016251 0.628841 14 22.818319 4.562829 170.127747 374.164856 0.607672 14 68.379974 13.635305 128.611984 121.906738 0.665295 14 50.753960 73.212997 195.797272 374.907806 0.688154 14 29.510326 31.898226 64.388451 95.094124 0.518314 14 34.863995 10.639485 163.755875 375.731201 0.651177 14 30.861965 31.874159 75.653519 106.101326 0.644576 14 186.527191 56.176846 291.923889 282.782867 0.622738 14 68.342461 30.353487 110.192490 112.994377 0.942369 14 225.979797 117.984283 426.072723 375.059998
004130,
004132,0.832698 14 216.358063 47.783653 307.526001 332.283752 0.947568 14 41.174263 15.914980 216.839340 333.564575 0.724318 14 224.649551 33.335110 478.384064 333.592316 0.972316 14 296.256836 38.563293 464.447784 333.190002
004134,0.584951 4 100.639252 0.702912 136.945343 109.931854
004139,
004144,0.931645 14 27.804190 376.990387 45.103725 444.306305 0.761958 14 0.910519 380.695953 16.674889 418.504883 0.932174 14 155.685577 384.248230 186.778580 469.298645
004147,
004151,
004153,
004154,0.916102 14 286.107361 138.948959 305.952179 164.363937 0.560889 14 385.474365 139.417847 404.170715 189.752045 0.866531 14 324.532928 139.634186 349.139526 183.614670 0.926243 14 450.608215 140.923889 471.557953 191.559097 0.859677 14 437.743988 140.336380 454.464996 187.815948 0.963547 14 461.766296 143.343994 487.753448 192.917175 0.728521 14 360.654510 138.807037 380.126923 165.849808 0.804378 14 378.247772 138.216995 397.594971 189.509918 0.534277 6 1.610842 138.422668 76.491356 197.576523 0.595628 14 361.540771 103.250656 390.462616 187.775864 0.681487 6 170.121689 143.504776 224.364029 170.440796 0.509860 14 284.601471 140.118225 306.086700 188.931458 0.525805 6 251.416946 136.962585 306.062622 164.385208 0.844108 14 134.354279 139.252274 150.973694 162.277328 0.617019 14 438.987976 140.954666 453.695312 172.810745 0.881358 14 360.739716 138.668411 382.253052 189.749725 0.888086 6 2.251584 137.677246 116.706955 198.950729 0.609724 14 179.670166 137.707474 198.638931 153.528214 0.925595 14 485.501740 142.579239 500.157104 188.519089 0.717148 14 325.914398 140.032455 351.092957 207.954300 0.964029 14 396.391327 139.720215 424.110352 191.488663 0.869672 14 363.578918 103.130554 387.839264 133.550827
004155,
004156,
004157,
004159,0.569820 14 206.211411 43.011097 229.225174 139.917572
004160,0.879302 14 186.013153 123.518517 209.490463 150.415649
004161,
004162,0.656527 14 104.254982 336.879211 144.461563 480.686920 0.585364 14 108.132195 335.477875 143.589630 434.467255 0.607938 14 69.441864 335.427917 117.859238 486.333221 0.859707 14 71.547241 333.830475 114.698509 480.029694
004165,
004166,0.859702 14 210.714508 192.641724 235.248138 227.193939
004167,0.968115 14 282.709625 145.492569 327.367767 252.491623 0.841898 14 210.004593 86.496628 251.015427 236.082672 0.800826 14 238.400436 130.143234 276.812592 229.619537 0.815542 14 212.836655 126.453049 252.471451 232.427765 0.976525 14 315.928711 97.565811 397.403717 253.856155
004172,0.748812 6 168.766953 291.701111 199.916794 324.578003 0.913714 6 0.661182 275.626343 12.935134 320.270569
004173,0.878365 14 227.134506 125.994133 467.314240 355.425995
004175,0.831135 14 4.188642 27.905870 477.300354 374.918610
004176,
004177,0.862377 14 187.929245 17.726101 290.574432 158.941788 0.627945 14 183.749207 16.832182 288.528381 226.612183 0.668578 14 113.467293 17.626680 291.054474 229.511688
004179,0.878006 14 162.035080 77.113953 267.155212 297.615082 0.731386 14 89.112694 74.404678 267.908661 374.961670 0.956486 14 87.222603 73.009003 208.490280 374.922424 0.968765 14 256.754578 38.137257 382.682434 241.999222
004180,0.549116 4 276.662598 57.337463 288.962189 109.159561
004181,0.592058 6 1.088530 6.461951 498.884277 268.753876 0.563007 14 4.773512 7.868177 137.587326 142.249222
004182,
004183,0.564399 14 190.301834 83.525009 219.803513 161.140442 0.867554 14 42.075672 64.619537 62.897751 96.067810 0.953170 6 2.033010 75.527039 64.142319 127.809372 0.712761 14 189.465179 84.579453 220.478790 230.943024
004184,0.863172 14 448.468781 300.691101 466.366608 341.915009 0.846397 14 485.135254 315.223022 500.183868 352.636658
004187,0.853213 6 216.265884 307.926025 302.480682 363.759277
004188,0.565857 6 20.633503 90.175529 137.538391 179.710510 0.747183 14 16.150366 161.191010 39.103054 187.406876 0.801108 14 71.655151 116.709160 101.619675 162.154144 0.821963 14 69.551254 118.290825 100.388298 191.599716 0.880603 14 14.860969 191.401230 32.034462 219.806442
004197,
004198,0.677023 14 130.695435 125.650673 155.533127 184.688721 0.667664 14 128.538788 123.993149 181.486160 290.494049 0.718659 14 199.420303 213.041641 217.452545 265.667603 0.931173 14 0.841864 155.154922 24.418100 337.761414 0.620008 14 127.404549 124.296700 181.634293 292.593414 0.645348 14 1.050745 152.319687 22.878077 208.308884 0.852714 14 97.156265 122.682602 123.828278 176.070633 0.932612 14 128.160126 125.194504 182.079208 462.511230 0.782291 14 199.683167 213.399551 219.052673 285.458954 0.634005 14 129.020050 125.870201 181.414322 395.315491
004199,
004202,
004206,
004207,0.968414 14 144.704453 12.175374 269.486725 375.492462
004208,
004210,0.587685 14 322.982422 10.536779 420.369690 75.824837
004211,
004213,0.933658 14 1.873448 2.559308 138.666397 280.495667 0.875887 14 152.501129 50.976109 350.312866 285.919220 0.718492 14 151.224060 51.474182 347.575012 266.495300
004214,0.976342 14 211.114044 66.873528 317.492188 211.924133
004216,0.902915 6 311.482666 192.450714 384.374512 255.719421 0.526493 6 3.212988 191.382874 388.947845 268.272064
004217,0.719239 6 2.051979 67.555840 495.767670 291.212830 0.741629 6 5.407035 68.490013 490.488953 286.819763
004218,
004219,0.518109 14 33.472729 68.661407 176.654373 207.110291 0.511190 14 134.115692 61.737976 234.383896 184.015411 0.966187 14 366.265259 66.277267 447.859711 202.721161 0.510479 14 2.746037 65.361259 133.687164 208.577133 0.715262 14 304.285492 67.539055 382.589355 206.539597 0.910621 14 129.975922 61.809345 226.845184 195.301468 0.697781 14 1.835890 63.319736 68.282738 160.269333 0.606876 14 130.747726 61.898602 258.215271 197.601151 0.952879 14 1.537508 63.384033 71.173218 193.099167 0.619802 14 36.231770 68.246262 180.942078 206.576431 0.895155 14 22.687988 68.579842 137.632599 206.709152 0.717695 14 303.972656 68.452347 379.736755 205.563217 0.786932 14 39.097206 69.125092 129.920776 206.430786 0.511373 14 60.522362 68.338875 138.541779 185.419739 0.938869 14 222.267654 70.020844 318.658264 206.228287 0.756901 14 305.581268 67.387146 447.817017 202.708313
004222,0.577126 15 127.926949 207.723358 159.738037 249.613068 0.692854 15 82.909210 164.995071 127.649742 249.400192
004225,0.898212 14 74.991791 212.678528 113.247055 269.782745
004226,
004227,
004233,
004234,0.647208 14 232.213486 57.095932 342.109619 215.128876
004235,0.596950 14 30.479298 211.057495 46.241791 234.626556
004236,0.556419 4 248.961227 25.014608 275.210571 70.965683 0.513196 4 367.784332 22.662907 395.482483 83.590897 0.631721 4 149.749039 31.621180 186.044785 132.854446 0.732823 4 247.497345 24.903364 278.782104 152.781738 0.717087 4 179.835709 18.154354 209.396713 135.620224 0.503809 4 211.426727 121.252174 284.887238 331.711487
004238,0.781901 14 206.511459 112.030457 306.608734 356.585358 0.638746 14 83.715210 249.221649 106.360565 355.582367 0.694018 14 225.339172 112.283409 305.966858 237.538025 0.978001 14 26.660164 105.205780 109.358490 355.911530
004240,0.894572 6 47.771164 369.113647 204.294266 465.269348
004243,0.535652 14 268.325409 89.766068 309.839874 136.413589 0.550839 14 295.793091 91.868820 324.858154 124.409004 0.573899 6 2.037611 118.773941 99.910988 202.250656 0.962729 14 41.124866 78.988243 90.739075 152.479767 0.896903 14 381.748779 84.069481 410.374847 109.021561 0.778577 14 451.706512 61.369961 486.763519 117.680756 0.698023 14 331.800781 92.197807 370.859467 131.810181 0.570198 6 225.323761 91.033142 451.117950 152.019379 0.931373 14 430.605286 74.453781 465.098694 119.506920 0.566218 14 265.958008 88.795990 302.725311 115.060974 0.856944 14 406.106750 75.162338 434.258148 116.327072 0.744645 14 272.313599 88.854530 319.818665 132.558945 0.733440 14 37.280006 79.366974 93.411743 196.355530 0.546193 14 382.153351 84.170662 414.533691 125.226784 0.923795 14 269.764435 89.492302 318.007812 153.170502 0.800003 14 455.501190 73.113297 479.558228 102.898827 0.554233 14 48.441418 79.301010 92.870644 161.970062 0.696349 14 407.774078 76.552261 430.676697 103.838013 0.701324 14 34.894981 78.389114 92.787926 153.240845 0.621251 6 444.946960 87.741196 499.457214 118.258118 0.896569 14 333.214844 91.585487 385.935333 148.186554 0.638710 14 207.501373 112.888176 240.933823 162.688751 0.667905 14 289.634094 93.636467 323.745728 147.369339 0.825061 14 329.092041 92.058311 358.261414 129.759781
004245,0.882891 14 180.808609 117.935791 248.815292 239.586090 0.539499 14 184.058746 116.907356 223.854706 239.957397 0.785051 14 194.869247 118.430298 246.416626 227.904968 0.784404 6 2.148196 119.006721 431.530640 340.575226
004248,0.903114 14 235.584641 136.263809 263.403290 167.295258 0.646698 14 423.660248 155.922379 457.023712 186.655838 0.798661 14 175.554031 152.513016 242.755615 330.073456 0.593201 14 233.618256 135.963654 264.969757 182.089691 0.613877 14 173.931671 238.297867 275.857727 333.019531 0.973809 14 188.374557 152.175842 242.886169 216.874146 0.602698 6 184.046173 105.102791 470.739044 253.999725
004249,0.542762 14 268.387604 114.879631 300.803314 137.638367 0.921517 14 208.179169 76.248390 229.738083 115.073479 0.807472 14 259.107727 114.450676 299.985077 143.851318 0.846806 6 177.236465 124.796860 425.332581 187.911163 0.897571 6 290.068481 76.783875 347.293701 98.454475
004250,
004251,
004252,
004254,0.667902 6 68.253998 110.242813 368.232910 295.665039 0.925633 6 1.622461 112.107109 88.891838 207.335678
004260,0.759608 14 88.444275 0.923116 499.090485 269.724548
004261,
004262,
004266,
004267,
004268,0.713989 14 206.165024 108.201996 229.373413 142.609863 0.539618 14 187.166901 63.760216 230.042725 182.371414 0.883085 14 189.185608 186.598114 217.329819 220.849487 0.576991 14 187.240952 65.092606 222.465897 111.749771 0.883505 14 188.116135 110.709877 220.653091 223.081421 0.717525 14 200.033920 77.008232 232.272812 222.521362 0.768088 14 184.800278 65.678261 226.278885 222.436172 0.683651 14 190.804108 110.875923 215.144348 144.306671
004276,0.754903 14 217.520020 95.428688 283.188690 324.983185 0.971932 14 61.901585 102.561752 103.401451 245.217743 0.773510 14 94.117531 155.486511 190.172729 498.987183 0.956601 14 95.559395 156.931702 187.108337 380.371796 0.532232 14 131.758362 82.075775 286.841064 500.217621 0.654254 14 230.930573 38.531780 254.770142 120.849030
004277,
004278,
004282,
004285,0.733963 14 241.240845 126.882027 264.250793 161.834839 0.861176 14 449.912415 133.351700 494.307098 196.012512 0.898992 14 437.191772 139.401581 463.430817 187.037338 0.817937 14 450.015991 134.713531 497.573578 255.567871 0.737004 14 436.272980 140.518219 469.800995 238.484879 0.936049 14 407.910034 141.916336 435.852844 182.315781 0.919341 14 213.503616 125.483368 245.745728 163.942169 0.939417 14 11.246040 58.581512 271.827454 333.468811 0.733732 14 461.903839 134.278229 493.659943 176.935013 0.972715 14 249.780167 78.743034 496.548462 329.938324
004288,0.940308 14 13.109446 3.883101 281.828308 376.001526 0.595547 14 11.956312 3.470611 218.168015 375.775055 0.532340 14 207.282700 145.528671 321.241241 373.880798 0.504317 14 206.576584 146.844345 333.264282 374.019989 0.974926 14 277.541351 3.555100 499.939392 374.257568 0.696653 14 258.815796 151.694061 311.971100 200.800232
004289,0.516878 14 22.110493 186.680801 56.617947 235.134247 0.515784 14 2.932340 174.836121 136.267654 375.279083 0.552797 14 290.493591 117.067726 434.531494 374.222015 0.539985 14 198.467224 39.708218 432.477875 374.778107 0.911451 14 105.476898 120.049973 155.897064 236.100616 0.540295 14 331.647308 126.242462 366.499268 164.445190 0.834216 14 144.783203 81.157364 288.665588 271.131836 0.692128 14 331.141754 125.245316 369.903595 186.118652 0.799916 14 2.115644 183.145630 94.242470 374.587646 0.824419 14 145.431351 80.660393 287.987701 242.615906 0.697089 14 105.202118 118.066605 143.471008 177.283325 0.945740 14 2.539992 161.555283 138.322052 375.773804 0.539177 14 148.201248 82.650528 489.870117 375.084503 0.688767 14 150.213791 81.237663 288.018402 372.646393 0.547657 14 177.560181 74.855148 499.241974 375.349091 0.866970 14 209.896606 61.720413 499.091797 375.574219
004290,0.856425 6 301.265106 196.879959 368.136230 269.284698 0.934755 6 1.452995 195.543503 52.802631 302.297119 0.779580 6 189.035645 195.082428 372.312256 268.377411
004294,0.974995 14 258.744263 75.310722 326.196350 236.543640
004297,0.875250 14 203.048126 2.437200 498.149567 334.939636
004299,0.963250 14 270.056122 119.934555 296.286407 184.612564
004301,0.706329 14 86.383476 42.405594 169.025238 288.123932 0.870797 14 84.440773 45.343880 214.277023 316.270020
004302,
004305,0.818356 6 342.037384 275.179230 397.500397 313.866364 0.894339 6 299.467133 275.910400 399.520691 364.450531 0.801216 6 290.791870 274.464539 398.134644 315.034088 0.825143 14 300.869232 278.148163 346.741364 359.570160 0.602092 6 85.210052 174.988632 281.134338 346.457062 0.538703 6 1.224593 279.994171 32.018883 315.371155 0.939312 14 292.772369 244.510056 345.504669 359.940948 0.678819 6 294.432068 274.271606 398.182434 365.777893 0.629262 14 295.610809 244.624573 339.273834 289.013214
004306,0.769867 14 200.351288 33.912556 385.166809 368.346008
004308,0.831694 14 405.490967 214.597275 426.239746 235.253143
004309,0.958704 14 227.801758 77.754242 283.335632 185.093292
004311,0.977579 14 72.334328 44.693714 215.876099 490.344543
004313,0.560678 6 8.064628 175.383652 472.510803 428.728668 0.690129 6 8.116632 205.929001 474.941162 431.299988
004314,
004316,
004317,0.817795 14 95.879555 134.866898 169.369217 292.851318 0.931172 14 1.612753 155.584366 53.991837 301.158691
004319,
004320,0.641338 6 10.827475 179.588150 40.786625 213.984589 0.684715 14 90.686974 164.548706 112.605911 191.866562 0.628934 6 122.626480 164.136780 292.580414 262.616180 0.767991 14 99.955910 165.619812 127.399292 237.656662 0.855186 14 85.743080 163.321243 113.037727 205.289642 0.810190 14 168.488846 203.177887 191.704193 227.384827 0.547444 14 101.266312 163.594284 126.809090 211.068390 0.612190 6 11.763170 164.181213 307.260559 265.418152 0.715482 14 90.612007 165.257431 125.716789 238.397110 0.734573 14 104.715210 163.708237 127.202255 201.254990 0.930067 14 253.666199 150.629852 295.357971 239.579941 0.666170 14 90.824402 163.815872 114.687462 197.605484
004324,0.946765 14 348.449554 118.797256 370.654724 180.090622 0.921446 14 350.963104 118.986847 374.890015 209.240616
004328,0.807504 14 84.208160 123.255295 140.385544 261.157776 0.907775 14 47.157967 123.808624 143.997513 261.857086
004330,0.505277 1 381.665436 159.706284 455.957214 240.231354 0.594454 1 282.586456 136.134354 470.722260 265.432831 0.838964 14 1.224837 28.096476 30.246700 116.560242 0.622922 14 149.897217 102.187683 177.032089 131.340912 0.760821 14 1.469753 29.114319 29.801380 66.832771 0.859165 14 105.423180 98.709518 131.198563 121.053833 0.956002 14 325.389099 58.316578 439.648926 248.418655
004332,
004334,
004335,
004336,0.801453 14 217.503616 50.964199 243.960220 83.742905 0.805065 14 271.960876 42.560375 439.922668 375.238708 0.532003 14 99.260780 2.224269 127.768784 47.759357 0.576428 14 225.337265 43.222256 443.436798 375.456696 0.669685 14 161.122101 7.105292 190.106979 44.781773 0.770254 14 157.980957 5.038731 194.205780 160.818054 0.969924 14 55.239140 43.544724 230.436417 375.819580 0.570911 14 278.723297 44.047226 373.831757 182.646866 0.910424 14 195.551987 147.753372 227.137177 183.614548 0.689782 14 301.979370 26.015648 325.535828 46.668030
004337,0.569916 6 1.625981 161.092056 43.729778 190.979736 0.905556 6 361.131714 178.047989 499.015198 241.119675 0.692087 6 260.620911 173.412369 404.072601 226.658844 0.549128 6 1.259136 161.808411 26.214142 191.142731 0.661965 6 124.865692 172.168793 204.732758 208.406311 0.910473 6 16.174969 167.170044 103.417725 197.120682 0.520017 6 130.562683 171.010437 282.940399 212.469193
004340,
004342,0.671889 14 233.887451 112.273544 284.210449 202.187393 0.644502 14 226.800171 112.761307 305.734497 351.307861 0.543651 14 265.879456 168.055008 306.281342 229.497040 0.647574 14 234.657440 110.831581 304.227448 221.371643 0.584740 14 316.008362 95.587814 349.987183 186.911179 0.557882 14 232.420227 113.328072 281.066193 247.284500 0.761207 14 231.354233 111.426170 302.627319 236.385895 0.631999 14 267.620453 170.268524 301.117126 223.380920
004343,0.653118 14 123.558998 34.251953 497.355408 286.349609
004344,0.515705 14 78.028984 136.785110 123.310120 234.819611 0.894566 14 75.915718 137.428070 150.607605 248.106506
004348,
004350,
004353,0.607577 14 116.125938 1.749491 501.301697 336.155396
004355,0.895592 14 310.170410 54.992985 499.420715 359.983459 0.730230 14 3.670037 57.448154 169.259048 305.452728 0.532161 4 192.319412 182.253510 220.769516 240.030350 0.555211 14 150.046555 38.142509 267.057800 359.231720 0.518966 14 153.729553 37.062618 335.883759 332.241821 0.635225 14 157.492523 38.980766 260.203186 327.712585 0.615421 14 4.753530 41.375957 255.467987 374.464386 0.544054 14 5.101696 40.135559 260.296356 371.276703 0.870244 14 3.233857 56.283909 170.087936 374.586853 0.750047 4 185.478561 183.635574 225.211624 325.340515 0.683616 14 235.882156 54.250954 354.865143 285.321808 0.761196 4 234.744766 195.643478 279.582977 345.143280 0.900641 14 240.451721 54.715054 500.719910 361.640045
004357,0.948013 14 368.664490 211.021011 431.770447 329.231110 0.958288 14 278.587097 200.520355 321.305328 352.190643 0.622023 14 369.140289 212.006668 430.534882 330.102631
004358,
004362,
004363,0.924792 14 388.528503 125.392311 448.304260 251.747543 0.948941 14 125.150414 115.647911 223.823547 326.086914
004366,0.683224 14 168.782486 103.153671 252.455078 220.517853 0.788666 14 199.496964 195.922379 291.253967 320.357697 0.516520 14 202.253326 197.163574 257.555481 315.115814 0.907162 14 167.968597 103.899925 253.717804 324.893127 0.546057 15 253.962906 178.923569 283.662994 232.860641 0.582819 14 166.231125 103.966782 301.022491 350.969696
004373,
004374,
004375,
004377,
004378,0.661039 14 1.257051 104.280609 87.887856 499.593384 0.965166 14 64.770065 85.313591 190.787354 500.437622 0.839110 14 1.031212 106.467278 39.193924 348.665344
004381,0.644190 14 298.206696 15.272135 366.322815 105.567017 0.608953 14 132.936310 23.794144 377.960266 233.174881 0.553642 14 228.791916 22.005396 369.132660 233.121689 0.552453 14 231.454010 15.100677 390.696289 235.257538
004382,
004383,0.600511 14 0.636891 36.211269 95.584694 320.229370
004385,
004388,
004393,
004394,
004395,0.905348 14 176.116226 52.056515 336.477234 247.698273
004398,
004399,
004400,
004401,0.869847 14 15.216061 214.277451 42.894196 238.189468
004402,
004403,
004406,
004407,
004408,0.790436 14 382.332703 47.830536 499.602875 220.638794 0.519185 14 105.218651 9.782827 214.878738 206.884186 0.759682 14 19.953138 11.863930 101.788742 119.557503 0.533085 14 108.874474 8.378654 219.282715 104.443443 0.703775 14 93.694450 9.666146 257.652954 209.986786 0.548289 14 110.929451 10.423990 164.593872 80.993752 0.649353 14 18.249718 13.153426 65.257866 53.268242 0.509503 14 110.792160 9.012041 207.181778 97.005714 0.600632 14 93.198090 17.641064 399.006256 209.529800 0.635747 14 187.554504 17.662573 398.804169 234.281326
004410,0.612581 14 239.548706 100.210190 276.742950 150.715363 0.515642 14 151.787155 58.370613 261.869568 274.025482 0.960625 14 126.152161 179.811050 161.314316 211.524414 0.743983 14 72.614845 116.049446 100.638237 153.700378 0.941139 14 69.455688 116.696251 102.069695 163.993500 0.870102 14 151.754730 56.761372 260.909912 217.379761 0.801504 14 152.954605 56.273602 220.309708 213.420776 0.565510 14 237.393539 100.214317 280.052124 192.615265 0.825257 14 213.217651 13.777592 363.036133 375.328583 0.736297 14 218.205093 17.550308 350.989807 276.742645
004412,0.787458 14 282.131775 93.082825 464.480011 374.131134 0.541421 14 87.911674 132.228790 328.431763 374.048096 0.794247 14 237.954224 94.182899 466.764313 373.690460
004413,0.598101 14 54.889263 5.775164 434.043640 298.933136
004414,0.847381 14 157.299286 198.525467 172.355057 234.766357 0.704714 14 172.214218 197.340332 186.216873 234.275009 0.650869 6 200.701630 112.681282 390.986053 240.064087
004415,
004416,
004417,0.915886 14 307.155365 81.497208 326.780640 142.230743 0.841152 14 29.025162 125.716087 46.781712 171.308167 0.636098 14 192.952667 108.032822 233.296722 155.314529
004418,
004419,
004420,0.556318 14 303.139099 162.269516 463.110687 374.136414 0.647799 14 280.599518 147.458984 498.561951 374.353485 0.885622 14 4.525468 37.328068 307.482910 376.559265 0.536350 14 4.020944 37.225140 472.990692 375.477295
004422,0.730991 14 285.670990 80.729553 314.669495 106.221756
004425,
004426,0.822914 6 23.589064 9.805306 130.499344 74.286880
004427,
004428,
004431,0.553739 14 46.195251 277.180450 67.551804 314.102692
004435,0.723007 14 155.514801 40.438049 330.878082 332.584991 0.683130 14 13.720215 42.588161 331.697906 333.858490 0.861715 14 155.238541 40.631313 356.554047 333.016327 0.694505 14 307.397797 149.679367 379.824402 331.669739 0.824763 14 295.778961 148.393478 382.946289 331.874237 0.715052 14 312.925568 149.640915 500.468384 332.522339
004440,0.537813 14 74.148994 2.768040 405.673676 351.268677 0.844747 14 75.603157 3.525954 411.313843 375.247925
004442,0.942239 6 350.231537 243.995056 433.069458 309.445068 0.746248 6 302.046356 227.352448 433.291260 307.747040
004443,0.886319 14 285.930786 106.982849 306.650604 130.682907 0.858668 14 312.368439 101.794510 329.154480 127.641068
004444,
004445,
004447,0.933813 14 55.594357 135.856140 83.299477 214.124542 0.926050 14 66.461632 131.103668 96.647240 216.323303 0.981188 14 312.123779 129.058807 359.498627 315.138672
004448,
004449,0.613449 14 47.742554 126.094345 213.477432 374.755920 0.899481 14 347.902130 83.902481 489.665741 372.793182 0.720344 14 48.863907 0.675542 84.146156 93.709541 0.607599 14 294.948059 82.744057 490.846619 373.891205 0.890452 14 88.854019 126.879227 217.446182 369.815155 0.750561 14 90.187408 127.456261 305.325684 367.941315 0.862897 14 190.803802 152.896973 309.756775 371.897827 0.679982 14 301.563995 83.643021 493.441071 373.863007
004451,0.617220 15 158.740128 220.947952 219.209457 335.803284 0.526055 15 414.965088 110.408531 440.138214 139.068741 0.710458 15 34.721748 166.439240 173.243835 253.444305 0.603133 15 386.300995 113.566666 406.819458 137.398849
004453,0.684161 14 44.795944 49.612106 79.819954 153.525772
004454,0.561119 15 1.258329 330.193420 31.824392 378.795288 0.968956 14 156.402023 94.992775 235.842300 378.000977
004456,0.966326 14 161.448532 64.796875 206.215225 115.865372 0.775650 6 62.742008 84.612778 466.002808 293.442291
004458,0.910348 6 50.475910 167.465591 376.655823 271.734344
004460,
004461,
004462,
004465,0.659344 14 277.080444 122.779602 429.995636 373.074432 0.640110 14 142.632675 69.559769 310.224182 374.317230 0.725307 14 18.356531 73.486145 306.021362 374.582336 0.537655 14 141.162338 71.104187 431.779144 374.839386 0.683747 14 215.741409 121.537048 430.646667 374.073730
004467,
004469,0.654727 14 3.430121 105.809982 140.192963 319.880127 0.789837 14 270.223083 125.267143 367.223969 294.769684 0.610045 14 257.795685 102.871925 324.451569 224.403870 0.531929 14 41.896111 77.644455 84.754265 191.190369 0.931532 14 2.391577 106.599823 109.115326 350.728912 0.677422 14 58.249935 106.741249 140.252594 303.204742 0.879048 14 242.888809 127.992386 283.707672 223.170792 0.945952 14 2.711490 105.132141 138.383545 374.749023 0.886397 14 67.598450 107.609398 140.652527 250.138611 0.859080 14 45.022938 76.685684 80.741348 117.424934 0.954886 14 240.774780 100.989326 331.338196 248.681076 0.739307 14 217.635605 112.003372 441.297455 374.507202 0.804181 14 291.826233 10.428205 315.959045 72.042549 0.863620 14 213.773010 102.539055 441.999084 374.518707
004472,
004473,
004475,0.633638 14 183.212936 392.044800 236.482941 499.566650 0.668246 14 235.263687 308.547119 270.763885 430.356598 0.920282 14 261.344238 307.202209 283.131714 423.982910
004476,0.511845 14 212.424164 86.599800 350.266632 283.082306 0.503879 14 326.632538 51.867886 498.817841 283.906250 0.529687 4 23.190292 167.433228 55.518932 251.158035 0.890809 14 3.879562 98.690529 214.467682 290.250549 0.613547 14 215.933197 85.019440 434.921509 283.719543
004477,0.716721 14 100.989731 181.797760 139.141861 224.321899
004478,0.533163 14 259.249146 0.205563 286.193848 60.026314 0.759512 6 130.871521 30.156702 244.196793 73.911301 0.708707 14 125.792343 21.446703 147.003632 49.543045 0.947951 6 3.239602 27.931967 138.959564 109.496376 0.889928 14 34.545330 34.195057 56.367981 73.069489 0.756124 14 33.743935 33.775505 56.728558 91.417587 0.841300 14 304.956726 0.365183 336.542847 34.827591 0.672781 14 298.440491 140.748062 321.667297 164.796463
004480,0.562910 14 163.889603 15.217468 235.003708 230.554214 0.934311 14 4.265388 5.885973 252.847305 500.536621 0.504694 14 109.921158 7.127464 251.782196 315.583557
004482,0.780976 14 111.721153 49.759983 214.094101 201.534195 0.902954 14 202.363098 39.264988 371.984039 191.500565
004483,
004485,0.841999 14 340.471527 30.822929 499.970459 319.705139 0.951679 14 336.638153 33.764843 447.615631 318.405212 0.944409 14 156.434769 91.986771 250.414307 329.504852 0.968831 14 420.032593 27.787865 499.980957 317.930267 0.685290 14 13.659168 127.194618 116.415474 372.444183 0.953407 14 85.835403 91.111336 176.784134 340.414062 0.914747 14 218.393051 68.149971 303.193481 331.365997 0.587264 14 87.238663 91.156006 253.445892 333.902985 0.544188 14 81.932198 89.285843 254.077698 357.216705 0.978935 14 11.617496 128.436295 145.437500 373.611115 0.595798 14 215.968704 71.222809 355.317505 330.174377 0.966514 14 273.297852 75.239304 355.083954 325.273895
004486,0.581861 15 103.022896 117.989174 152.113785 244.908600 0.733607 15 64.020866 95.850624 86.524742 142.816162 0.695886 15 149.074997 122.425209 183.579361 241.267807
004489,
004491,0.552556 15 53.014549 308.793976 98.518181 372.820679 0.526157 14 70.295319 12.729024 96.422089 61.662922 0.505577 15 1.213595 280.475189 31.629921 349.920563 0.910681 14 227.609177 146.221634 270.861450 235.432220 0.753418 14 174.056015 128.191528 341.707275 293.032867 0.844831 14 261.142548 131.859619 320.971954 228.931854 0.695197 14 249.019501 132.567123 336.860016 280.737640
004492,0.856388 14 4.231721 3.752466 396.569122 376.587067
004497,
004501,0.649857 14 350.816559 128.785645 472.162415 372.369324
004503,
004504,
004505,0.689029 6 2.845969 10.756934 86.817009 38.038971 0.867015 14 268.433136 190.938721 291.093384 219.630020 0.959950 14 251.604401 118.242180 278.183624 175.895645
004506,
004511,
004513,
004515,0.815595 14 8.110715 0.607938 228.789200 484.425323
004516,0.628390 14 219.838623 57.902794 260.969238 105.641418 0.972478 14 231.736633 87.625122 340.108429 244.495514 0.955364 14 313.098511 132.193634 379.618958 244.086151 0.970267 14 323.241058 63.667889 499.936157 237.475662 0.722494 14 221.918427 58.167763 258.472412 93.853958 0.504700 14 1.299541 154.939178 20.041134 179.062256 0.609390 14 1.106719 155.424271 20.114964 235.820786 0.794010 14 54.655357 65.759422 93.688263 131.026581 0.521803 14 315.480896 64.546959 420.015991 242.733948
004521,0.697434 6 155.177963 193.875870 188.320862 212.579117 0.914786 14 334.833832 170.345963 349.796387 206.074768 0.843865 6 153.070343 194.388702 177.780853 212.432190 0.911282 6 243.233917 194.091980 276.040192 214.567581
004522,
004523,0.618148 1 15.611664 186.684235 83.297562 238.108032 0.966873 14 319.053101 117.103836 407.419861 373.481445 0.781349 14 1.070986 131.776596 35.291084 376.237122 0.815575 14 9.018205 135.593399 47.336250 230.900604 0.974715 14 122.440788 93.507988 218.076431 369.299713 0.875924 14 10.760114 134.983871 45.607582 192.828339 0.961100 14 238.427979 118.036263 309.415771 374.302856 0.896484 14 240.912155 118.826164 409.029175 374.837677
004525,0.563482 14 243.415329 75.573860 268.097015 116.570580 0.716958 14 166.245605 145.386230 196.735886 184.526123
004529,
004531,
004533,
004534,0.952075 14 323.632690 164.407547 344.485199 222.604553 0.980283 14 174.364609 181.978241 198.427399 240.892807 0.604379 6 0.782663 304.162170 39.635113 365.662903
004536,0.633447 6 364.179657 293.344757 500.750671 374.472046 0.540367 14 371.843231 151.377670 397.235748 175.741211 0.621322 14 124.063820 119.491203 418.681061 282.983765 0.919931 14 301.327698 117.814468 364.521210 208.218124 0.695689 14 308.808624 116.984947 359.621704 167.798843
004538,0.865333 14 212.997559 32.627819 307.762177 230.493942 0.735010 14 210.933289 23.691462 387.446228 279.070679
004541,
004543,0.904398 14 49.849030 296.704010 89.220062 332.754974 0.930426 6 465.380707 68.572174 500.040222 96.478088 0.652220 6 234.855057 42.502544 501.159241 225.036942
004545,0.893974 6 2.669446 104.857819 128.563278 195.499191 0.959935 14 430.465485 121.936584 453.591858 181.556534 0.794209 14 277.264801 10.267406 352.434357 245.850113 0.922315 14 265.176208 12.600504 376.164459 359.590637
004546,
004547,0.696793 1 269.470520 229.659943 369.393402 373.079529 0.976703 14 287.258820 99.908020 387.300110 351.181213
004550,
004554,0.588809 14 426.205383 143.298935 454.025269 194.823456
004556,0.573965 6 2.540424 151.611679 341.426727 279.691681
004557,0.513121 14 15.358850 5.508374 376.774780 374.368286
004559,0.777653 14 107.000801 143.717499 126.508278 170.491943 0.736640 14 98.846825 53.319038 128.655502 81.363686 0.512698 14 387.688324 245.263763 417.344086 327.251007 0.612265 14 74.398247 53.628117 106.281387 102.035736 0.917341 14 366.095490 225.059708 384.784637 262.288452 0.634125 14 364.807587 224.557587 388.209778 326.643494 0.603923 6 1.795232 125.901894 156.715103 210.172470 0.833438 14 96.192978 53.527073 138.114746 104.636314 0.655558 14 1.419520 32.472553 37.124069 99.353790 0.845493 14 390.418152 245.498840 415.933289 308.936798
004560,0.943590 6 1.995832 55.561039 85.362190 108.957504 0.931430 6 103.722603 68.511520 177.500900 107.176300 0.549881 6 218.562668 69.596153 465.415894 141.817566 0.667240 6 11.724353 101.940521 487.617462 233.891785
004561,0.958669 14 150.388870 151.184036 258.172363 374.878998
004564,0.882522 14 58.822567 89.097183 200.656525 357.971741 0.570627 12 62.417542 129.193390 200.432098 455.892883
004567,
004568,0.573218 14 366.522552 20.811583 405.019714 45.718365 0.680345 14 1.277022 33.530678 81.603844 212.952667
004569,0.551644 14 3.971670 142.555573 168.787506 450.443207
004572,
004573,0.848248 14 267.066132 105.270187 294.523956 140.664581 0.958455 14 200.701355 117.780579 224.556274 144.638153 0.908086 14 269.307495 105.041306 294.038239 133.280609
004575,
004577,
004578,0.951740 6 413.385712 183.280197 499.941864 222.292969
004580,0.731422 14 196.005417 247.582108 215.676376 319.150543 0.607519 6 225.624344 266.291016 261.451813 320.991272 0.627154 14 287.237701 242.981888 334.428528 495.174744 0.970598 14 137.990143 240.184311 231.883484 498.099854 0.815912 6 110.118431 246.927826 212.266235 324.934387 0.721560 6 227.832321 234.661423 320.395752 321.458557 0.717004 6 0.958009 104.813438 107.590721 447.120544 0.954334 14 223.350555 239.022369 308.271454 498.189026
004582,0.603949 14 158.382523 4.320931 460.615356 307.586945
004583,0.907861 14 299.491547 197.186600 342.796478 285.827606
004586,0.623637 14 220.180023 104.956200 245.028778 136.497101 0.598657 14 404.329254 54.519341 450.715485 105.380447 0.707630 6 7.644042 138.804581 497.346771 362.229248 0.747504 14 401.063293 53.683884 450.501282 180.836655
004589,0.797348 14 462.062042 129.259674 479.746826 191.387421 0.823117 14 220.798737 36.561401 313.822784 181.337814
004590,0.514113 14 198.086563 13.090310 218.986938 39.126854 0.501402 14 59.160740 126.960861 90.432304 195.253922 0.820286 14 213.499542 10.465080 398.779449 207.503937 0.626315 14 43.870926 3.995082 133.458405 163.756378 0.562601 14 262.271881 35.070381 284.858948 61.306549 0.639612 14 160.427780 162.119736 178.251068 180.044479 0.558962 14 66.448631 127.855324 91.585831 159.129379 0.834669 14 2.291697 2.302177 133.962708 199.133453 0.896982 14 41.495220 3.709444 131.326553 201.302170 0.669727 14 216.590973 10.391006 293.430328 203.136108 0.699995 14 191.090775 10.037058 369.266571 207.506027 0.870690 14 219.181366 11.585414 353.943085 208.430130
004593,
004594,
004596,
004598,0.823494 14 166.386536 46.424332 271.010468 254.679688 0.715942 14 345.617065 28.300993 443.208923 251.026566 0.547236 14 47.863564 53.356403 80.409470 81.813774 0.773469 14 144.802444 43.253616 225.542419 253.586212 0.746463 14 3.500909 59.131252 81.436836 248.510468 0.562783 14 147.031738 43.056519 224.077896 167.143646 0.614077 14 266.306305 50.742329 363.982117 201.864197 0.636988 14 86.008049 38.684933 172.677521 252.668701 0.613946 14 168.867004 44.964840 270.475433 180.932785 0.675010 14 91.820328 37.431839 179.581696 169.932022 0.814882 14 4.802519 58.946186 63.886562 179.785339 0.845559 14 8.078747 40.056862 167.999054 247.776642 0.508813 14 8.631065 39.616436 173.114304 232.244431 0.825149 14 251.202972 52.329224 364.759430 251.902039
004599,
004602,0.817803 6 53.701653 137.000854 483.216278 272.384949 0.527833 6 59.083656 159.040375 480.819397 272.473846
004603,
004608,
004610,
004613,0.572537 14 22.084267 127.179016 49.295494 168.537460
004614,
004615,0.604342 6 0.790010 324.024414 22.942532 406.168365 0.923876 6 240.116089 387.757812 280.325256 448.693848
004616,
004617,
004619,0.654847 14 170.514908 2.389205 500.988495 333.586792 0.686616 14 244.730362 3.579491 502.083710 332.340363
004620,
004621,
004624,
004629,0.760853 14 17.578896 157.302948 33.206551 198.681549 0.660149 14 203.256088 66.463493 254.928055 158.843216 0.633738 14 96.324692 57.423168 155.103088 170.205063 0.534820 14 339.029419 77.785492 382.096649 142.298050 0.820703 14 335.423676 122.599213 382.094940 272.672791 0.855828 14 302.527252 120.721977 340.195068 270.269043 0.807971 14 1.225630 140.622406 25.243185 197.923767 0.944106 14 95.413910 58.881454 155.561157 212.126892 0.763633 14 53.680073 140.262085 73.974960 207.448181 0.693418 14 201.492432 67.336975 259.901672 244.014374 0.611411 14 1.019648 140.268784 23.383316 216.948334 0.902474 14 333.952087 78.671799 384.875916 155.426804 0.840963 14 202.000992 67.006760 258.127075 208.544296 0.544559 14 96.428314 57.313435 156.104919 172.150665 0.584822 14 95.648460 59.212498 155.495148 263.261780 0.540955 14 96.947578 56.996922 152.368164 170.358093 0.692555 14 1.491812 139.391556 23.565754 172.461243 0.617607 14 470.508179 155.551926 491.939819 176.544006 0.596603 14 204.664322 66.156433 255.368744 140.059372 0.845813 14 334.758392 81.512718 386.634644 273.372955 0.536787 12 227.682480 116.515167 302.103882 264.408813
004633,
004635,
004637,0.710647 1 13.628594 178.628616 89.167580 303.287781 0.740184 14 11.974421 78.333679 83.735626 238.051178 0.505282 14 14.144841 78.216042 78.623161 203.118881 0.966201 14 10.094665 77.977676 85.356834 275.239227 0.970906 14 205.817856 115.703140 284.922974 254.487534 0.708783 1 201.859863 189.485458 293.500580 301.937073
004638,
004639,0.527208 14 221.010574 7.846027 365.178864 498.450073 0.504098 14 226.837997 6.667390 364.716614 499.315674
004640,0.536749 14 2.005353 62.152607 111.428429 349.876465 0.593561 14 219.087372 56.430454 274.939850 163.669022 0.663210 4 143.850372 99.768394 159.685593 151.569901 0.748310 14 81.665161 54.233860 148.026382 150.284485 0.969941 14 271.397797 55.233536 499.642578 352.516174 0.765799 14 76.847610 55.508362 114.660423 141.820587 0.774428 14 81.466095 53.611820 151.126755 184.203079 0.832789 14 29.756523 64.045242 99.767502 202.566238 0.895961 14 1.594499 58.241306 109.199730 357.478607 0.770617 4 241.348206 131.051926 267.269073 198.770645 0.906007 14 219.681396 56.037140 275.866821 198.665436 0.719933 14 82.766403 53.046875 129.624054 112.105362 0.808028 14 1.473013 56.784523 35.188122 139.519363 0.848773 14 2.354778 62.831955 108.632072 289.220825 0.531241 14 11.125676 64.657433 135.976791 213.174194 0.753012 4 188.377625 105.988129 206.283600 157.813477 0.871862 14 32.587967 63.201035 88.791267 145.368729 0.670264 14 219.502228 55.712856 274.754242 136.019272 0.928784 14 259.297211 55.750999 335.108368 182.786255 0.876529 14 330.581909 58.878979 427.546021 255.604065 0.773166 14 270.957581 54.993263 330.793396 150.555435
004641,0.902120 14 57.376850 250.861359 85.606606 284.818115 0.904789 14 188.823563 10.771550 351.891693 288.300415
004642,0.828228 14 58.161407 39.053577 401.894104 332.301605
004645,
004646,
004650,0.979019 14 180.881439 102.060310 247.540115 336.389587
004657,0.627951 14 166.895004 266.067749 190.760559 308.778778 0.591402 6 120.515152 126.437645 146.213425 141.311111
004658,
004659,0.680737 14 265.398529 238.590042 293.598145 276.142212
004661,
004663,0.641590 14 223.693832 165.664932 246.457855 191.672195 0.547527 14 175.992035 165.418427 207.678146 251.363907 0.576076 14 177.688446 162.900314 208.402664 220.946701 0.884789 6 451.583710 261.285950 498.069427 294.572754
004664,
004665,0.817477 14 202.837296 142.881973 231.840515 169.182449
004666,0.522155 14 243.543991 156.934692 277.202057 256.617584 0.956542 14 466.964020 173.916504 495.488953 243.842422 0.969621 14 442.964783 173.209946 475.064331 250.607468 0.596736 14 255.038589 157.589264 275.087738 177.883331 0.971399 14 207.371277 193.621094 235.150620 289.021912 0.840937 14 466.514313 173.548630 493.665070 246.244339 0.790326 14 297.043182 179.518753 322.271362 235.801819 0.977590 14 165.311905 191.368683 200.226303 297.509766 0.918633 14 270.117218 187.697479 293.177002 250.383972 0.920933 14 247.231567 187.591263 276.076172 256.462341 0.694783 6 18.000975 125.971802 444.061829 295.726410 0.932972 14 295.344666 180.381256 322.710205 253.240204 0.935643 14 116.536316 194.059662 142.453018 240.101959 0.621418 14 217.432693 160.681610 235.165161 177.475708 0.661340 6 236.769196 163.473312 439.555115 272.217438
004667,0.686424 6 2.110138 70.412132 471.297455 320.925507 0.979809 14 290.638611 10.312390 470.265747 400.505554
004668,0.711694 14 317.973969 126.447998 425.857361 328.249939 0.739146 14 56.808437 97.622231 175.144913 313.759460 0.889757 14 52.155369 95.740883 199.845459 359.617493 0.948914 14 256.148987 127.178993 425.875305 329.276794
004669,
004670,
004677,
004678,
004680,
004681,0.733218 14 222.590698 121.882309 249.455383 151.808426
004684,0.857943 14 130.621109 109.656929 153.304993 138.062744
004688,0.547596 6 1.879141 46.246895 469.079926 335.289337
004690,0.768960 14 336.606812 306.339081 362.375610 371.807434 0.870624 14 373.135101 302.176117 410.488739 379.539124 0.971445 14 142.585693 59.023781 276.991394 442.715668 0.659603 14 376.078979 304.098541 423.260254 391.661316
004695,
004696,0.713632 14 190.071045 75.885155 237.740662 198.419754
004697,0.507363 6 2.009802 0.544488 105.839279 102.241318
004698,0.630664 14 240.223083 5.871657 283.481506 107.286827 0.662913 14 199.590378 5.466627 321.839752 253.272919 0.955843 14 411.415588 125.058998 444.854187 211.183426 0.933318 14 385.074371 127.096901 411.184082 208.984879 0.945719 14 382.428345 126.690598 406.811584 162.193466 0.535265 14 360.992157 124.720284 395.358063 173.018661 0.922788 14 363.298553 124.058548 387.798584 162.726944 0.955945 14 326.042755 129.937759 365.311707 193.581635 0.896065 14 158.995453 6.671300 325.973450 253.559448 0.938781 14 411.037811 145.861053 445.751068 210.884216 0.671929 14 330.471710 128.696213 362.924316 160.142181
004700,
004703,0.949112 14 201.775970 61.297989 332.144928 305.632874
004704,
004709,0.920199 14 457.050507 242.445923 499.836578 280.526062
004711,0.680752 14 241.120483 117.745857 282.630066 180.999359 0.922711 14 277.777771 120.444817 337.066803 243.011139 0.726148 14 239.781143 117.899460 289.959076 240.652527
004712,0.565917 8 206.160004 134.219711 248.362686 251.132507 0.524665 14 100.645470 115.901291 387.026367 374.720520
004713,
004716,
004717,0.701265 14 130.103439 40.708508 184.807251 144.456970 0.799143 14 130.419434 40.128231 165.562622 138.910034 0.567431 14 207.587830 183.054428 230.000320 224.437820
004720,
004721,0.920878 14 197.800369 127.160271 308.196930 323.486115 0.530881 14 210.330368 129.020447 282.958038 303.009125 0.607105 14 110.659485 123.934494 310.083801 323.962341 0.954988 14 108.023911 122.821754 231.433273 317.230774 0.762139 4 152.329025 243.386108 185.083267 332.858551 0.832327 14 199.555603 119.886131 386.592010 326.310486 0.945256 14 273.805023 119.872108 387.660675 331.943542
004724,0.519108 14 194.654999 25.162495 216.252029 49.421860 0.589564 6 72.149483 67.010506 434.689850 255.828659
004725,0.746466 14 133.638641 29.032957 158.885498 62.737728 0.752716 14 419.400909 101.367966 499.950806 372.667328 0.869271 14 382.974518 -0.504026 425.927155 114.115723 0.686271 14 22.280657 1.183131 59.103889 61.758488 0.890268 14 193.913452 -0.153132 389.883942 357.025269 0.875532 14 184.886444 93.436615 387.684235 348.708221
004726,0.591326 14 303.778046 106.577583 440.599670 373.236542 0.550389 14 110.164734 44.955811 447.666199 374.832977 0.543197 14 279.817230 51.099747 448.749481 374.578186
004728,0.660597 14 450.889435 197.850067 471.730377 224.749893 0.747270 14 451.523468 199.283813 471.704285 221.907349
004729,0.831875 14 177.145508 77.327324 216.767639 199.973129 0.615054 14 129.162094 61.071796 166.671936 117.341583 0.577130 14 180.409073 77.690887 207.014160 131.615128
004730,
004731,0.605972 14 167.374619 17.054131 202.672409 111.829643 0.545065 14 191.423508 102.422607 217.259109 132.491211 0.909560 14 122.523895 174.444748 255.864380 432.397339 0.897815 14 102.085556 5.597374 140.054214 119.407791
004733,
004734,0.724871 6 52.845306 31.092474 412.629272 130.227997
004736,
004738,0.612513 14 242.719711 191.443039 305.837097 290.475342 0.783039 14 232.507339 190.172012 292.021606 254.338120
004739,0.687885 14 183.627365 175.714935 259.140533 366.749908 0.592385 14 142.010529 190.396225 193.299255 353.737335 0.630688 14 6.999878 172.553802 170.581146 499.192505 0.672366 14 4.241254 171.983582 206.035721 499.437988 0.511712 14 2.886996 168.061157 156.297043 498.505585 0.546091 14 67.548965 172.528275 286.997803 499.838409 0.616787 14 13.043365 176.709457 160.098953 456.900726 0.750257 14 140.775467 189.491364 194.181824 391.161285 0.806681 14 148.551117 173.292236 286.657837 499.161896 0.649605 14 185.190979 171.683044 285.807068 498.945374
004740,0.631642 14 184.776611 87.808983 247.638168 143.237427 0.958942 14 389.166931 73.101280 498.632416 211.339767 0.722609 14 16.650326 87.998558 158.814041 251.235474 0.527377 14 310.332581 90.649368 396.236816 227.939606 0.855137 14 188.757767 88.284004 241.228897 132.971664 0.728927 14 120.032883 86.257057 178.038651 223.550140 0.544613 14 22.340681 90.049416 128.244797 238.051956 0.941983 14 312.767151 90.258049 399.787354 186.943390 0.514706 14 35.000656 89.397591 147.288452 274.662903 0.896623 14 184.505386 89.873306 250.727707 190.707565 0.537669 14 418.332153 72.212311 497.663910 151.583740 0.863457 14 10.512374 87.523071 158.691620 278.910583 0.733779 14 132.254318 125.736305 176.945648 201.749588 0.517882 14 312.692169 89.230286 380.282043 153.435486
004741,
004744,
004745,0.929440 14 75.013329 45.403709 120.500946 114.356598 0.633795 14 81.341202 45.774940 118.837196 92.614304 0.977269 14 441.839966 85.909538 477.112610 199.910248 0.948756 14 374.720032 88.460670 401.367554 131.566772 0.635220 14 447.576538 86.253799 475.158844 123.008827 0.803270 6 35.334557 56.585155 433.904724 278.762909 0.536807 14 73.273254 46.702724 119.382095 181.881760 0.943510 14 395.850494 86.218452 427.406952 142.021622
004749,0.764697 14 123.902824 25.795441 163.180069 78.493980 0.711103 14 106.604065 25.231962 176.285538 145.624435 0.751193 14 123.072960 24.955702 171.218719 141.057434
004751,
004752,
004755,0.965073 14 265.111938 176.784805 292.047424 210.305084 0.928062 14 413.076233 79.161003 427.871826 114.677727 0.894866 6 142.123138 174.325775 393.949005 252.099548
004756,0.932794 14 224.269424 85.530563 320.431274 243.130249
004757,
004758,0.725871 14 48.896343 60.456295 73.243271 149.891006 0.609691 14 46.061176 49.041824 82.519783 156.769913
004759,
004762,0.912357 6 462.533936 142.862137 491.034851 167.258011 0.828602 14 403.605835 106.951767 423.767303 130.339096 0.940870 14 363.332214 107.379799 385.160095 130.462830 0.956889 14 279.258789 108.745361 301.059113 133.377533 0.778586 6 68.807480 68.889832 467.684082 250.188004 0.513220 14 79.420746 66.887245 98.782616 85.189240
004763,0.887766 6 4.994705 0.629922 171.258530 41.171124
004764,0.891293 6 9.589635 252.795425 50.713078 290.937683 0.937584 6 69.647835 238.544739 184.314331 328.638123
004765,0.651150 14 25.167221 8.398935 203.812927 499.859283 0.813124 14 25.959831 8.840382 218.860657 500.197174
004766,0.527691 14 359.270569 63.988506 498.709381 232.243271 0.709633 14 355.804077 101.836205 408.389923 143.237366 0.753574 14 354.179901 85.357353 457.974213 234.153198 0.687012 14 247.705673 7.824546 321.899811 143.527557 0.609635 14 351.656403 101.615906 416.089996 157.804062 0.726710 14 1.388967 33.189320 56.592968 222.359314 0.554376 14 348.895752 77.960869 416.387634 167.834641 0.636139 14 1.643078 32.797676 43.712208 82.868706 0.929140 14 236.803680 8.439482 394.829529 237.752319 0.749665 14 349.512756 81.119949 426.233185 232.479431 0.725024 14 351.073608 100.238060 427.035980 187.929932
004767,0.505312 14 221.751678 2.006985 431.435638 375.101105
004769,0.914856 14 353.695160 236.723907 401.016235 364.247101 0.737673 14 400.683838 239.242111 432.982117 293.023621 0.641331 14 173.641342 44.517887 277.877289 337.175934 0.970166 14 76.465759 55.925545 173.234070 361.882446 0.693031 14 355.497375 237.411484 400.085602 323.107849 0.874625 14 398.169861 239.442245 437.689178 374.826447 0.697082 14 173.512390 165.883301 216.940125 335.476746 0.771094 14 136.140182 167.733337 163.451447 193.742523
004771,0.527503 14 1.604917 125.733376 65.372093 331.389618 0.935750 14 1.516339 123.033852 77.464890 498.827423 0.564219 14 31.450413 128.488205 75.068695 207.806519 0.625796 14 3.382467 78.532188 284.091095 502.623444 0.693422 14 75.855400 79.698738 257.628510 474.036621 0.511417 14 34.921478 129.283371 76.133209 199.308426 0.861038 14 2.338121 121.906120 130.189011 499.646851 0.856341 14 80.408119 77.146561 281.842468 500.105255 0.635014 14 28.365635 127.409546 87.250641 330.655212 0.958611 14 201.348938 148.401886 274.964172 334.595856 0.673123 14 195.978210 145.366058 284.443146 499.409424
004772,
004774,
004775,
004778,
004780,0.665013 15 27.836641 384.570099 47.506615 426.637665 0.574441 6 102.062866 379.824158 183.907730 469.251862 0.703796 15 72.099403 388.910797 92.031212 441.702759 0.618740 15 78.217529 307.715027 97.242226 333.394501
004781,
004784,
004787,
004791,0.902590 14 146.667664 50.807663 279.073273 299.840790 0.916355 14 308.556305 3.309506 386.378845 244.021530 0.791564 14 307.325470 2.362910 371.240021 123.738983 0.742241 14 14.992083 2.456894 177.581223 299.849396 0.671570 14 115.771149 50.889973 289.353699 300.324036 0.620326 14 224.776871 10.517443 349.509705 235.924652 0.842497 14 225.683945 11.143952 297.260742 235.542435 0.574011 14 174.888657 51.006870 288.967834 300.142548 0.559402 14 226.928848 9.569796 297.732605 86.668663
004795,0.978946 14 197.248535 121.971695 267.520721 287.197327
004798,
004800,0.595766 14 193.192062 13.738554 265.464478 146.452103 0.874327 6 1.781061 10.098377 81.038406 57.556198 0.886094 14 3.734952 39.139366 51.967316 106.275169 0.836446 14 169.135468 13.444111 281.183014 148.901199 0.918718 6 239.043411 3.120732 500.001251 83.069061
004802,0.836503 14 45.546703 148.245575 61.481468 171.163284 0.596095 6 7.424295 93.692474 348.903015 208.014023 0.803451 14 0.921342 148.773880 12.668132 200.237701
004803,0.939616 14 117.098595 25.107563 309.693451 204.913895
004804,0.922852 14 112.701035 63.680153 149.773865 197.478989 0.793622 14 99.613571 85.577530 114.735863 113.015297
004806,0.903131 14 221.617645 199.806732 242.969360 220.914062 0.720921 14 239.988419 200.917664 257.671234 218.358444 0.908978 6 47.114449 199.189575 319.208038 297.249481 0.666368 14 184.388550 197.804718 211.237076 227.982300 0.862874 14 199.991852 202.524567 220.530991 224.273682
004807,0.579538 14 122.830231 134.646576 215.941925 290.269165 0.604157 14 148.899826 134.995697 214.009552 282.961761
004809,
004810,0.892002 6 24.250120 236.374634 180.866409 345.250549 0.702474 6 176.645737 220.452866 297.621063 285.546936 0.965604 14 417.516968 219.965210 443.970947 300.629242 0.964380 14 360.287689 215.336166 381.118805 281.066376 0.826767 6 179.103287 226.188248 249.351318 285.373566 0.548817 6 393.621185 36.172768 447.924225 82.161674 0.668414 14 118.267975 204.811646 134.783951 235.668411 0.954461 14 417.595520 220.330536 442.752655 300.276947 0.970266 14 394.287537 213.407150 416.892578 287.209595 0.663235 14 107.607208 204.520401 125.061256 237.350372
004811,0.942337 14 134.953979 5.838901 215.741623 460.916779
004813,
004817,
004819,0.563363 14 106.895241 126.163635 139.599228 174.091400 0.899359 14 233.530701 191.051331 285.260315 398.150757 0.670147 14 58.233955 146.240646 116.902512 305.757050 0.773360 14 224.639786 136.251251 264.440552 198.487778 0.568912 14 134.894928 127.495094 168.829102 184.344193 0.767150 4 135.216553 286.655365 151.225250 354.148315 0.665689 14 183.979294 127.467331 227.239792 220.980560 0.557351 14 29.835789 177.253952 92.457474 304.308533 0.898493 14 2.291260 227.209732 114.962540 499.848297 0.736728 14 220.775864 138.897598 268.261597 244.368500 0.953345 14 131.585419 127.585083 175.682449 217.526794 0.877566 14 102.362251 131.326660 140.938309 220.516129 0.921215 14 60.050255 145.102264 96.985474 227.276443 0.881099 14 2.323575 175.354401 120.207588 500.933655 0.528525 14 106.449760 130.017075 139.212555 198.706116 0.548469 14 1.644233 229.995636 76.522141 499.993408 0.547852 14 183.046814 127.783386 228.927383 231.731628 0.599747 14 222.552231 141.497040 284.723785 375.059998 0.866958 14 219.417755 140.620560 287.639282 476.550385 0.920007 14 186.420563 127.205315 225.872955 194.648590
004820,
004821,0.925092 6 49.130989 368.252716 253.113235 457.414825
004822,0.624935 14 153.509293 24.515938 297.499695 226.021393 0.618362 14 153.441040 24.025082 288.202118 294.316559 0.610811 14 151.052475 24.948154 313.150421 320.122803
004824,
004827,
004829,
004833,0.607085 14 141.908051 0.119481 297.154297 344.851929
004835,0.785194 14 342.412720 2.186444 500.474762 332.494965 0.896257 14 2.399504 3.948243 274.386505 333.470764 0.863409 14 104.265137 271.742218 138.736313 332.047821 0.511021 14 328.592865 2.344249 499.842682 264.265808 0.867249 14 294.514282 2.743320 501.259735 332.689850
004838,
004843,0.913436 14 333.198029 169.348862 351.024292 187.538528 0.927113 14 166.780182 113.048630 191.854736 159.546997
004844,0.873328 6 0.968438 388.050262 106.966507 497.842499 0.640537 14 83.814400 181.223938 125.031967 274.217316 0.917871 14 84.198776 182.432159 114.022728 270.447266 0.616717 6 94.179596 382.197723 172.073715 463.285553
004845,
004847,0.556491 14 147.414459 67.905891 250.825607 287.688660
004851,
004853,0.825171 14 437.966522 161.780289 457.842651 208.539749
004854,
004855,0.688050 14 213.719254 109.272438 264.029236 177.847763 0.783553 14 211.111145 110.165611 265.434143 214.405060 0.594513 14 213.205704 109.037193 260.743744 165.952087 0.681229 14 110.791603 100.595901 230.300308 283.176575 0.920725 14 303.793854 103.927643 374.464142 205.721405 0.846234 14 210.060532 110.645210 279.807648 283.483154 0.675672 14 114.233093 99.294548 224.229111 224.560532 0.917296 14 78.661598 98.580750 230.827957 375.249969 0.603906 14 153.989243 99.306305 209.188660 191.175201 0.696015 14 300.275818 103.707275 381.106232 344.439056 0.690399 14 243.581039 104.014603 390.543091 345.725616 0.977049 14 238.062881 97.683182 492.130615 373.754425
004858,
004860,0.764025 14 226.924362 192.684418 256.048462 227.737427 0.936695 14 126.022720 193.821121 179.421448 302.284119
004861,0.533355 14 162.975632 4.071116 400.419556 389.339661
004862,0.719584 15 230.418228 320.867828 261.743805 360.528290 0.679725 15 224.168274 260.608948 265.690765 313.666779 0.614602 15 222.737183 260.827087 267.347137 366.375427 0.670159 15 221.682358 249.108093 267.322998 364.541473
004864,0.937501 14 283.912476 25.080748 332.943573 272.450409 0.965414 14 77.160561 27.505465 100.491516 122.866058 0.958683 14 32.016365 29.035799 56.015648 115.232742 0.718255 14 76.883537 24.855957 248.376938 456.094086 0.861065 14 1.328829 19.106218 26.720118 75.284103 0.745989 14 77.353554 25.104687 247.609192 391.745697 0.763338 14 26.630503 30.609865 43.536739 111.426651 0.933415 14 52.798309 28.312519 72.193619 111.913506
004865,
004870,0.942148 6 24.721630 35.802464 128.661453 117.047592 0.879417 14 132.218506 28.964684 228.797348 288.040802 0.879262 6 358.580139 20.734676 442.812836 118.621948 0.815250 14 135.020798 29.145409 251.049606 375.400055 0.815064 14 133.149689 30.825354 310.514191 375.701141 0.763876 14 203.030075 79.808624 309.334839 373.774597
004871,0.562570 14 207.825073 308.212585 245.004288 374.955597 0.772080 6 68.095085 83.385109 479.251160 362.182495
004874,0.690210 14 229.519455 94.737442 268.161652 146.329102 0.638403 14 196.124130 98.920761 247.653549 234.024704 0.753040 14 200.601318 94.616417 282.430878 233.917389
004875,
004877,
004880,0.564919 4 399.654755 213.508759 418.845764 282.310181 0.512779 4 388.078949 216.034653 405.234253 281.434448
004881,0.694481 15 338.343292 170.573013 371.760101 212.304001 0.761090 15 237.280853 168.625641 270.966461 212.184464 0.700961 15 293.978607 143.865707 325.349365 196.040512
004883,0.689067 6 4.230261 84.126205 486.958649 216.571167
004884,0.950289 14 193.386276 67.425407 414.403137 378.846436
004887,
004888,
004889,0.719794 14 8.685388 8.432775 151.536499 179.731186 0.925527 14 214.691406 34.965031 267.985291 137.091064 0.780025 14 9.219154 10.553124 287.554688 337.356659 0.732512 14 8.905483 9.940220 52.600704 73.668068 0.699074 14 4.959270 8.291907 176.014740 336.766113 0.765101 14 205.253113 8.746922 309.721405 333.569000 0.592417 14 208.239380 7.151079 303.349792 211.650665
004891,0.848943 6 136.742767 115.049202 417.779205 253.486374
004892,0.588641 14 123.372131 122.570435 143.855728 152.131439 0.580007 14 46.584114 213.858231 67.461082 234.537079
004893,0.956025 14 97.833061 243.831192 182.472855 498.797729 0.632714 15 168.344986 8.037988 209.714218 64.477295
004894,0.897052 14 212.247574 12.143054 387.365326 334.665131
004899,0.831501 14 54.119907 114.446800 201.629517 333.116364 0.921173 14 53.317513 115.059807 158.899078 332.352509
004900,0.642392 14 39.186054 338.667572 53.831615 399.368530 0.518671 14 49.244843 359.125031 58.652164 436.592163 0.919245 14 38.446171 340.581879 54.587395 499.223633 0.576793 14 38.959373 339.240265 49.972736 398.457184 0.919436 14 28.447807 355.773224 43.304775 499.362762
004901,0.541647 14 107.045570 76.640053 168.704529 141.820236
004904,0.971725 14 376.290863 83.385422 453.247681 191.201935 0.673907 1 359.717651 136.931183 490.201935 209.772079 0.756475 14 94.177292 119.905334 174.930771 233.960449 0.915332 14 281.031281 16.117994 324.542603 70.709404
004906,
004908,0.837428 14 74.451118 44.732452 268.552948 427.199432
004909,0.732506 14 45.224804 4.013076 274.658417 500.374664
004914,
004915,
004917,0.911614 14 162.535248 90.994202 239.503983 299.777191
004918,
004919,
004920,
004921,0.657670 14 115.550423 144.692764 149.619858 277.641327 0.661883 14 60.696266 161.674057 72.186607 195.513245
004922,
004923,0.642841 14 213.602631 122.072853 381.747559 374.258270 0.653768 14 6.404191 68.849106 253.479156 264.910126 0.774866 14 3.885426 67.751854 253.000259 375.621368 0.747819 14 3.661409 66.889725 380.604980 377.357941 0.571574 14 109.775574 120.468178 383.076813 375.135193
004924,
004925,0.842050 14 1.918674 3.702775 167.109146 500.517303
004927,0.756009 14 132.841248 45.848461 154.119812 85.341820 0.648837 14 95.430939 48.776825 110.749809 80.907776 0.873420 14 62.775394 47.859112 79.674683 84.627335 0.630511 14 400.257172 41.308624 424.524017 100.990379 0.899317 14 443.143585 40.236248 470.077240 103.610603 0.644346 14 479.143555 57.422386 500.096497 109.515076 0.687099 14 405.020477 40.205471 432.006958 104.385040 0.877672 14 349.614929 37.792194 376.737488 80.565956 0.805519 14 56.819550 48.912231 73.523376 85.469292 0.844523 6 1.358505 29.545191 50.792553 96.498344 0.893457 14 373.427094 40.570599 396.631531 89.566200 0.531183 6 1.041040 17.994125 500.139526 274.871490 0.751185 14 448.198364 40.954975 470.789856 79.343719 0.895844 14 85.730522 48.587132 103.548813 81.587006 0.709519 14 112.235519 46.369453 128.686722 85.108856 0.555658 6 54.932507 19.243677 439.152863 239.389038 0.848477 14 35.036510 51.475777 52.106052 87.573784 0.918959 14 405.600525 38.716820 441.445374 104.908127 0.781047 14 70.817062 47.180267 87.571747 81.390984
004930,0.750693 14 45.623661 23.309978 356.649536 333.765472 0.606608 14 50.385429 28.704342 355.391327 315.285583 0.814092 14 143.105530 23.453045 355.252167 329.924286
004932,0.887305 14 116.024132 19.062540 179.053864 150.622482 0.648480 14 108.999397 18.998280 182.412430 205.759155
004933,0.834035 14 1.218818 261.298462 17.565262 302.933899 0.905155 6 132.132294 160.551987 202.866531 201.171555
004934,0.597118 14 293.775330 12.828890 500.341125 332.203461 0.680698 14 377.783081 12.389834 500.322937 332.459991 0.566569 14 3.673896 2.991493 290.188782 333.765381 0.516834 14 227.146332 12.274992 501.180817 333.077972 0.638965 14 253.430069 12.888504 501.078796 332.713959
004937,0.775453 14 159.136887 53.964703 208.564606 165.746567 0.864669 14 99.366028 100.417366 133.388367 236.186615 0.753828 14 215.676910 101.367943 260.135986 163.892029 0.974550 14 26.062159 128.352570 57.627201 229.799133 0.866177 14 158.040298 83.382179 204.715927 233.034302 0.867701 14 94.773056 99.895042 124.307480 170.586761 0.709804 14 107.322136 96.673653 142.155533 171.749222 0.901822 14 160.383652 83.801147 199.238846 165.023911 0.924497 14 214.867752 102.145088 263.241455 213.826035 0.743721 14 90.701492 101.405312 115.680725 169.656219
004940,0.756121 14 41.713825 105.403503 68.439888 156.393906 0.582143 14 42.961357 104.003563 66.778702 137.914246 0.701200 6 30.008718 134.082077 486.124146 220.610855 0.762020 14 1.348657 95.108604 41.357056 229.817810 0.752328 14 6.127385 94.714958 32.378120 128.903198 0.593974 14 13.915873 95.139717 39.494701 150.336594 0.531580 6 33.050850 170.096542 491.365204 312.899902
004941,0.973663 14 2.798645 60.690968 79.464119 483.101105
004942,
004944,0.925146 14 118.180847 226.544846 199.384750 374.315643 0.789973 14 119.566078 227.137665 196.367264 329.252533
004945,0.642609 14 195.861435 106.866417 222.424026 170.400208
004947,0.573471 14 159.742859 75.142845 265.747192 248.721313 0.568740 14 5.227566 28.960653 250.836853 253.220245 0.606816 14 4.170507 31.055904 193.706543 252.591690 0.698952 14 302.232941 78.757973 472.341217 225.176712 0.909911 14 302.109009 78.950104 475.662415 248.935867
004949,
004952,
004957,
004959,0.970904 14 204.434616 122.435677 289.263123 332.445343 0.797966 6 20.927929 122.104660 87.834618 159.683609 0.917093 14 46.766678 107.933113 66.790588 132.136475 0.612005 6 428.826630 130.820953 500.190674 225.530167 0.769299 14 41.413654 109.017082 66.082642 154.460175 0.868484 14 27.086695 115.213318 51.496048 155.309784 0.705241 14 329.798035 124.135368 437.127289 207.923004 0.892891 6 116.802925 88.898895 197.913193 129.593521 0.970321 14 92.538895 97.520256 115.196869 154.295441 0.799542 14 101.859673 97.339577 120.739357 153.220215 0.940051 14 69.088051 116.523727 90.744217 156.228485 0.971828 14 295.943573 125.283630 439.859100 332.672852 0.622889 6 285.313019 97.977325 455.867004 155.376663
004964,0.839906 14 447.108948 75.808151 483.428802 206.089905
004965,
004969,
004970,
004971,0.788878 14 15.409589 175.549683 204.753815 374.521851 0.733712 14 4.852124 173.097336 204.807098 374.676270 0.919961 14 194.931976 135.440140 439.831604 374.355011 0.863175 14 221.053497 136.205383 437.701752 374.592621
004975,
004978,0.682853 14 169.882095 42.230019 343.698425 283.588409 0.522956 14 210.420135 119.070229 293.257050 213.389999 0.951584 14 324.796906 80.187317 462.916077 282.162537 0.589192 14 177.931671 122.238480 300.649078 282.605194 0.764645 14 172.123383 40.489353 298.888397 283.996979 0.962463 14 46.459301 106.139793 186.556717 282.871521 0.789814 14 273.402191 56.237274 357.212341 283.273376 0.629764 14 214.426392 122.038254 320.267487 282.004944 0.733877 14 276.879608 72.986664 475.047058 283.677948
004979,0.635978 14 189.058655 116.595200 248.140930 281.217468 0.837488 14 131.186432 316.134308 155.204468 382.406677
004980,
004981,0.572734 15 360.833130 47.049091 391.874695 80.890289 0.602704 15 168.343170 10.091282 195.453308 50.828396 0.548238 6 10.116950 60.420609 393.543121 247.159729
004988,
004989,0.836078 6 52.315845 185.002487 387.110168 305.999878 0.712155 14 105.449982 171.027039 127.282753 190.255875 0.544067 14 406.238251 233.757172 426.989258 279.945709
004993,
004996,0.598005 6 48.780159 99.130791 480.731262 299.069397
005000,
005002,
005005,0.765196 6 62.838345 123.909470 455.104553 211.837799 0.935168 14 309.505280 126.331375 345.131531 152.418488
005008,
005009,0.949573 14 366.997375 7.649247 439.661072 249.760910
005010,
005011,0.611581 15 85.979996 160.904602 111.234337 195.231827
005012,0.672156 14 2.166331 5.330011 243.976074 501.219818 0.677788 14 3.232643 5.525008 222.228302 500.455078 0.829293 14 83.100883 5.194843 221.260803 499.824585
005013,
005015,
005017,0.892635 14 144.122345 216.302612 164.925446 256.611237 0.894181 14 186.386215 221.777069 206.800690 259.597137 0.960411 14 90.953400 201.536621 107.407013 238.708374 0.921357 14 169.678406 217.375809 189.677612 256.177368 0.943711 14 113.784050 221.161163 135.953278 256.933594
005019,0.963746 14 5.814992 123.205246 150.458313 340.362976 0.739974 14 133.406326 5.980899 405.042816 339.003937 0.609777 14 8.662369 122.774254 109.224510 241.362762
005021,0.841387 6 36.516579 101.065826 434.599487 255.841888
005022,
005025,0.521878 14 180.568741 36.432167 243.330826 165.516312 0.676730 14 171.338013 54.651527 322.446777 373.805878 0.754515 14 329.701782 77.931427 444.282837 265.723755 0.570293 14 141.303894 49.462929 251.588470 374.738007 0.785347 14 169.169296 52.265865 237.628647 171.759705 0.673520 14 228.112778 106.083672 323.040344 238.138000 0.947782 14 14.618404 46.768593 253.053009 376.660522 0.638908 14 4.706435 45.709099 207.217300 375.440155 0.681894 14 313.592316 74.845581 426.324249 234.280579 0.565750 14 232.864853 108.228668 381.875458 237.053864 0.952568 14 332.462128 74.707054 425.210236 183.706085 0.791611 14 312.148163 76.246376 443.956665 247.608597
005030,0.578983 6 24.162472 60.183147 425.965637 294.631287
005031,0.719550 1 328.181335 177.969849 423.715546 276.015869 0.525416 1 62.969925 181.675934 129.352173 284.920441 0.763351 14 76.845840 42.502506 167.765549 228.383728 0.979669 14 336.237793 101.907623 409.548035 232.286804
005034,
005035,0.867701 14 264.791443 2.642959 284.694611 36.485855 0.891879 14 240.751282 1.901642 262.764832 37.601349 0.647517 6 25.853079 6.870310 68.348274 36.985725 0.847842 14 278.889069 0.030988 305.305847 83.366333 0.886096 14 477.630737 5.258869 499.644287 77.243378 0.907750 6 433.788757 8.790874 481.924561 73.133049 0.510238 6 430.420776 0.223222 490.697235 74.154640 0.561790 14 266.386505 0.809430 290.797119 82.515488 0.923282 6 1.413042 28.183111 54.202000 103.645920 0.802557 6 28.004698 3.036306 149.531311 76.804260 0.934063 14 159.958008 1.091591 179.348495 35.485828 0.862250 6 33.336430 35.002548 483.358704 247.712891 0.968273 14 391.670349 -0.443377 425.446381 103.774879 0.850360 14 280.083069 0.304119 304.581238 45.489056
005038,
005040,0.547852 14 329.494263 250.223663 387.778137 373.828888 0.678069 14 103.800697 49.726757 366.800140 374.129120 0.622464 14 78.791214 49.971657 371.320007 375.310059 0.659125 14 249.220551 53.014038 430.904327 361.614624 0.956238 14 253.089752 54.000778 496.907196 373.832062
005041,0.655619 14 280.635712 147.500961 298.466980 161.439697 0.710602 6 263.594147 160.698364 395.359985 232.301636 0.544796 6 262.030426 163.983154 395.282104 316.585815 0.936213 14 153.980148 153.879089 222.400986 373.897308 0.927857 14 297.697632 158.851578 337.802979 219.926361 0.819170 14 151.578552 155.413589 223.046280 312.118439 0.948265 14 252.936447 163.006088 294.699402 265.465759 0.506700 14 56.042889 128.131470 159.817551 371.357086 0.720458 14 294.719391 160.046494 339.431061 261.001434 0.946746 14 60.154224 130.346146 155.095428 316.445770 0.596226 6 260.203094 163.099442 391.372894 316.600037
005043,
005044,
005046,0.656165 14 116.238319 194.381927 140.628174 242.218903 0.723912 14 298.363708 252.505798 325.923462 296.616028 0.541281 14 63.749477 157.948288 103.405968 236.702438 0.868150 14 299.245392 252.804306 324.785431 288.442047 0.771818 14 59.340965 158.959579 124.662865 292.227264
005048,
005049,0.919761 14 380.165924 84.282135 500.167908 374.429413 0.906503 14 3.290698 52.671322 254.405136 376.689514 0.843512 14 202.165909 58.516590 350.666656 250.905746 0.800735 14 205.305023 56.198711 349.233459 210.835175 0.897088 14 384.153992 86.092308 499.506073 235.038986 0.527862 14 210.272507 59.015171 498.125732 375.091553
005050,
005051,
005053,
005059,
005060,0.526736 14 58.014416 191.536148 94.807480 262.446106 0.511886 14 256.231018 151.349182 300.382385 222.881104 0.579384 14 258.468811 151.050232 299.992218 199.355743 0.744390 14 187.726608 153.157806 253.629929 242.015656 0.538422 14 48.703388 43.396584 187.619980 199.062088 0.979045 14 360.003967 145.615021 499.317261 374.125366 0.576664 14 50.855846 43.992687 186.336105 323.886963 0.590929 14 189.712799 151.853043 247.382217 221.988007 0.780757 14 348.267975 157.480911 412.434998 373.706177 0.693674 14 316.758453 159.428421 357.328705 212.499573 0.837000 14 351.112274 156.838730 397.773407 222.431656 0.874519 14 254.264984 151.667404 301.681366 248.312836 0.562984 14 48.186817 43.108284 254.380081 356.243500 0.574882 14 148.894638 120.867645 206.521744 251.458435 0.971998 14 313.137543 159.892273 363.075684 263.329041 0.529286 14 147.120956 120.840759 206.387848 305.545929 0.910619 14 48.492878 42.924507 206.597626 333.963684 0.565847 14 43.751106 43.142315 194.772308 349.999115 0.650561 14 150.350327 118.564522 204.380753 194.967545 0.890472 14 55.009567 124.539749 159.527100 323.233917 0.645499 14 153.999725 117.656425 204.201385 183.633408 0.901548 14 172.030975 154.006989 255.628113 344.502869 0.508348 14 184.749039 155.284225 388.918793 374.840179 0.926039 14 349.391083 157.762924 402.047913 265.424835 0.905079 14 242.604736 201.371490 389.587463 374.387024 0.658213 14 170.428329 201.060715 389.975616 374.631195
005066,
005069,0.971066 14 97.852364 224.728287 173.331039 396.278442 0.590349 6 1.357650 125.700104 143.809021 239.314453
005070,0.525530 14 168.242691 95.927475 191.835312 114.449120
005074,0.748882 6 360.559723 128.353348 469.483337 154.426849 0.624012 6 2.869368 106.057487 128.831604 147.471481
005075,
005076,0.880717 14 19.502687 110.459770 48.807178 169.969193
005080,
005082,
005083,0.890957 6 13.375655 88.198875 489.113861 284.505951
005087,0.509040 6 243.403107 1.463796 305.912476 51.927288 0.741142 6 258.405182 0.307193 422.180908 40.134300 0.896687 14 175.950241 0.184825 202.939072 52.038589 0.611847 14 175.452896 34.613586 331.296936 245.433487
005088,0.701731 14 137.916443 151.665817 254.384399 317.394958 0.538443 15 115.579971 211.979202 169.694031 304.562317 0.619577 15 48.715801 204.564011 115.730820 299.363953 0.752920 14 317.140717 133.704544 439.532013 288.756866 0.511014 14 294.248596 162.935410 356.624542 273.843903 0.832598 14 268.954437 127.609734 319.479309 244.275742 0.867356 14 21.765869 140.140381 79.277397 234.386002 0.932260 14 138.753052 152.367065 221.404648 282.558746 0.943088 14 18.313307 140.963623 79.140816 267.213806 0.908597 14 76.005531 152.011383 119.401947 207.090942 0.515970 15 115.950851 200.238968 174.437500 305.773895 0.774335 14 21.822483 140.687729 78.467049 236.883408 0.805136 14 292.172791 164.178848 350.796692 238.694138 0.710130 14 70.313171 153.840958 124.708458 294.222107 0.807121 14 36.383591 139.150543 75.527496 191.499802 0.936603 14 246.842651 163.544983 358.991302 340.662506 0.622538 14 269.352600 128.817886 310.921967 203.281021 0.858943 14 248.952744 134.804977 445.288971 349.880798 0.574175 14 268.573608 126.125458 313.302307 218.357086
005089,
005091,0.675209 6 216.819519 135.712692 429.382751 256.457611 0.686738 14 54.063526 82.224472 83.488235 138.264084 0.825490 14 317.885040 156.258453 348.863190 187.617615 0.640718 6 57.673721 69.001823 195.844803 143.878616 0.575592 14 295.548584 156.749954 360.147461 248.401367
005092,
005095,0.900651 14 384.262390 250.324829 402.165100 291.652649 0.703059 6 329.847748 201.146881 491.133881 293.938263
005096,
005098,0.876466 14 311.138306 150.194885 338.102325 180.336685 0.872939 14 278.769897 154.601501 301.288025 182.088364 0.949677 14 82.249702 245.509277 130.418777 350.325867
005099,
005100,0.838439 14 53.940105 58.603249 169.805634 250.703415 0.733381 14 42.558945 57.857941 169.966843 250.509644
005103,0.953680 14 87.812248 42.845665 213.116653 463.735596 0.949462 14 237.670166 112.420677 285.535126 278.831512
005105,0.809989 14 70.578697 77.479660 96.180573 105.806213 0.755548 14 388.037750 78.147850 413.319458 101.135063 0.943971 14 447.129028 94.503128 478.104218 124.760841 0.886245 14 415.910339 92.065857 443.704987 117.011879 0.673288 6 1.495116 81.609627 97.592789 155.182510 0.527559 6 1.754712 81.283127 98.238785 156.751587 0.955176 14 86.684631 80.174629 115.760963 134.713608 0.618661 6 2.844944 81.572983 164.241959 163.291962 0.666935 6 151.083023 93.854446 494.530304 199.101654
005106,
005109,
005112,0.810054 14 159.063950 250.883240 177.312653 278.143829 0.858305 14 169.491913 251.825607 185.363495 278.550903
005113,
005115,
005117,0.626959 14 2.551474 1.799315 284.559570 494.149017 0.596028 14 3.396314 2.777889 226.589569 496.844543 0.545566 14 2.419341 4.420012 287.594757 500.368958
005118,0.830311 14 243.828064 14.960893 475.324463 369.693939
005119,0.964400 14 249.345306 17.786528 402.450745 350.531372
005120,0.533382 14 19.160662 73.542175 143.677383 320.200531 0.732579 14 13.233756 4.214272 143.703186 321.930115 0.604226 14 6.086391 7.986963 146.010330 474.200195
005123,
005125,0.797101 14 381.088135 125.164490 408.799835 164.307327 0.860207 14 0.952265 194.694183 14.287988 256.366089 0.820818 6 54.674328 56.660576 424.357178 231.886139 0.916182 14 378.989563 125.588287 417.960297 192.030258 0.847552 14 343.269043 119.082260 363.161316 136.504608
005126,0.903142 6 76.131828 130.016342 271.502686 227.675659
005127,0.542237 14 175.623596 83.149979 280.970886 301.353455
005132,0.931607 14 334.089447 74.303192 398.099487 269.637268 0.598939 14 255.819016 74.912155 358.671906 275.491577 0.524202 14 333.385162 75.385963 400.215576 246.002319
005133,0.558404 6 1.948431 60.749756 67.677437 91.910248 0.975448 14 268.072357 93.172874 335.706543 250.143387
005137,
005139,0.532243 6 364.901093 146.609589 479.161774 256.612030 0.627551 6 392.559814 152.068512 478.391174 255.766220 0.981466 14 354.177704 108.340233 416.670258 244.799088
005140,0.933311 14 0.645552 3.045887 112.921432 333.591278 0.893729 14 352.531738 1.675786 501.002075 332.535797
005141,0.970886 14 209.053848 182.540619 231.238846 239.504654 0.968109 14 226.099258 183.177200 248.353546 238.793030
005142,0.815610 14 265.325531 112.756378 290.668091 148.552094 0.812072 14 151.070862 126.691521 211.227234 242.189743 0.524235 14 297.959259 132.827728 323.902618 162.548065 0.610650 14 264.580414 111.616066 297.892120 158.158417 0.523331 14 156.485825 124.244827 185.456757 168.132736 0.685173 6 18.485413 65.106812 456.342163 319.547607 0.637660 14 325.651459 236.926041 361.958862 275.072174
005147,
005148,0.814970 14 129.028305 112.709999 254.245575 373.776733 0.511312 14 1.179868 156.499863 32.595634 303.274170 0.609687 14 128.769272 110.617104 290.846680 374.021179 0.518380 14 354.123810 161.313171 403.493683 278.474243 0.949544 14 5.087696 93.372101 161.800980 374.654633 0.734512 14 131.470261 96.239647 431.039520 374.472168 0.891252 14 349.208740 160.327942 405.436127 290.592590 0.921277 14 226.518600 93.235283 434.256470 374.085114
005149,
005151,0.947456 14 334.839478 88.543587 446.608246 340.956055 0.779565 14 3.210060 102.897453 111.544800 219.601303 0.717409 14 2.852213 103.330780 114.550812 277.305084 0.902328 14 138.034302 95.639015 238.855316 284.246735 0.502045 4 174.820969 283.596924 244.914673 374.391174 0.578629 14 2.796780 103.161041 112.214851 259.935333 0.663177 14 3.188323 101.723000 116.911736 319.344086 0.772678 14 279.304352 88.721794 450.691681 340.548279
005152,0.676817 14 4.549831 32.446762 228.965637 375.895447 0.909473 14 2.379864 31.933800 161.714096 375.059174
005154,
005155,
005157,0.902378 6 102.528389 201.084656 290.745728 275.612732 0.930541 6 1.685901 157.405899 58.672668 206.801712
005158,0.631886 6 21.199121 63.463612 481.476471 206.799484
005162,
005163,0.740203 6 1.516786 0.383296 71.352898 99.767876 0.790416 14 231.796677 43.177132 256.626129 67.405266 0.865321 14 97.500977 242.655975 112.346886 281.020966 0.953546 14 207.979019 226.049561 272.082489 274.619080 0.854626 14 282.962799 33.177555 305.836731 65.127060
005164,
005165,0.530854 14 204.944763 6.833889 232.390671 63.290840 0.699146 14 138.774445 13.275582 164.188187 69.773842
005166,0.564379 6 44.309750 67.601654 397.240814 285.740173
005167,
005170,0.966660 14 121.560120 162.731964 160.752975 298.541077 0.967565 14 68.887520 164.736649 107.764450 301.680054 0.849143 14 282.504547 150.730606 325.934540 255.657242 0.870322 14 340.724274 211.133926 370.622009 272.799927 0.742929 14 44.262417 74.167618 106.407486 302.400116 0.699561 14 258.851410 151.643051 295.914581 271.298981 0.832866 14 284.737366 151.129044 327.656952 288.395325 0.920296 14 196.126724 151.873718 242.461472 306.539825
005172,
005174,0.570868 15 320.725342 116.225433 358.191864 157.845856 0.541122 15 295.972321 121.456749 333.829437 178.475693 0.531896 15 88.796898 173.299515 117.166862 209.772812
005178,
005180,0.637848 14 138.041306 243.341385 158.963318 283.610107 0.580952 15 93.739738 293.170288 123.698921 400.664276 0.731747 14 1.079162 293.453064 33.884708 398.781860 0.589913 15 92.915443 342.261230 118.978378 401.836914 0.712713 15 36.055504 262.457764 61.875713 314.988892
005182,0.912462 14 203.787811 23.119949 264.705658 201.921127 0.707537 14 189.265518 23.409935 266.333740 256.931244 0.547265 12 160.858643 84.000626 379.418121 274.356445
005184,0.928892 14 225.903458 179.979202 298.414062 349.436707 0.725628 14 229.321671 179.267410 262.974396 266.249603 0.837750 14 170.592606 178.689209 293.500244 368.890076 0.778562 14 238.283630 110.452003 315.235901 350.228302 0.612223 14 224.681152 179.418594 271.377228 351.043640 0.914465 14 257.457458 121.834015 314.965576 270.599121 0.675380 14 255.814468 122.497154 315.937897 348.270630
005187,
005188,0.652620 14 172.474167 132.739639 199.531509 172.927048 0.660314 14 174.362396 132.465347 200.499924 168.357300
005192,0.862157 6 1.621403 39.059429 77.626022 108.556503 0.539190 6 48.107132 190.914352 354.668732 312.698059 0.623688 6 46.341717 103.176720 478.226593 291.461853
005193,0.557898 14 221.985947 216.119522 262.641693 262.431671 0.718142 14 119.775192 195.101334 265.703735 324.629181 0.538297 14 120.752945 127.713875 266.442902 325.644928
005194,
005196,0.876902 14 98.356323 34.053940 292.322327 342.456085 0.954514 14 258.285706 41.023762 500.036346 340.755310
005197,0.582476 14 105.839783 99.541451 233.315018 233.635880 0.936789 14 223.467621 68.505569 289.388916 192.567108 0.741438 14 105.857208 99.134071 230.119812 210.090256 0.694760 14 221.914337 70.160553 308.466156 233.110107
005198,
005200,0.926534 14 288.580109 252.749771 346.303406 356.359985
005201,
005204,0.943414 6 428.962616 138.422897 500.226990 215.232925 0.931465 6 146.576874 135.129791 366.997772 218.281677
005205,0.925727 14 90.900826 194.478745 193.312836 346.193695 0.949763 14 167.174973 65.745544 222.247162 192.895035 0.764966 14 183.264862 105.322891 328.420471 359.499512 0.501235 14 306.708740 190.835526 364.081970 341.584076 0.812318 14 374.266968 47.090000 462.407166 346.834961 0.953780 14 290.763855 186.529770 369.369446 340.780945 0.782842 14 93.461594 193.991119 193.321548 342.995087 0.831512 14 384.302032 45.848965 460.543762 345.367310 0.955211 14 348.711060 100.303741 437.632690 349.240967 0.786214 14 102.116341 74.610626 164.546906 341.617249 0.913146 14 384.997070 45.095200 448.669922 201.107452 0.934821 14 182.464767 195.989578 288.580750 350.908691 0.935778 14 46.961311 85.550789 121.875542 333.603821 0.512156 14 38.548630 86.629234 125.567856 336.123474 0.683594 14 156.666229 66.961205 224.878510 309.227600 0.816857 14 79.577042 73.663910 170.529205 347.298645 0.503092 14 210.311569 104.666565 281.064453 343.769623 0.782705 14 195.739456 103.237892 285.282196 352.025970 0.852004 14 110.924431 72.550331 161.736847 231.838593 0.669845 14 40.845951 87.156853 124.216621 332.406830 0.953577 14 49.933754 85.578804 120.563705 336.748993 0.602258 14 350.149261 99.117767 455.865570 346.892029 0.960252 14 273.701599 52.510208 377.440033 348.741547 0.510376 14 274.552063 182.746765 385.226685 354.655365 0.814797 14 182.402069 195.453171 331.114410 358.509430 0.579146 14 271.167908 53.548290 461.406982 351.833588 0.517071 14 273.266876 50.584545 351.936554 192.631729
005206,0.962496 14 205.484177 110.525963 258.634735 225.920563
005207,
005211,0.759561 14 92.238808 75.828751 119.161461 106.886635 0.784189 14 92.099030 75.376854 122.748177 144.893600
005213,
005216,
005218,0.524145 14 176.476654 198.722092 207.648071 226.655243 0.881662 14 112.729401 94.068268 252.188446 363.288330
005221,
005225,0.557378 14 2.175152 1.594752 448.881378 368.233673 0.800170 14 3.814742 29.193844 260.529633 363.971771 0.901762 14 180.976151 1.188152 450.467896 364.396515
005226,0.772469 14 189.614120 106.320183 248.153214 218.230072 0.761907 14 31.450729 26.504181 154.145874 294.666168 0.678164 4 320.977386 199.075516 354.903625 360.347412 0.560091 14 79.679909 28.570745 156.049149 306.815460 0.695925 4 298.019531 201.306900 323.325989 301.274963 0.918333 14 190.141647 106.534210 248.053940 289.137878 0.794113 14 35.165192 28.899975 243.265030 346.032990 0.645490 14 1.056388 122.140633 16.789715 169.304123 0.816111 14 30.384182 27.525511 156.942703 342.366852 0.770518 4 321.634186 198.507477 350.064819 306.637970 0.861087 14 33.038223 92.533974 152.635361 340.433563 0.793068 14 328.915802 144.251068 401.004517 295.078308 0.780022 14 232.671921 141.691238 412.268036 367.422119 0.948881 14 232.321136 143.979187 401.384064 295.816315 0.922447 14 301.408783 129.976242 332.706787 176.588715
005227,0.622263 14 83.268013 12.916438 288.729095 303.504547 0.550773 14 67.137238 12.586713 339.643890 301.694092 0.546496 14 10.121867 11.076475 284.226776 319.344757 0.520281 14 162.831253 1.018093 391.042236 294.932648
005228,0.933172 14 295.476135 70.620499 340.726074 120.200775
005232,0.532245 14 253.553665 137.313400 285.669128 203.265228 0.578623 14 252.436615 137.213211 291.938629 213.380905 0.953890 14 251.868484 96.747726 372.225647 271.696167 0.756708 14 298.394226 96.756172 366.698822 272.146332 0.553679 1 215.433121 158.166824 423.630249 296.107361
005233,0.542193 14 9.730775 157.534119 131.430878 350.397003 0.953673 14 175.822083 105.051140 213.611877 150.042801 0.799409 14 135.580963 104.537720 173.072815 149.965118 0.912865 14 4.084095 154.625488 131.376801 374.243408 0.735548 14 418.457092 121.457245 487.395233 224.222153 0.663894 14 420.983429 122.728226 491.821228 334.952301 0.793383 14 114.910591 104.941551 175.994705 214.441986 0.587484 14 18.652908 138.042160 131.108459 267.652618 0.714942 14 174.903442 105.040565 202.170624 144.033783 0.910357 14 123.917290 105.619736 173.825226 206.654480 0.823001 14 4.302278 127.816628 131.648376 374.765411 0.541386 14 132.369659 103.172798 175.329285 166.193970 0.706721 14 314.399536 143.107056 405.967072 247.428009 0.922375 14 354.605835 143.203232 405.993073 237.300262 0.778956 14 325.872955 127.286835 486.271790 340.092651
005234,
005235,
005237,0.805439 14 171.385788 1.652577 313.689880 119.623611
005238,
005240,0.536335 14 196.286194 177.278549 216.265900 236.901733 0.751581 14 143.556137 147.428329 169.365265 199.185883
005241,0.719722 14 89.661987 2.324215 472.429260 356.303406
005243,
005247,
005249,
005250,
005251,0.973430 14 151.671692 120.002785 250.059692 332.059814 0.980061 14 260.325104 121.596298 361.500183 331.626923
005252,0.756506 14 3.050611 21.544352 193.991760 499.974243
005255,0.806058 14 33.602684 101.100548 74.942604 146.480560 0.892618 14 251.492233 159.700638 271.924774 187.821289 0.888475 14 65.553421 105.140579 104.166664 144.547180 0.839562 14 33.887127 101.664444 70.181259 135.270355 0.587254 14 203.639984 160.692825 246.099152 193.881027
005256,
005261,0.612715 14 271.680725 134.154053 306.398865 203.993088 0.930191 14 151.797821 192.633530 261.814331 373.126831 0.889698 14 81.450264 166.770950 166.435898 269.186462 0.952085 14 178.863708 60.527588 276.609375 264.138306 0.921607 14 76.655762 165.673462 165.762863 372.755585 0.644163 14 174.119827 58.823772 386.043182 375.152252 0.509672 14 76.723053 167.953049 167.040176 340.910370 0.861690 14 158.039902 191.527466 380.340057 373.909821 0.965379 14 281.666779 182.719574 443.850250 373.298767 0.856573 14 272.022644 134.400955 305.119019 192.994217
005265,0.736551 6 25.228292 65.345901 496.534790 297.008636
005266,0.642432 14 67.953812 102.562286 103.560150 168.272690 0.798320 14 70.720001 102.183624 101.833939 138.067963
005271,0.904291 14 249.082733 103.480049 272.474274 123.050385 0.732515 14 324.085327 106.882805 344.795013 123.636810
005272,0.917953 14 125.746475 176.299774 159.959961 209.219772 0.584959 14 111.100952 176.384003 161.845734 212.653122
005275,0.665537 6 2.974436 134.232285 475.784668 327.553162
005276,0.530578 1 64.306480 183.382614 195.029694 319.288666 0.904721 14 116.362022 116.401512 202.869049 328.680756 0.974394 14 2.073877 110.416740 88.149689 329.018311 0.580707 14 82.769798 118.296997 202.380173 329.509644 0.724664 14 87.390259 129.879532 129.094696 187.769409 0.830620 14 2.115116 110.398247 82.787292 214.901108 0.983908 14 186.666946 106.869659 289.950714 374.811981 0.962542 14 84.695160 132.471359 138.334366 326.956268 0.511382 1 1.656664 199.260330 62.223404 342.793274 0.729040 1 178.758530 211.229553 330.807648 374.150909
005277,
005279,
005280,
005282,
005284,0.515889 15 405.395569 50.928745 472.915649 237.489777
005286,0.662838 14 141.365143 67.194099 359.429382 354.275269 0.552736 14 97.375916 66.786789 361.253265 354.577179 0.720763 14 98.290962 68.738144 436.524811 356.062744
005287,0.952314 14 54.116188 146.550629 78.162415 183.621078 0.824167 14 443.643494 121.005707 467.823303 174.729568 0.869483 14 25.062326 120.407990 45.113804 180.408615 0.617017 14 449.790680 120.231964 471.905731 174.559753 0.799396 14 410.024170 119.946007 434.579956 171.462646 0.776353 14 288.671478 65.177231 340.787903 153.526703 0.686347 6 133.457550 134.542953 376.784790 274.277130 0.823825 14 45.861546 120.744278 68.533180 182.174850 0.869980 14 326.780334 93.316841 352.067902 156.890289 0.939218 14 136.028976 119.937454 169.042175 171.466812 0.969916 14 78.953445 117.941475 109.649063 177.964996 0.569456 14 426.787933 121.316963 443.184174 168.072998 0.847790 14 371.647949 122.172714 396.200348 173.211716 0.769948 14 75.949554 118.215302 108.227470 187.230988 0.809541 14 440.834686 126.827850 462.140625 174.319534 0.566281 14 292.812988 93.226471 325.642395 146.301926 0.956622 14 294.812408 92.715485 344.502411 155.617676
005289,
005291,0.894638 14 434.495911 50.603985 469.748566 128.244888 0.619823 14 1.260824 89.226715 24.236578 220.989792 0.819536 14 378.328705 41.328266 418.104553 136.412094
005294,
005295,0.584946 14 41.277176 167.728867 131.022430 362.954346 0.955837 14 17.555162 167.848572 160.223785 373.941650
005296,0.971204 14 327.355774 217.979034 361.388184 280.155273 0.739149 6 1.801964 256.451111 103.621452 337.886841
005299,0.542948 14 146.967575 0.814594 176.435196 37.987587 0.620993 14 296.826202 34.870090 416.222992 261.161377 0.622841 14 214.750519 0.591222 266.822021 73.359779 0.504502 14 207.761658 0.772216 269.125549 216.339493 0.792001 14 10.188389 2.378004 259.354614 318.572571 0.546135 14 0.884264 2.037177 176.512177 318.399414 0.529267 14 145.476410 0.627005 183.938507 56.134228 0.523563 14 18.252068 2.585032 416.143707 318.545135 0.524529 14 290.565033 24.184113 411.828339 256.955780 0.551112 14 305.980774 14.916931 416.297394 217.984802 0.574223 14 251.410675 33.732357 418.035034 318.282104 0.699990 14 287.418701 7.981020 418.674774 301.849792
005300,
005301,
005302,
005308,
005309,
005313,0.605609 14 164.272934 75.042526 200.574280 118.126389
005316,0.522208 6 118.734421 100.574265 218.101776 172.636612 0.975234 14 97.934853 94.035812 127.714645 230.629410 0.984652 14 57.588921 97.932503 107.435150 256.133118 0.691645 6 1.431622 226.120880 51.792122 296.092041
005317,
005321,0.613380 14 75.346756 182.582901 156.724625 332.256622 0.559718 14 76.009102 183.370438 141.570572 331.724640 0.613832 14 2.098844 3.150330 265.777039 333.692871 0.518203 14 75.017517 183.120316 137.833710 251.662567
005322,
005323,0.563230 14 10.319382 0.059433 352.098480 217.143173
005324,
005329,
005330,
005332,0.578777 6 338.880188 143.769028 369.480194 182.834778 0.667724 6 347.617584 109.931824 501.140228 165.476730 0.955893 14 333.035278 126.735748 364.011810 182.378647
005333,0.932368 14 137.310150 139.609314 175.173767 216.570435 0.824505 6 1.830368 128.385925 144.368942 264.128937
005334,
005335,
005339,
005341,
005342,0.501167 14 229.621582 25.597683 434.043121 312.186707 0.920430 14 227.139893 27.138853 415.882721 216.428421
005347,0.788170 14 349.659607 155.315704 380.187286 204.439713 0.963517 14 316.971985 137.702133 353.818146 205.381348 0.952821 14 64.552116 75.762619 183.649887 312.289001 0.938432 14 349.194946 155.827057 391.294434 245.970764
005353,
005354,0.987824 14 367.206848 117.119843 439.016418 267.881439 0.638011 14 1.364196 91.109474 45.732872 217.939590 0.899245 14 1.351040 91.257179 45.555260 244.844742 0.519839 6 2.353903 155.819473 115.409554 237.295883 0.912045 14 1.284756 91.219376 34.366787 203.871490
005356,
005357,0.986430 14 297.312622 97.389267 344.242981 198.778687 0.519552 6 1.126185 142.718002 413.462280 282.894409
005359,0.841880 14 96.768906 145.011551 121.289749 189.417603
005361,
005362,
005364,
005366,0.666174 14 29.510170 3.437217 193.325745 251.029144
005372,0.749053 6 10.010332 136.735611 341.675629 339.493591
005375,0.567973 14 227.610443 164.888031 334.643738 324.418671 0.652108 14 229.707443 163.675262 310.857697 271.116150 0.742122 14 231.490494 165.159561 310.710663 302.006531 0.576091 14 248.767426 162.186508 311.091309 227.381393
005376,0.604220 14 413.744415 57.808090 440.727325 87.406219 0.502827 14 265.146088 216.115631 289.687408 244.228912 0.923315 14 262.449280 216.716965 292.210175 253.901718
005377,0.758450 14 1.793087 177.294357 45.697159 246.432617 0.777797 14 12.217793 175.551346 67.930672 228.988907 0.583249 14 1.868792 175.254059 67.113274 280.586914 0.798804 14 5.453244 25.729996 156.221344 243.487671 0.761885 14 2.548315 26.884039 162.542526 373.416565 0.914106 14 311.200409 2.546274 346.184570 65.211365 0.946976 14 266.218933 46.552296 441.807251 374.324402
005381,0.527866 6 45.408630 294.097260 243.285950 500.188934
005382,
005386,
005390,
005392,0.533973 14 104.213181 57.918011 125.204803 71.542175 0.739950 14 279.412384 111.061821 335.133240 183.337814 0.900768 14 218.114700 111.409119 286.189240 205.292877 0.839437 14 214.989365 112.941483 348.031769 251.338287 0.956771 14 277.162292 111.796844 345.378357 251.765045
005394,
005399,0.736923 14 184.294937 68.452400 499.525024 332.618774 0.651336 14 185.721436 67.235054 499.626587 332.353790
005400,0.615589 6 3.821909 0.532211 80.639290 13.472286 0.698566 6 2.012638 0.502142 31.817257 14.249368
005401,0.762136 14 364.080444 -0.435205 439.162476 109.996979 0.766566 14 358.271637 0.078768 438.726410 163.321579
005402,0.866622 14 243.150665 247.607956 262.405121 288.119904
005403,
005409,0.945714 14 256.496582 77.272362 467.623383 333.424652
005411,0.675765 14 117.625214 5.420685 247.096207 498.847900
005412,0.820030 14 229.321518 118.683952 264.535950 197.961060 0.734984 14 132.795654 138.028534 155.705917 181.050873 0.953065 14 64.938095 120.487244 122.273270 188.913727 0.730742 14 319.892120 158.708801 360.649109 214.126251 0.766993 14 428.007233 122.607483 464.668640 227.998703 0.959939 14 142.630478 136.371826 196.794144 231.516800 0.547591 14 232.271118 117.011154 261.442200 149.792953 0.558969 14 1.780661 140.862320 43.395557 192.768951 0.548427 14 105.188934 128.050293 151.690933 232.851639 0.674418 14 372.160492 115.017838 416.007111 234.254272 0.632920 14 327.033783 118.725357 370.032745 239.166458 0.922497 14 1.883095 140.597366 49.227589 205.080826 0.500882 14 330.942505 117.020309 372.632935 215.275711 0.617114 14 429.878479 121.162956 460.582855 152.962372 0.848319 14 2.121594 140.877914 44.587799 184.468079 0.550222 14 123.655945 138.375336 157.767410 206.568832 0.552019 14 423.700195 120.359718 453.077301 174.201416 0.724759 14 317.365631 162.387863 361.972717 237.083221 0.613628 14 59.271397 120.643730 125.548958 198.837311 0.947777 14 109.678314 142.335602 147.654724 185.541611 0.973149 14 370.543060 114.756874 429.078888 233.414505 0.672934 14 315.829681 154.456375 339.805542 199.558029 0.832796 14 328.617462 117.641083 367.048218 197.449234
005415,0.593150 14 56.355316 69.323570 112.605690 266.811920 0.723807 14 56.769684 69.337067 110.570801 265.832977 0.966829 14 182.985901 89.480675 238.441055 235.092743 0.962920 14 50.122505 68.288559 125.614525 268.567078 0.946336 14 321.181610 66.693611 360.263489 223.947601 0.586165 14 319.226227 66.841461 355.817810 158.614227
005422,0.617209 15 44.950211 207.154373 82.568924 236.625290
005425,0.707255 14 60.583858 50.742359 172.606033 443.454254 0.905274 14 60.198757 92.150749 119.335022 425.744537 0.526084 14 59.938004 52.508743 174.365356 442.493011 0.929486 14 104.189453 50.558224 171.634232 444.515594
005426,
005427,
005428,
005432,
005435,
005437,0.871512 14 144.688324 135.361984 176.351807 179.883804 0.580934 6 214.483719 162.385513 498.369568 336.523468 0.894595 14 1.996392 90.478424 26.806837 126.629990
005442,0.721057 14 339.188171 2.417453 500.593597 374.510559 0.565621 14 233.419830 0.514599 294.958405 152.776932 0.614828 14 4.277408 3.665004 476.172546 376.171143 0.861965 14 5.351588 3.359031 293.848511 375.909058 0.501494 14 2.092473 3.296949 207.910858 375.255890 0.515225 14 170.026337 2.631538 453.016357 375.521606 0.686371 14 265.889465 2.292395 464.409119 319.055389 0.727214 14 251.827927 2.560012 452.784210 375.243195 0.893454 14 262.935699 2.575401 500.995087 375.019257
005443,
005444,
005446,
005447,0.760435 6 344.584656 79.697563 400.821381 102.809685 0.729602 6 343.169250 80.802551 472.211395 115.321556 0.907799 6 257.634460 76.608528 300.190521 97.082733 0.977772 14 174.936203 79.161606 263.579803 216.174088 0.603780 14 3.661353 36.910694 59.609581 173.242142 0.540008 14 6.112844 37.218616 53.508781 76.363388 0.980682 14 284.660858 83.215805 379.926544 206.232071
005449,0.877415 14 26.771936 227.680862 49.361370 270.002655 0.569187 14 21.443142 226.941467 57.395138 313.571777 0.682171 14 5.150576 30.047525 346.805511 314.914978 0.866839 14 129.896362 30.237566 347.412201 313.819061 0.648923 14 21.788313 227.301178 69.511818 313.411682
005452,
005456,0.741422 14 117.062492 13.507240 201.537750 149.853271 0.679663 14 135.763535 12.791757 188.620773 147.806763 0.590310 14 115.791862 13.120604 192.595703 205.075958 0.521828 14 113.480827 14.724449 208.980591 205.470459
005458,
005459,0.544911 14 101.437172 206.705994 164.980820 296.958099 0.624110 14 145.831558 210.581680 235.525330 497.476624 0.600015 14 69.707565 212.904510 170.458038 498.807434 0.833766 14 99.212936 211.704224 171.307190 498.499969 0.888967 14 100.143486 209.057755 166.644608 347.278412 0.812829 14 64.876785 294.509918 118.829491 497.835022 0.522640 14 5.322453 211.176392 105.897255 342.807953 0.945584 14 3.401059 212.000580 110.046455 498.178101 0.821049 14 119.850929 210.015091 261.631073 498.292847 0.760249 14 139.707336 210.659836 237.141968 497.708893
005460,
005462,
005463,0.818851 14 226.169388 135.598892 252.330460 167.981461 0.578027 14 392.834412 108.511047 417.640625 127.376556 0.876147 14 436.471619 139.497345 463.557526 173.178207
005464,0.768299 14 101.154823 50.901810 117.731865 94.028465 0.703722 15 157.184662 208.657776 203.508316 258.101807 0.862433 14 117.159752 44.838505 134.755630 93.179924 0.625811 14 99.492340 48.329727 116.965614 99.519150
005466,0.539629 14 189.239349 88.319260 228.070282 128.155823 0.846694 14 154.186737 151.888306 175.998459 196.693207 0.550185 14 208.503494 100.377060 230.000275 126.042244 0.614590 14 346.768555 88.596680 370.179230 117.469910 0.920262 14 252.086517 84.484123 275.999786 124.854683 0.786197 14 315.495758 85.116600 343.902313 128.114685 0.901321 14 187.665619 89.153542 217.484695 124.544975 0.926255 14 131.600204 165.897293 151.878601 198.439529 0.749681 14 234.060349 98.224930 259.583344 124.947182 0.826033 14 146.769333 89.967247 170.560852 110.762596 0.936695 14 112.915970 162.787460 145.834290 199.366776 0.854970 14 345.751251 88.506142 372.497955 130.589233
005468,0.589885 14 122.261513 187.244812 171.190628 414.686371 0.515448 14 122.479279 99.975426 152.898331 147.705856 0.892193 6 2.455980 97.949265 121.928726 196.411545 0.529577 6 368.545654 100.651138 411.755737 132.365524 0.977594 14 231.534973 11.792693 322.824219 441.328949 0.528828 6 8.090123 40.866760 394.114136 457.143829
005472,0.607809 6 130.704300 162.127853 357.349579 277.751740
005473,0.968031 14 123.667290 155.771500 157.607086 207.848068
005474,
005476,
005477,0.675142 14 21.802540 23.027105 67.651566 77.361885 0.687050 14 1.593549 45.572815 43.263466 115.606316 0.735782 14 55.293423 37.551731 149.768753 144.989502 0.861562 14 20.877100 22.417271 84.291374 132.248932 0.780381 14 1.353223 39.703861 58.607639 180.767029 0.739498 14 123.000366 39.918980 168.315689 133.069580 0.735816 14 53.597084 34.992790 148.228912 204.642670 0.591281 14 123.225479 39.751183 167.589508 125.270103 0.821790 14 67.100052 37.477276 136.704834 130.345169 0.754375 14 15.210878 22.718813 66.106918 113.625000 0.755763 14 49.422489 36.063663 146.975082 281.349731 0.804054 14 198.346558 34.137123 389.819489 286.250122 0.528790 14 321.837524 190.976135 352.794861 217.182800 0.733448 14 126.945259 40.288837 168.167023 89.733551 0.619118 14 21.392000 22.963585 65.943558 91.348885 0.616983 14 200.057037 36.142330 307.507385 283.777710
005479,
005480,0.500099 4 316.715210 139.254532 341.339203 252.275665
005482,0.802514 14 271.994995 -0.034703 462.433685 137.977310
005484,0.871097 6 324.360260 184.636276 360.789001 211.124420
005488,0.573309 14 266.496857 124.802444 418.803650 331.205505
005490,
005491,0.913858 14 159.034851 37.046974 183.093613 75.484550 0.641226 14 75.358620 182.810120 99.205887 223.256592 0.938406 14 157.264984 88.439995 355.617432 327.132935
005492,
005493,0.891352 6 39.679035 42.008186 482.800659 189.811188
005494,0.974241 14 76.342300 4.654482 182.920135 476.435730 0.570295 15 46.188183 173.600891 93.404930 327.253174
005495,
005498,
005500,0.845365 14 32.841354 97.402718 282.447510 362.190063 0.575801 14 260.741455 94.813377 382.471954 365.707916 0.835289 14 264.707611 94.886757 500.504974 373.044617
005501,
005502,
005503,
005504,0.521875 6 384.701202 197.158707 491.262085 310.877197
005505,0.616819 14 52.790501 61.370384 210.678009 325.121796
005506,0.822095 14 215.985626 1.532559 376.690369 262.422119
005512,0.753720 14 66.031303 18.286324 107.863472 62.875107 0.642316 14 63.436619 17.361691 107.054420 111.410042 0.698445 14 152.444061 18.398514 234.531647 262.866821 0.548866 14 66.160210 16.252005 110.746643 104.952789 0.518233 14 21.012619 17.339436 202.242935 330.589813 0.676394 14 155.436035 17.367371 203.464294 56.743328
005513,0.828032 14 153.951599 1.526464 307.066711 212.040283
005516,0.628946 6 376.239899 0.109917 445.347900 48.807945
005520,0.779730 6 168.049301 1.538058 200.627396 21.045330 0.822078 6 46.074585 5.347620 100.698303 29.134851 0.885485 6 17.346125 9.040545 46.195126 30.644209 0.841939 6 208.737930 0.626571 236.888489 19.450184 0.741034 6 42.281120 6.474429 83.091995 28.819202 0.768838 6 1.557538 7.759527 37.213619 30.132536 0.649852 6 100.754898 3.577964 143.732483 25.007215
005523,0.935111 14 200.651352 17.693510 236.023849 48.198910 0.516674 14 149.136703 25.776939 163.617828 42.897095 0.554872 6 438.164154 33.515419 496.243500 70.696014 0.956536 14 457.874878 14.572199 493.791595 76.977791 0.912561 14 432.751312 3.061887 459.728851 80.138939 0.701744 14 168.752502 13.298350 204.903595 61.149994 0.928460 14 117.372536 19.269674 146.436325 43.941448 0.729007 14 167.690079 12.966439 197.042542 57.752899 0.899270 14 170.740570 14.131118 204.173889 52.027798 0.944039 14 407.089142 12.500320 441.144928 79.989578
005525,
005528,
005529,
005532,
005533,0.674421 14 1.030380 218.812332 28.125490 310.303253 0.520742 14 162.727158 265.503876 184.569138 305.171143 0.718671 14 19.317402 216.783813 53.667324 412.875305 0.830713 14 19.582737 216.451523 53.681313 397.651672 0.713043 14 191.657562 202.268723 220.641312 410.642731 0.861084 14 0.854460 218.368225 15.666297 305.543549 0.682634 14 0.723861 221.761261 15.680486 437.222198 0.943089 14 82.766960 192.083115 119.192009 346.935822 0.946589 14 176.289169 195.786072 201.267319 299.208710 0.766266 14 21.871183 215.613724 49.907158 304.159180 0.968175 14 107.597771 178.252045 144.732986 345.716705 0.655461 14 192.582993 200.879074 218.412766 309.644897 0.749790 14 83.558144 189.716522 107.847221 251.185272 0.682091 14 0.857422 216.990524 14.446466 268.599579 0.749425 14 18.561275 216.968903 60.706573 450.817657 0.657410 14 20.918177 216.483032 64.568626 398.139862 0.539397 14 186.067703 201.436310 221.089340 437.984497
005534,
005537,0.507299 0 47.638283 89.995796 393.672058 189.941574
005538,0.601942 14 72.559982 170.907700 185.196014 279.781128 0.599910 14 74.725044 177.637421 131.211090 277.738434
005540,0.523665 1 152.475266 158.001022 239.982330 267.480804 0.677210 14 115.506660 53.544636 170.981903 127.887932
005543,0.949063 14 372.172546 209.824387 399.689545 251.723297 0.763710 14 370.915558 55.762260 390.914337 75.774582 0.891057 14 165.658112 215.471558 190.891769 257.616577 0.511065 14 392.225006 217.459091 413.153625 250.490189
005545,
005546,0.772590 14 103.507324 236.039673 254.033447 490.708740 0.940101 14 49.250969 320.675781 64.790787 366.699860 0.895459 6 221.389206 317.043457 333.044830 494.246155 0.745408 6 221.895584 317.512543 332.552704 444.306641 0.629033 14 93.059784 316.888824 109.354622 360.849823 0.948657 14 77.500931 318.258850 94.260109 366.633698 0.869179 14 62.961590 315.730774 76.606819 359.796906 0.659430 14 92.227791 316.339722 108.340462 357.516235 0.783533 14 98.335350 194.811722 251.588470 447.439362 0.757019 6 248.677673 319.667633 332.842896 494.269684 0.662854 14 98.767654 192.989578 249.232925 419.669617 0.553845 14 156.491516 243.751709 254.575455 433.133545 0.569557 14 161.317963 241.793015 255.359268 496.113953 0.793289 14 63.960087 314.255157 77.179214 356.754822
005548,0.520460 14 93.710495 131.113464 121.573647 183.077637 0.624200 14 42.081097 72.713959 259.118835 500.509369 0.867726 14 203.777374 150.913300 250.549530 251.156296 0.576819 14 16.660038 73.974060 160.926865 495.751556 0.553727 14 79.598839 73.261734 256.310211 499.899933 0.783300 14 184.558777 178.980209 212.022705 225.776627 0.952011 14 185.152893 150.936325 256.310608 498.981476
005551,0.720062 14 263.445282 116.740730 288.605896 149.934753 0.522883 6 1.102688 160.310120 38.259373 238.714508
005553,0.925475 14 99.085342 38.032024 240.632111 336.458923
005555,
005556,0.788635 14 192.527298 27.904810 303.053680 207.598984 0.847249 6 375.283569 184.489471 499.441956 222.326294 0.928906 6 420.132904 136.331497 480.419434 155.293991 0.809919 14 241.410278 45.903378 378.389282 210.050888
005557,
005558,0.521266 14 285.227173 0.777759 309.759094 27.218216 0.567826 14 317.205750 27.658451 341.695770 57.895107 0.607118 14 318.593994 27.741892 339.705414 49.161736 0.655110 14 47.317177 1.752520 140.356277 178.260742
005560,0.912119 14 159.607239 53.515076 293.085175 301.458466
005561,0.958975 14 140.403275 156.529144 205.511902 420.365692
005562,0.780211 6 2.263401 7.432446 98.820404 79.738647
005564,
005565,
005567,
005569,
005570,0.626740 14 1.594231 69.169983 50.589722 176.934799 0.885782 14 263.131042 69.113251 292.726715 118.492943 0.514177 14 1.594592 76.200600 100.019302 362.261414 0.740516 14 314.448608 38.308403 448.742737 374.378784 0.681203 14 248.878143 236.921539 318.826843 374.226868 0.607948 14 2.586886 75.274071 163.145111 332.074158 0.715649 4 277.789215 172.759750 315.413696 313.184296 0.770713 14 1.188256 67.194893 40.629063 198.418335 0.765400 14 260.248779 68.776062 294.141876 143.887238 0.871819 14 43.079735 75.643639 88.668808 147.079758 0.502349 14 4.421234 30.654631 266.673859 340.898254 0.858008 14 1.016859 67.993172 54.908298 356.721130 0.698220 14 152.193390 40.688671 181.601196 92.150826 0.920511 14 283.651428 78.791664 325.784698 126.686981 0.674293 14 145.626282 40.725246 180.842850 129.692337 0.907797 14 3.611252 30.842186 265.654449 376.470062 0.654546 14 1.463156 66.457878 37.212627 126.481781 0.732018 14 1.665972 75.406929 163.368439 373.681305 0.910600 14 121.433937 78.092049 154.353683 126.827713 0.607285 14 5.069301 29.561855 452.533783 375.807617 0.540334 4 286.326996 173.122559 312.387512 263.551971 0.642007 14 151.387772 39.951393 181.899078 109.232101 0.801281 14 255.363022 38.535049 452.714600 375.342072
005571,
005572,
005575,
005578,
005580,
005581,0.797556 14 69.249382 175.540695 85.304680 226.350388
005587,0.573347 14 175.975143 89.316238 211.707382 110.965202
005589,
005594,0.681984 14 28.660982 260.589600 54.305527 309.853973 0.544398 14 26.488607 261.143158 55.721516 328.236176 0.608469 14 20.368334 263.184448 59.960873 446.112427 0.910734 14 52.611164 266.695282 70.983276 305.588226 0.637700 14 36.748268 260.477081 55.101570 291.857513
005595,0.549033 14 95.860229 98.646690 150.197067 249.354019 0.965016 14 128.364670 11.393540 377.448608 313.519989
005596,0.565584 14 149.541931 71.443855 205.833969 188.664413 0.693196 14 144.322510 71.996475 207.345169 237.220413 0.675545 14 2.131457 75.636833 98.727600 459.123169 0.531671 14 56.124977 77.356689 113.307419 253.650986 0.868843 14 58.361595 78.620079 84.772224 143.445847 0.862613 14 116.203964 173.663773 160.384445 257.898712 0.534055 14 145.227005 158.518723 174.303513 219.083496 0.932221 14 76.200081 78.793472 111.693619 199.753113 0.545274 14 144.808258 71.458267 228.187729 241.744324 0.683159 14 59.055565 79.488937 91.358536 252.319061 0.582023 14 142.944153 71.382629 209.647873 284.585297 0.683530 14 1.859296 72.957298 95.958015 252.861496 0.663041 14 203.907700 84.063011 238.321426 239.379211 0.590331 14 172.509277 143.682907 205.156967 204.204819 0.565401 14 143.413986 70.827644 209.102539 266.030457 0.546472 14 140.704422 74.834198 235.983536 333.474274 0.637417 14 58.718880 77.460114 85.111961 162.015594 0.789400 14 142.107559 159.560181 175.412567 258.367676 0.683208 14 146.661636 71.017250 205.629272 166.390930 0.780763 14 144.604675 71.601562 233.680267 261.568359
005597,0.589509 8 355.060150 184.704529 408.088806 307.053497 0.594375 8 338.822540 155.962982 424.406006 328.658478 0.652967 8 363.757141 156.322723 421.033325 294.051483 0.656389 8 275.559082 197.711929 359.119720 366.970306 0.668204 14 149.313751 96.386879 183.806595 136.090256 0.589540 8 330.380890 188.020386 381.108856 320.820038 0.529074 8 276.406464 199.624039 361.832214 366.362762 0.527547 8 346.280334 155.782639 423.749084 333.270782 0.542192 8 290.680328 193.103470 376.468201 339.437958
005598,0.827265 6 53.367004 37.896908 425.364960 254.993393
005602,
005604,
005607,0.609637 14 259.815643 151.623001 289.571228 181.238327 0.536529 14 303.636780 148.795731 353.549530 228.804810 0.638926 14 256.425812 151.348801 296.905029 225.292969
005610,0.839518 14 124.397041 69.875450 245.101517 321.492981 0.506737 14 125.013611 76.869461 190.373718 325.184509 0.522646 14 130.038467 71.312614 216.580322 322.579987 0.703292 14 125.136353 75.450912 184.695969 248.700256 0.527258 14 165.064178 71.296791 244.659531 321.624878
005612,0.579613 14 16.291883 33.114037 67.060219 278.115509 0.665131 14 17.759815 33.922768 90.337463 235.564423 0.718520 14 13.902061 33.224899 91.693581 280.023315 0.792929 14 62.944847 94.859550 75.968040 119.846306 0.865157 14 140.121765 57.039520 162.816010 215.809021
005616,
005617,0.509057 6 1.808357 74.277306 69.707397 126.027962 0.961915 14 66.642479 70.291565 161.088226 268.087494
005619,0.631547 14 121.807884 20.024757 317.059692 374.188934 0.648058 1 98.575195 233.175903 197.011169 353.364075 0.671877 14 125.026779 6.993983 493.005096 374.924866 0.592812 14 361.256836 42.921738 495.557892 239.773499
005621,
005622,0.649637 14 3.305189 148.957642 103.992966 303.015564 0.783115 14 227.512146 131.760849 282.054504 208.511627 0.668265 14 279.716583 115.245819 325.304718 165.013535 0.861454 14 165.752747 107.971970 234.774033 206.385941 0.980339 14 346.190186 154.001999 499.181763 370.339691 0.731204 14 341.328461 118.167305 391.477325 185.670319 0.782830 14 470.528015 105.695183 500.011505 143.531128 0.857725 14 273.937592 117.709595 342.407837 251.118149 0.593667 14 15.392397 148.610779 95.956551 252.187592 0.670497 14 349.681274 155.776855 497.065704 311.232697 0.920157 14 423.468781 90.570763 461.390900 154.319092 0.748197 14 36.362656 147.510696 101.501366 257.067413 0.811041 14 166.987991 108.356987 237.567871 300.547211 0.503794 14 0.937596 5.992114 108.581284 369.518738 0.501113 14 168.199417 107.879341 211.783798 182.933823 0.709667 14 163.645874 108.119156 236.386459 246.591156 0.589855 14 35.040936 146.677475 102.395676 260.374847 0.790122 14 225.803604 131.571060 306.074493 240.247650 0.895370 14 225.340317 132.844284 285.048309 253.869705 0.696966 14 167.043228 107.287697 214.300476 196.684128 0.839483 14 2.557121 148.916595 105.359680 356.369293 0.784000 14 467.358917 106.045303 500.096252 168.481094 0.844848 14 427.461700 90.936958 461.758179 139.572052 0.790125 14 335.715973 117.875557 396.832153 269.809479 0.706917 14 66.764679 143.548676 113.339561 274.035736 0.646510 14 167.379120 108.388214 230.384064 210.333984 0.734052 14 39.917000 146.309662 85.878616 207.248230 0.872245 14 339.403687 117.477051 410.028564 268.111603 0.907824 14 72.480492 141.349411 113.156792 214.076782 0.561083 14 337.992798 112.719727 500.279175 370.653900 0.639204 14 276.491638 116.535202 336.511017 198.225998
005623,
005626,0.609128 14 12.674594 213.269455 61.056347 300.286896 0.587710 14 116.766258 213.337875 170.597748 312.888062 0.803421 14 131.480316 175.276581 154.203079 208.067642 0.733382 14 14.643847 213.870468 59.938221 285.988525
005627,0.598252 6 442.472595 64.890335 499.581421 110.609642 0.726457 6 200.472610 64.305183 376.661072 100.916656 0.813896 6 263.918030 85.237198 490.455017 201.803009
005628,0.616644 14 299.994598 41.405724 318.118927 69.642822
005632,
005633,
005634,
005635,
005638,0.883946 14 77.549309 90.857056 363.991943 332.942169
005642,
005643,
005646,
005649,0.813711 6 92.587067 129.126511 431.718719 290.149200
005650,0.904904 14 2.093136 156.640320 84.014450 373.654724 0.914129 14 93.428459 68.824142 396.094696 374.544556
005651,0.817252 14 278.605469 82.832298 333.734161 217.820175
005656,0.812582 14 301.161041 88.567581 354.972656 142.921127 0.560996 14 179.420944 92.737976 230.121613 231.330902 0.954843 14 35.457813 76.410027 80.465271 131.467392 0.735789 14 33.915749 78.854416 86.468575 266.304352 0.957419 14 181.106445 93.534782 224.869186 178.131271 0.857081 14 215.775253 89.006111 286.183289 222.556107 0.905992 14 215.840500 76.681908 294.374756 230.935532 0.598768 14 96.790611 110.304840 131.921051 191.465500 0.952589 14 293.087494 90.932068 376.958374 235.613327 0.901915 14 97.021164 108.939392 137.581207 256.195892 0.597827 14 216.012939 75.116982 286.615112 182.204163 0.538998 14 97.167297 110.719093 135.393265 225.231201 0.600298 14 210.300003 77.210732 341.024658 234.015823 0.609673 14 119.716782 216.026718 409.087189 333.599701 0.511368 14 213.697357 75.886604 338.043854 322.348907 0.835630 14 97.397202 108.329155 128.512527 140.681000
005659,0.651913 14 312.710327 215.127472 336.524933 246.641846
005661,0.569330 8 359.878662 200.291214 417.177856 312.234619 0.644247 8 358.167267 198.210373 419.127441 312.449982 0.527137 8 357.529022 194.547333 421.605438 312.995361 0.697584 15 135.889023 150.660080 174.410767 192.256714
005663,0.761131 6 1.915943 158.885681 75.887665 198.824936
005665,0.624336 8 234.041183 191.807632 325.331116 305.500549 0.501142 8 43.389805 68.729019 144.484634 190.419754
005666,0.956018 14 48.792744 405.693695 81.238060 499.637329 0.877331 14 112.134018 396.142700 139.431335 499.486420 0.693017 14 140.094254 419.832336 155.621918 500.057587 0.941013 14 22.026709 409.164734 49.074528 500.187927 0.895902 14 0.465189 396.089478 21.069506 501.562653 0.572167 14 52.566612 404.973267 71.044418 499.455811 0.778660 14 21.543140 426.002258 48.067398 499.840546 0.563934 14 54.571918 406.937408 71.650009 492.362091
005667,0.609399 14 247.460159 83.197472 267.610626 100.429550 0.803756 14 399.093658 77.123291 424.677155 94.551193 0.643331 14 396.336395 56.148560 430.223450 84.733574 0.661782 14 124.171104 29.871126 153.348892 49.618057 0.758814 14 256.164124 108.831154 280.409393 124.595985
005670,0.578572 14 154.557602 310.255981 187.049500 367.717651 0.791626 14 154.921661 310.625977 192.896851 372.614410 0.772519 14 1.103360 215.209641 17.565290 286.808960 0.607021 14 160.551849 309.998322 187.391129 342.168365 0.765898 14 251.952225 235.001205 278.488098 291.643860 0.916426 14 17.895535 200.236954 61.745316 283.036041
005671,
005673,
005675,0.547196 14 2.298568 -1.987427 229.577103 481.188873
005677,0.635624 14 108.100060 272.520447 136.906693 355.912170 0.959274 14 195.466583 80.078262 317.673157 355.445831
005678,
005681,
005683,
005684,0.580253 14 98.592392 247.170349 124.786308 291.627441 0.621387 14 102.808571 246.704056 122.648689 281.438873
005688,
005689,
005690,
005691,0.924785 14 13.129380 4.733086 105.824989 500.808533
005692,0.511766 14 89.845001 26.896872 441.606171 151.269989
005694,0.759560 6 24.749561 80.023674 434.133759 308.007538
005698,0.569635 14 259.302734 82.128998 496.359406 348.690247 0.565654 14 2.362482 2.393402 139.358047 256.540649 0.544946 14 3.616784 0.986103 117.686378 111.910164 0.541960 14 256.913971 95.648087 480.730652 326.813690 0.859026 14 460.481934 9.029846 490.217865 93.092682 0.624487 14 430.703552 9.236220 469.486511 96.592247 0.781316 14 1.769997 -0.616327 143.264420 359.391449 0.859756 14 92.196228 20.776894 209.626938 210.144333 0.801553 14 92.429352 19.369059 217.445007 288.053284 0.703079 14 464.126190 8.531036 491.397461 67.382195 0.842116 14 2.254195 2.111401 142.134277 316.318451 0.730267 14 261.565033 88.606934 478.784851 274.974518 0.598550 14 331.954773 111.864944 419.655090 266.881561 0.583098 14 314.312592 0.335041 356.530243 45.484524 0.777129 14 259.687225 90.092751 487.815063 349.241821
005703,0.699717 14 63.106308 13.017148 257.037659 479.166199 0.589121 15 2.380111 170.615311 79.197899 321.102783 0.612345 14 64.965324 13.640613 257.186127 363.231628
005706,0.869006 6 41.039257 151.694061 465.415863 254.711105
005707,0.613479 14 464.229126 208.183121 480.592041 232.211105 0.726128 14 489.964935 207.413254 500.107239 237.439117
005708,0.943201 14 217.794037 36.016869 306.368073 289.386475 0.927920 14 355.537231 40.208492 418.023651 344.760376 0.570575 1 395.762909 172.241699 474.466095 261.978333 0.826248 6 2.081782 73.214745 157.835266 189.763809 0.666752 14 1.767684 24.946646 103.867813 352.729767 0.963669 14 2.224527 24.488367 131.298416 355.842896 0.678230 14 218.996262 35.216221 420.017975 355.322815 0.951443 14 283.178162 33.547852 390.312683 354.925323 0.814072 14 285.463318 39.974438 422.952362 354.776550
005709,0.764926 14 245.362473 57.826298 292.045532 184.623550 0.782144 14 149.521851 60.399689 291.318939 261.403351 0.568952 14 245.788315 60.599266 293.820770 238.763153 0.573964 14 243.315659 59.845364 293.562256 241.295563
005711,
005712,
005717,0.631901 6 54.579735 40.309822 207.689819 79.391151 0.577466 14 8.979842 93.478821 145.053528 375.379120 0.941064 14 302.483490 180.369736 442.449860 373.870575 0.952913 14 273.440308 160.808777 324.578217 227.564575 0.731876 14 143.760239 94.009735 243.236862 374.128998 0.534431 14 66.358955 267.660645 158.514999 373.984192 0.888695 6 1.388457 71.986649 56.663284 148.282150 0.916137 14 129.489594 93.579704 235.455841 224.903488 0.583883 14 1.401592 9.514935 117.530945 374.740967 0.886036 14 152.004715 197.267853 180.632111 232.305588 0.940700 14 163.311554 269.291412 266.885040 374.777649 0.531249 14 79.846321 224.995270 121.193726 277.668701 0.636186 14 163.223343 94.386978 234.015930 210.747223 0.929978 14 2.737418 94.593422 158.509567 375.268921 0.519934 14 271.846039 162.046295 331.497986 257.267120 0.733822 14 34.937321 97.226257 122.895630 292.505066 0.817158 14 165.900497 270.465027 336.635681 375.050659
005720,0.796221 14 40.137745 355.127960 71.914978 437.582214 0.944422 14 40.923000 355.136169 94.627449 443.775818
005721,0.593655 14 269.937958 90.274666 332.634430 135.493729 0.694753 4 323.403198 171.899490 349.398834 214.517593 0.680461 4 209.989273 150.910049 229.669571 184.231064 0.691382 14 122.355568 95.683884 231.763641 228.281372 0.886056 14 436.301270 101.131599 466.152924 129.577698 0.879380 14 119.099754 95.233551 230.744614 243.480560 0.842476 14 456.917084 46.453949 480.553009 67.628334 0.822879 14 462.952789 110.321617 487.425079 129.329910 0.940031 14 221.914597 91.585007 384.285156 252.976028
005722,0.938386 14 208.444916 78.793999 313.076874 244.874054
005724,
005725,0.682920 14 31.376677 192.879929 65.596375 289.264435 0.618619 14 33.142887 97.676414 150.770096 387.713837 0.517507 14 32.333801 98.463806 152.652405 379.435516 0.539423 14 30.367725 191.298813 70.841385 288.415680 0.614702 14 31.745134 97.058372 153.178894 462.392395 0.788060 14 30.687460 98.484833 156.286102 482.409119 0.673711 14 31.552948 73.003456 339.103516 473.255646 0.692539 14 32.257618 189.171616 87.205902 307.044434 0.533365 14 30.795761 191.964417 61.363140 234.865936 0.625458 14 107.418304 73.920113 339.974518 497.531769
005726,0.586582 15 90.117317 171.776794 178.631012 256.092285
005727,
005733,0.533775 12 180.503799 92.979233 299.972534 263.517029 0.715388 14 262.655029 35.464424 331.371735 150.268097 0.542916 12 181.656082 93.306847 428.459717 262.749878 0.873210 14 258.254089 34.855377 331.601044 216.643539
005734,0.639368 8 198.463135 238.704376 345.251495 374.199127
005737,0.918082 14 480.867950 74.285156 500.175293 142.691177
005739,0.902372 14 287.887665 89.230202 335.985046 201.637970 0.750747 14 187.723877 71.628860 229.821655 151.003387 0.908928 14 291.015625 88.466141 334.641449 142.587662
005744,0.810118 14 151.535751 222.331909 230.021301 499.086945
005745,0.681445 14 1.439125 24.474188 75.710426 316.469025 0.568936 14 1.257647 24.488152 99.855453 457.870575 0.552081 6 1.292232 368.254486 61.064743 446.421967
005746,0.811482 6 8.187182 138.939713 175.087036 206.889618 0.947648 14 1.180783 130.961868 25.572573 226.922531 0.975403 14 199.128693 87.609856 339.846680 257.461548 0.763559 6 7.651419 62.848690 478.200592 207.198898
005748,0.825211 14 368.380402 -0.158496 432.229187 189.750580 0.621907 14 147.294388 1.286790 419.986786 357.047363 0.534847 14 147.741547 78.536697 417.771942 351.854248
005750,0.810628 14 280.840149 129.364929 330.391479 185.213531 0.969184 14 280.661652 129.579376 331.765167 231.739975 0.519507 14 285.279907 172.353180 327.451630 233.883682
005751,
005753,0.602948 6 212.997284 228.756531 441.774933 307.522125 0.513941 4 282.470215 191.851654 322.161621 257.123169 0.935689 14 380.394531 239.129990 412.203369 269.245667 0.953732 14 27.724802 58.321018 206.102615 306.758698 0.541331 6 200.563431 225.343246 444.724792 309.780426
005754,0.510198 8 218.799088 192.646622 278.951599 289.736816 0.612342 4 351.174011 287.903015 376.388123 355.906708 0.976788 14 461.362061 172.392334 500.110199 280.196289 0.680896 15 190.434601 224.321320 214.844940 263.955475 0.599306 8 218.149490 192.029175 279.458649 302.368073 0.981019 14 405.321991 194.790359 452.277679 278.896820 0.519840 8 219.602661 193.920715 276.827209 292.939728
005758,0.686038 14 235.087433 75.905891 261.525177 108.794960
005759,0.905283 14 166.251328 159.136169 185.112503 209.609177 0.563887 6 197.563858 183.818069 267.218903 237.907562 0.502897 6 49.425632 190.529282 99.503052 230.893845 0.870380 14 115.282211 161.098373 133.712158 219.908081 0.570141 14 137.406433 150.589233 164.946701 228.600067 0.788872 14 67.986618 187.190674 97.238396 223.798935 0.891626 14 140.491974 150.129211 164.452713 212.477798 0.845474 14 141.262955 149.973816 163.181030 195.687057 0.814498 14 116.633049 160.991959 133.392029 201.047119
005763,0.920378 14 181.642258 145.323822 212.223709 172.484116 0.849381 6 66.127914 130.602402 304.190948 266.396545 0.950249 14 120.746384 145.011047 150.383942 175.916473
005766,0.740281 14 191.347321 93.821518 244.559296 170.488953 0.879608 14 378.053711 97.242523 470.268311 248.401993 0.900978 14 351.634705 87.462250 416.770966 165.956436 0.730569 14 379.479858 95.920288 466.787079 213.742935 0.620782 14 375.150299 95.457939 468.498138 205.030487 0.929549 14 187.933899 94.728737 244.877518 203.081238 0.949737 14 350.919739 89.125717 424.342804 220.760620 0.923728 14 129.129776 102.855919 456.462250 373.126892
005767,
005770,0.813879 6 111.465050 104.136848 484.439606 256.251526
005771,
005772,
005774,
005775,0.538819 6 51.591934 90.785408 303.155304 292.872223
005776,0.544991 14 293.911987 63.806820 345.748260 177.655640 0.550492 14 288.307587 65.618118 347.248993 253.678574 0.688829 14 29.330433 66.743607 349.591797 376.450806
005777,0.727629 14 186.183426 88.642616 237.370193 125.113144 0.617186 14 241.244049 190.332458 390.246490 332.952728 0.886784 14 190.899429 3.317959 473.497223 333.375641 0.794372 14 238.262283 192.479080 279.678680 290.599823 0.748717 14 261.384125 3.288325 460.607941 332.343384
005778,0.907172 14 191.628250 147.935059 330.217163 373.423248 0.686490 14 2.525311 104.741745 115.484444 373.897034 0.610769 14 27.569410 105.809570 120.046837 261.565613 0.658101 14 85.263458 111.023361 227.387512 374.676270 0.537781 14 32.237873 112.495743 325.303253 375.603271 0.501696 14 36.909500 105.262756 105.775185 261.039368 0.650105 14 62.626652 121.747322 114.554588 210.186844 0.903952 14 28.767719 109.606445 227.510941 376.209045 0.810064 14 57.282272 117.132317 119.983955 259.764282 0.707306 14 196.464066 110.598923 450.664581 375.172150 0.954992 14 294.978668 107.355507 448.953278 373.836914
005785,
005787,
005792,0.555003 14 97.113487 24.237730 303.822601 332.975586 0.711727 14 79.374168 59.982777 108.543015 132.675064 0.575311 14 95.792183 23.940878 304.891663 332.665161 0.774069 14 78.976494 59.208374 109.720482 161.374863 0.913707 14 266.033600 81.893555 459.063354 332.038391
005793,0.523824 14 183.831360 126.679031 207.849991 172.077576 0.678643 14 185.549164 126.524323 206.882309 155.150879
005795,0.775122 14 3.411517 55.011421 349.283508 502.999908
005797,0.508504 6 291.364624 126.808922 488.579346 201.958267 0.926528 14 88.649971 0.959549 165.437531 136.046295 0.887070 14 2.516728 0.910230 85.041809 114.739113 0.699571 14 1.067314 2.658807 90.610756 322.948639 0.739693 14 84.698166 1.304191 175.100708 369.823425 0.743184 14 1.084440 2.323732 138.655746 373.896576 0.956991 14 313.640778 131.883896 373.723999 204.493713
005798,0.816742 14 174.430679 0.728076 244.372864 67.918449 0.715177 14 368.381073 3.613928 476.708344 111.942276 0.753535 14 64.424263 0.544832 124.167862 84.239891 0.644916 14 67.193939 2.001601 113.433388 61.788528 0.517735 14 68.107468 0.891346 123.854279 86.189224 0.700440 14 170.088196 0.280786 244.979736 80.207298 0.612638 14 171.792511 0.433035 245.041428 98.557602 0.711554 14 70.497993 2.206054 123.428963 59.200573 0.512948 14 53.274647 0.421685 126.115501 90.753990 0.832756 14 368.574310 35.672680 474.616577 112.593300
005800,0.900833 14 60.714325 145.317810 80.361206 172.816833 0.549389 14 89.122154 148.494888 113.456955 175.363586
005801,
005802,
005804,0.789603 14 0.847776 220.531891 19.887001 353.402191 0.761372 14 0.964961 220.787079 31.836615 352.976776 0.585815 15 1.920376 95.358658 53.343616 182.230484 0.556227 15 416.643280 282.594635 471.099457 351.147766 0.669870 15 58.180912 133.753159 78.911690 174.547897
005807,0.529968 8 222.374802 218.852081 263.206787 279.607239
005808,0.900121 14 22.612669 116.235115 229.736832 364.789490 0.811819 14 4.336238 114.871376 228.171204 376.266998 0.975320 14 261.154938 100.362640 433.426331 374.599823
005809,0.528601 14 5.315289 199.232178 37.925278 255.171936 0.982871 14 117.565613 186.090149 155.975723 315.317139 0.811912 14 0.873655 201.143753 12.329047 277.158722 0.890186 14 24.648603 200.788498 40.694679 262.013763 0.973268 14 4.009067 196.456879 32.828430 278.685638 0.900946 6 52.424496 207.789993 110.006439 241.722122 0.901737 6 458.100433 198.123306 500.230621 248.069763 0.759987 6 123.993767 94.410851 442.805817 270.776733
005810,0.575105 14 83.514778 2.393983 356.363708 274.426270
005816,0.939307 14 225.535828 77.333214 311.300385 305.673737
005820,0.561968 14 220.284042 118.346985 291.577271 254.884964 0.701960 14 225.875504 119.772499 288.656342 225.839813
005822,
005823,0.858380 14 99.908394 341.163605 228.990448 498.957489 0.889172 14 1.925038 10.216132 119.012741 499.338257 0.880525 14 175.889954 110.625359 283.011597 498.448059 0.698196 14 174.512222 111.266037 278.092987 325.571014 0.508913 14 102.097328 342.844635 288.551300 499.992096
005827,0.508821 6 11.742249 73.070595 228.859589 245.622971
005832,0.620460 14 138.629730 127.588203 204.771790 252.671646
005833,0.690219 6 0.754237 277.710754 85.862679 333.248749 0.581314 14 222.090118 272.448914 247.265137 302.038879 0.504154 14 230.379547 161.697845 279.390594 234.232742 0.710465 6 62.930405 166.709320 428.526428 253.442383
005834,
005835,0.888270 14 347.690613 26.676039 468.795502 213.699890 0.945358 14 79.413971 32.158451 170.418732 223.909760 0.535052 14 443.804016 28.527931 481.856934 88.215889 0.559523 14 3.183722 34.235779 167.750137 224.168457 0.924799 14 247.890366 26.780878 350.286194 149.636871
005837,
005842,0.953988 14 465.558350 159.900177 489.758179 190.605865 0.846884 6 39.597214 177.629578 207.132355 247.027222 0.939830 14 231.649750 159.257477 267.332489 258.021240 0.729912 6 34.631119 139.055954 500.419617 270.901947 0.794633 6 278.875916 138.505783 499.941620 262.864227 0.933551 14 77.841278 170.058472 93.854416 200.944305
005844,
005846,
005847,0.535733 14 151.478195 22.446268 192.599442 56.993710 0.926964 14 241.355850 53.472763 273.723145 133.659744 0.639835 14 170.830551 125.464790 193.792099 141.096741 0.776122 14 147.990082 21.412678 192.950760 139.004181
005848,0.520051 14 84.794220 44.506310 193.970673 399.733765
005849,0.612318 14 342.129913 105.135040 367.585632 143.859314 0.947611 14 313.228638 252.323624 390.543060 367.765289 0.961085 14 285.163635 229.975647 335.910156 363.894104 0.946151 14 364.626129 107.983330 393.939758 147.787109 0.932460 14 288.628387 96.674835 318.979614 149.934753 0.971762 14 240.598694 237.367233 284.524933 356.680603 0.782355 14 328.109375 104.054008 364.587677 146.066772 0.784131 14 270.277191 214.880615 308.503571 301.388641 0.882965 14 270.935150 214.714203 309.062500 340.947845 0.728636 14 291.135773 230.395691 335.539429 315.590515
005855,
005857,0.691704 15 60.156651 128.684723 107.532410 291.464722 0.673427 15 132.795380 135.183685 170.158585 290.683502
005858,
005862,0.608942 14 386.584076 120.547096 410.520874 143.384125 0.503955 6 3.018722 122.197441 262.390198 322.964996 0.515097 6 3.358781 83.898140 458.918549 320.833252
005865,0.974103 14 184.288376 202.910080 248.681458 373.138214 0.731527 14 39.159470 259.623383 52.994072 292.084503 0.585475 14 16.915791 259.081421 30.878578 292.500488 0.956770 14 143.816315 244.962387 168.045029 307.353424 0.541113 14 330.403046 201.093033 376.174408 341.949371 0.942500 14 423.003571 232.770844 445.376434 297.613342 0.970713 14 324.558899 200.798309 377.652435 339.799927
005866,0.545792 15 366.704620 240.441940 395.570435 273.364380 0.608303 15 330.838470 225.525681 359.071472 261.524780 0.707450 15 304.120544 221.672684 326.043976 250.316757 0.616571 15 343.110809 236.883942 367.448853 265.899536 0.673923 15 419.072968 251.368118 441.681427 288.239716 0.715583 14 379.860596 214.323975 409.097412 280.414886 0.503478 15 322.355652 226.675156 345.918091 256.448853
005869,0.900435 6 53.454590 245.090622 131.661087 289.194427 0.518932 6 52.997463 246.701462 111.578590 288.523315 0.904001 6 1.095657 250.243027 28.516956 292.025665 0.831730 6 456.268799 229.326630 500.233124 280.653717
005870,0.852651 14 1.098649 127.073853 17.047394 160.069000 0.953396 14 17.764391 125.290398 37.374943 162.813828 0.882382 6 7.648334 86.269974 486.765747 191.182343 0.958930 14 344.403870 97.159409 402.868927 170.789520
005871,0.642579 14 227.561295 70.319580 247.936295 101.568176
005872,
005876,
005880,0.906764 14 273.284271 134.282791 295.995605 154.076263 0.689426 14 421.633423 125.674286 440.606964 154.217133 0.591609 14 248.515732 156.748657 275.712372 179.984879 0.755077 14 384.894409 121.300056 408.236359 145.750381 0.931047 14 360.438019 122.876221 381.806152 143.866699 0.699097 14 419.397278 124.428032 438.175049 153.654388 0.785797 14 102.068924 163.721359 134.464569 190.930771 0.535540 14 435.659424 139.844894 457.183472 164.988998 0.513042 14 345.985962 121.593590 366.957123 145.454346
005882,0.583456 14 100.710876 150.823776 190.227493 361.600098 0.949868 14 106.940971 152.050049 190.759552 498.534882 0.948139 14 186.983093 340.956665 251.765991 499.152618
005883,
005886,
005887,0.543359 14 3.953800 89.946533 181.168549 331.542023
005890,0.905637 14 41.555794 80.570259 58.081520 102.085739 0.853419 14 41.582184 79.861374 69.884720 109.280022 0.883776 14 185.662003 84.869453 200.851624 109.605309
005891,
005892,0.651403 14 324.062958 8.825889 343.038391 37.413750
005896,0.869219 14 56.390919 100.223366 207.422440 498.625885
005898,0.504351 14 186.792542 113.860870 233.772202 178.338272 0.774516 14 207.819138 101.438728 390.868927 159.645844 0.786801 14 205.577591 102.121086 397.511230 192.878784
005900,0.943495 14 17.359007 196.622345 40.950520 257.131500 0.809503 14 50.004955 190.946396 80.991913 349.846924 0.901586 14 42.199116 189.800247 66.320496 254.886993 0.724415 14 15.008286 195.951660 39.906105 285.879974 0.971636 14 172.629791 197.308884 195.007874 251.561340 0.962864 14 73.172646 196.157639 118.849007 329.479431 0.953271 14 241.302490 191.499557 266.137726 279.701843 0.955801 14 34.460423 193.027817 85.017311 352.838287 0.928522 14 71.080109 192.826416 101.763000 331.176361 0.781011 14 248.614349 195.004623 276.190399 282.282013
005902,0.701754 14 215.450272 75.221344 241.982239 123.621513 0.915068 14 75.085220 54.664749 109.327454 120.935181 0.806774 14 70.613899 0.586626 102.423897 31.408276 0.652848 14 74.969681 53.499611 105.480682 112.509720 0.752693 14 202.697006 71.674957 239.426163 132.932205 0.626849 14 83.904213 55.369343 123.014160 120.569733 0.860585 14 94.434616 88.038918 124.123169 119.178558
005904,0.888757 6 45.482666 127.329369 442.806366 257.521637
005907,0.505985 14 86.087410 51.139317 299.374054 395.232758 0.565256 14 98.978722 41.652439 127.205673 86.325928 0.632119 14 52.967712 47.300076 82.302299 101.177063 0.692960 14 50.577713 42.353371 124.872681 181.572159 0.862652 6 254.719849 55.013935 283.450653 72.668800 0.880054 14 87.566444 51.692196 240.103180 395.499115 0.931119 14 53.896267 49.410503 91.612862 181.060165 0.515002 14 43.313309 51.356178 314.554565 395.794281 0.579611 14 33.621334 51.421761 249.035477 396.529358 0.703461 14 89.877083 41.204887 127.083290 147.076492 0.648601 14 49.753475 45.827484 124.081612 257.391663 0.753080 14 92.198929 40.384785 126.090256 113.999474 0.585922 14 54.502842 46.325443 84.982941 111.924026 0.870956 14 234.832825 3.778527 428.003784 394.799377
005913,0.572299 6 9.329721 200.290009 91.330070 266.915741
005915,
005916,
005921,0.799348 14 182.066330 63.177868 296.903839 338.126617 0.556318 14 99.514633 107.055229 173.889786 295.681427 0.694376 14 9.216041 95.354958 104.990089 296.019592 0.585731 14 266.121643 44.373497 483.472321 354.160095 0.646929 14 371.231812 34.559341 461.048981 352.983643 0.851571 14 425.771393 104.713486 476.213013 176.778519 0.881856 14 100.678604 100.417259 190.139038 353.824188 0.800834 14 426.479797 105.001312 484.020630 223.442673 0.692555 14 102.036140 63.383404 293.377563 352.935089 0.611666 14 19.848577 96.748230 83.273842 185.047348 0.905445 14 9.142432 96.701859 103.087578 294.348633 0.674633 14 355.903564 20.924597 427.232971 201.578781 0.572258 14 97.729897 94.236282 193.524902 297.476166 0.832103 14 89.106354 61.627007 186.014771 353.959381 0.572440 14 70.163872 58.431507 193.969635 301.143768 0.803025 14 79.432343 59.213623 191.509155 354.047943 0.563947 14 66.361473 64.665718 121.048363 200.452240 0.609298 14 20.500259 96.312325 73.177086 166.185715 0.718983 14 7.967640 68.670044 111.836792 351.920837 0.507234 14 104.455185 105.696388 150.048752 152.308914 0.889486 14 191.317474 46.243858 432.354553 354.581055 0.636646 14 18.378839 47.352741 479.276886 354.210571 0.618282 14 356.907990 22.193775 434.679230 233.954163 0.798865 14 67.278343 65.937881 123.544289 291.712952 0.896819 14 386.747406 64.351143 434.068390 203.450211 0.868112 14 271.629303 42.782070 432.247620 354.495087 0.684690 14 69.711159 67.173859 115.126465 162.176071 0.700319 14 225.818161 43.262066 480.319733 354.414673
005922,0.587473 15 2.459694 255.157074 72.724716 345.266205 0.943431 14 389.937286 25.824980 500.719482 374.062622 0.540844 15 196.446198 90.951622 270.123199 250.292953 0.596055 15 202.958359 168.879715 268.296692 250.771454 0.808423 14 384.695404 26.023016 500.615356 374.022247
005924,0.712488 6 1.394166 135.645233 47.941639 193.698425 0.884434 6 1.223106 136.611237 42.050476 225.165054 0.932012 14 251.380356 112.029243 302.860474 222.197418 0.598768 6 64.423264 65.179756 429.472656 302.471954 0.699566 14 40.487648 153.980453 54.975422 188.360428
005925,0.910680 14 230.280869 162.385956 274.519928 213.261948 0.537646 1 219.968674 172.825058 301.167023 219.383682 0.957542 14 369.858765 159.145828 426.588043 218.978622
005926,0.910962 14 24.469349 26.629866 235.282700 499.631104 0.645792 14 89.119377 161.400314 112.836166 215.497849 0.543152 15 198.723373 227.655014 217.563660 267.738190
005927,
005929,0.843030 6 23.085609 130.899796 484.295654 281.233185
005931,0.966278 14 212.458344 260.105042 239.484406 361.802216 0.702851 6 2.201058 265.288971 129.047867 339.057129 0.964275 14 353.362671 303.767334 385.906403 374.739838 0.697683 14 281.221497 211.218857 323.061951 288.381012 0.975471 14 171.853134 267.671570 200.386444 371.605713 0.907668 14 282.425720 210.630676 320.130035 270.514618 0.978144 14 113.375145 220.719833 142.400421 320.270538 0.973859 14 399.551666 299.705200 432.805084 374.899658
005932,0.616254 15 87.044296 290.130951 113.962875 325.862946 0.938780 6 311.192932 297.300812 387.792542 331.769348
005933,
005934,
005935,0.577223 8 169.993683 249.601807 267.445435 375.005402 0.544062 19 214.301178 113.692558 287.640839 209.782135 0.881856 14 129.553375 207.338196 145.959534 225.118652
005936,0.552852 14 33.810825 -1.097928 499.528442 281.233429
005937,0.568271 14 333.472687 96.128288 499.496918 368.438080 0.566328 14 329.797913 95.227890 480.508331 367.135193 0.701638 15 359.033142 20.593241 406.121948 106.438042 0.507256 14 194.446686 125.328247 267.435577 292.601532 0.678465 14 218.152832 97.149368 483.454102 368.707520 0.811428 14 218.853210 96.953224 499.533630 368.682098
005939,0.786851 6 1.450196 23.171293 46.456558 73.942871
005941,0.733984 14 44.984921 191.537308 86.950645 246.521378 0.539390 15 351.271454 131.194794 392.428802 239.243164
005942,0.548633 14 145.231003 309.769012 169.847794 332.694824
005943,0.630042 6 221.915314 285.415314 291.504608 320.811859
005944,0.960575 14 131.700485 23.543745 178.198608 136.692276
005945,0.878947 14 102.776970 92.177467 281.078369 374.422913 0.926316 14 249.134995 30.293583 428.618805 374.729401
005946,0.792176 14 251.522598 113.755424 275.745575 170.386215 0.500530 14 177.956223 47.474991 201.491684 75.753761 0.683511 6 16.301554 48.170094 88.082123 122.455521 0.846355 14 44.139244 47.666298 84.847488 114.992455 0.940079 14 283.298645 111.669121 315.678741 172.385895
005949,0.770378 14 216.254211 2.143959 472.694550 332.550659
005950,
005953,
005955,0.758774 14 189.755630 1.174605 488.206024 205.100204
005957,
005958,0.734555 14 43.760643 164.195831 70.436874 205.438858 0.878365 14 210.180084 39.383904 500.888458 333.024139
005959,
005962,
005965,
005966,0.711413 14 74.771477 14.809794 129.889297 124.630127 0.923465 14 71.822662 115.391144 247.501587 375.295349 0.529466 14 45.745335 3.871836 244.387115 374.801636 0.926891 14 227.015793 90.847572 446.529755 374.690613
005967,0.689804 14 112.549431 27.568325 169.733917 156.772659 0.686726 14 165.655045 19.863678 201.864639 153.149841
005969,0.632190 14 263.786652 137.117615 322.101501 373.077942 0.686975 14 50.655945 56.535244 335.843567 376.040253 0.949905 14 157.288986 56.369686 335.844818 375.059174
005972,0.731197 14 90.121750 42.493298 293.645172 317.878662 0.610175 14 92.407242 42.299927 311.277100 449.335724
005973,0.544256 14 130.440903 136.064697 277.079926 430.365143 0.962621 14 189.732513 170.053345 273.412384 431.466583
005974,0.879435 6 128.674866 152.623627 294.036041 269.776886
005976,0.541413 15 224.105042 212.120041 310.757172 278.798859
005977,
005978,
005982,0.697900 14 113.283051 92.535469 203.306412 495.278381 0.638676 14 1.439664 108.349312 102.674896 499.733154 0.686528 14 87.848442 80.857117 193.295227 498.471741 0.568221 14 77.903870 83.692520 142.691299 439.666473 0.883508 14 92.038994 82.982956 230.581238 498.944824 0.947886 14 1.710121 98.799881 87.709183 499.066711 0.687550 14 68.253548 81.723915 142.820480 497.664154 0.581468 14 65.202995 88.174644 98.456673 194.830917 0.866908 14 1.974519 102.192505 118.251945 500.019897 0.659274 14 91.847122 85.762604 253.750824 493.255493 0.561424 14 62.455673 90.626762 106.332825 470.343475 0.509626 14 131.965851 107.068466 156.279663 155.995087 0.799179 14 166.706863 87.232101 253.044876 484.839783
005986,
005987,
005993,0.608514 14 125.146416 40.342045 450.563416 375.132599
005994,0.771164 6 42.304386 250.891632 160.222427 293.375183 0.828946 14 457.591187 155.601028 487.429382 244.731064 0.634117 14 435.668671 148.932877 464.590393 190.682419 0.529479 6 41.720337 206.265015 192.801025 293.371582 0.870220 14 458.392822 155.776428 485.950806 203.004105 0.630237 6 0.572678 254.338196 55.692551 333.399597 0.813595 14 434.330383 150.548019 466.276550 225.793823
005997,0.770300 6 1.741257 188.892227 86.267265 251.977249
005999,0.922700 14 28.123316 192.830048 44.050838 234.848770
006002,0.620623 14 377.167206 70.034264 436.563171 229.905807 0.964332 14 367.415924 70.539200 438.303864 358.257843
006003,
006006,0.524311 6 190.230286 42.308151 410.350891 108.438240
006007,
006008,0.646655 6 77.491638 76.514305 399.644470 218.385406
006010,0.735395 8 121.846558 176.265350 197.681641 301.915161 0.661610 8 352.449982 158.678375 433.348755 273.066711 0.597346 8 117.804214 172.103027 234.015533 306.527557 0.534017 14 384.594604 159.994064 429.979370 257.922821 0.526583 8 123.929367 193.681488 195.098740 304.828247 0.757029 8 200.031860 188.247238 294.585449 292.815491 0.540062 8 251.892334 192.510971 290.932129 284.082245
006013,0.582972 6 298.373230 288.488617 494.871155 371.242584
006014,0.546785 14 144.882263 374.424896 165.071777 434.478180 0.527969 14 143.791901 375.831970 172.679443 452.882416 0.868785 14 146.799774 374.748596 169.853821 420.139496 0.629708 14 173.492935 370.948944 194.809265 413.851715
006015,0.961266 14 270.583496 193.023743 298.560333 232.728439
006016,0.913981 14 163.630875 21.338552 199.180542 88.711212 0.576000 14 116.181236 0.874769 144.263275 41.058842 0.615137 14 88.745659 0.568764 121.583778 52.712261 0.602729 14 146.279755 20.969099 196.778214 89.943237 0.502360 6 3.758699 4.553360 483.107880 301.853790 0.861257 14 99.521996 0.739624 145.103165 54.639637 0.678675 6 7.638722 21.333231 481.302246 297.493927
006017,0.847788 6 117.829308 52.119461 167.094040 78.129402 0.731500 6 0.530913 27.132299 96.214584 231.265289
006019,0.572243 6 369.555237 0.649807 476.194672 53.507175 0.788791 6 3.452599 66.432358 490.907928 299.065308
006021,
006022,
006024,0.952009 6 8.811075 227.079575 114.385605 261.323456 0.660834 0 51.808788 70.670586 443.948517 182.578033
006031,0.649019 14 219.660828 42.354736 242.024078 76.081169
006032,0.537632 1 121.675301 237.918243 258.651550 319.324738 0.966457 14 381.854767 208.035797 424.158569 314.922638 0.511620 1 291.452148 233.122513 453.520935 320.961670 0.624628 14 336.143066 220.797516 390.884521 315.834930 0.732721 14 422.425110 250.867691 454.663483 314.479797 0.901987 14 327.602600 212.063583 358.759979 311.862518 0.574590 14 379.430664 208.381699 402.521301 312.742554 0.973823 14 141.341568 204.219955 173.959457 306.543396 0.510370 1 290.864349 238.718811 420.846161 320.716980 0.944428 14 328.356140 212.042892 386.132355 313.068115 0.971129 14 198.214203 212.472473 233.530945 302.493835 0.507888 14 225.368576 239.091736 254.424927 302.795929 0.540510 14 316.803558 215.539246 391.615479 316.055878 0.584128 14 317.907928 213.176575 396.207275 316.568909
006034,0.670944 6 7.969403 25.048248 289.109741 104.903206
006036,0.532872 14 89.943947 2.282661 237.246780 331.991516 0.952119 14 353.621216 166.668640 409.148315 246.182465
006037,
006039,
006040,0.665544 14 182.704422 88.018265 416.321777 374.183899 0.551468 14 258.421906 168.776398 500.779144 374.138733 0.631272 14 2.666615 87.270844 141.817062 374.369873 0.905697 14 382.402313 59.571594 428.578613 124.866318 0.543203 14 346.387848 114.834702 375.436157 167.960052 0.620614 14 260.237549 168.388184 417.020355 373.680756 0.928324 14 430.144592 59.848911 478.280090 143.473969 0.709909 14 178.635437 88.997742 293.765778 373.504456 0.745995 14 430.704681 59.660114 479.990692 184.335770 0.787608 14 380.617523 58.237598 430.435974 145.021790 0.811289 14 6.103068 88.467644 295.384918 376.201233 0.548135 14 433.897369 59.180016 478.486847 134.002289 0.732526 14 430.920532 58.853477 474.443665 123.864403 0.650211 14 180.560028 88.341843 499.023651 374.283325 0.712289 14 382.058777 58.402012 435.326965 202.159073 0.668608 14 231.603928 96.795448 500.276154 374.485260
006044,
006047,0.679062 6 212.613510 96.857620 279.578339 124.517838 0.670003 6 141.141586 99.319595 225.534256 130.587753 0.753143 6 150.234421 96.327271 280.114349 127.032463 0.701417 6 76.114456 99.510353 228.379547 136.334686 0.681623 6 74.663963 110.366730 158.272995 140.756454 0.873588 6 219.727097 90.464149 336.102478 121.545586
006048,0.694158 14 33.164867 5.275671 52.419365 62.820717 0.698954 14 24.178375 3.790604 47.343601 61.883793
006049,
006050,0.612664 14 154.342590 86.852768 369.415771 284.831207 0.812802 14 88.015869 86.593857 365.439667 283.621887 0.508179 14 166.893799 120.359589 192.568314 145.270966
006051,
006052,
006053,
006054,
006056,0.753934 4 179.808960 87.134521 209.552444 175.712631 0.740166 4 286.096222 87.681900 317.250671 185.135162
006057,0.543055 8 4.922029 219.719635 101.701843 373.124542 0.558918 8 146.499664 198.783478 246.712387 368.063995 0.690334 8 149.714645 191.053772 272.164429 365.690735 0.566631 8 222.790802 189.828873 270.907654 312.443054 0.526973 8 144.386688 229.314972 232.744858 370.305542 0.679144 8 221.620956 191.609863 273.543427 324.234406
006059,0.554032 1 105.070847 327.933289 168.056381 450.456238 0.981201 14 124.724182 157.746307 190.241714 430.033691
006060,0.866589 14 180.723175 66.374641 219.567551 99.496887
006063,
006064,
006068,0.556624 15 108.011887 83.725662 124.647850 126.944214 0.507689 15 162.268845 232.756775 183.826508 288.109161
006072,0.849747 14 59.847641 196.858521 90.929100 238.739960 0.659342 14 61.990597 196.134247 89.606758 225.877808 0.504197 14 280.527130 30.607450 304.275909 84.347763
006075,
006076,0.615702 14 88.317314 117.622345 194.556625 497.488159 0.895574 14 87.717339 116.764984 194.856277 343.737335 0.579883 14 13.149289 118.674622 194.566498 497.852325
006077,0.778621 6 135.128922 114.649391 306.489166 219.991150
006080,
006081,0.516112 8 66.587746 164.639862 109.402397 288.520477
006082,0.949345 6 391.678528 100.652962 443.538635 120.709641
006083,
006085,
006086,
006087,
006090,0.626788 14 6.629236 35.164356 367.039307 500.734680
006092,0.808876 14 189.024277 3.242999 343.731049 498.955170 0.606357 14 48.935452 2.296463 178.774994 264.518921 0.864717 14 47.842373 2.648666 181.912628 426.474335 0.843871 14 190.822601 0.224963 334.013855 316.812500
006093,0.513922 14 220.439026 192.468079 279.625885 283.093597 0.712205 14 122.133156 98.650925 140.465637 126.552147 0.502463 14 218.239594 121.304825 436.206329 377.213287 0.501530 14 279.257599 122.625328 436.320312 377.277802 0.894844 14 430.959686 122.410690 479.285278 205.052246 0.926266 14 429.803192 122.476753 478.141785 204.322052 0.582868 14 0.471145 3.125959 85.086235 379.200134 0.617078 14 433.738068 122.476402 475.324463 171.475479 0.925204 14 203.821991 122.370529 415.284241 378.357269
006094,0.802712 6 288.668823 180.117966 451.108337 336.116119 0.927616 14 360.421417 161.471603 392.165192 300.111725 0.831184 6 287.658569 134.468307 452.514221 335.947632
006099,0.728366 14 56.432598 3.432241 82.346420 30.748514 0.740758 14 386.221832 189.408920 417.476288 215.517685 0.558824 14 438.004700 186.751694 470.863068 216.049103
006101,0.936231 14 169.763580 78.222412 280.745087 394.312958 0.648064 14 261.740814 35.848713 454.113068 395.693604 0.963570 14 66.086235 68.742203 183.660172 394.228424 0.959400 14 257.935638 37.087036 426.177734 395.448181
006102,
006106,
006109,0.935352 6 36.556351 268.431671 113.660454 315.957855
006110,0.614921 6 336.210175 221.835144 383.651947 258.986206
006112,0.704006 14 101.059853 3.102643 306.824768 372.162537
006113,0.971964 14 365.568481 185.916458 419.097748 299.253326 0.632766 6 196.971603 148.213989 318.832001 200.845749 0.566954 6 1.874916 149.608612 134.912277 298.119202 0.734992 6 159.370575 164.671631 324.658051 247.580948
006114,
006115,0.549709 14 30.446381 217.060226 84.115768 285.712006 0.625035 14 244.357727 103.854652 282.588348 171.281570 0.929982 14 2.405595 219.210419 97.366600 289.408325
006116,
006118,0.520949 14 175.653381 7.054622 470.088013 334.876862 0.799323 14 183.517044 4.125565 466.436676 333.541473 0.830504 14 258.377655 2.548596 466.581848 333.792145
006119,0.501696 14 227.876724 135.717316 298.302124 305.000824
006121,0.533183 6 35.038696 148.389633 252.674347 229.919174 0.815559 6 32.149002 143.774323 398.881134 262.509552
006122,0.540493 14 299.239838 87.656479 366.076782 332.232452 0.967568 14 449.908386 95.794113 490.673004 193.432800 0.565903 14 107.598183 111.164787 174.100311 317.197754 0.503662 14 288.287323 40.360252 353.350800 306.686188 0.806734 14 101.301529 112.511330 247.293091 320.388977 0.593911 14 105.957329 109.433403 164.704803 197.901123 0.899452 14 90.601273 111.214561 166.563217 230.975006 0.805254 14 187.388245 42.661747 367.212952 332.550049 0.611800 14 103.005859 111.335236 162.338074 229.579971 0.503278 14 253.658447 40.804520 354.621094 327.225189 0.876325 14 274.015320 42.970947 365.356873 332.189697
006126,
006127,
006132,
006137,0.859862 14 237.165665 107.577423 270.255463 139.371887 0.791061 14 232.706589 107.549965 271.156494 159.482651 0.702599 6 100.486160 136.510101 401.682617 241.310699 0.781666 6 1.061395 134.868530 400.826447 242.035919 0.867055 14 293.821045 136.410355 312.761780 157.842239
006138,
006142,0.821470 14 221.724670 0.782040 251.217331 83.469574 0.566018 14 307.160126 6.413989 499.380768 265.972992 0.873055 14 30.445305 38.927082 66.604836 70.212952 0.621159 14 221.884521 1.067321 275.970856 83.972580 0.556836 14 26.587078 38.289883 68.125763 107.299942 0.836904 14 144.173584 11.486823 195.300003 171.547958 0.727812 14 1.303489 62.143406 23.678720 101.249191 0.798189 14 309.745148 51.930569 347.130310 116.597282 0.696907 14 305.912689 23.932301 497.328979 249.327728 0.516046 14 231.146454 3.105406 277.018951 80.153030
006143,0.601423 14 86.005630 255.193176 116.320755 350.034485 0.897455 14 59.373611 253.669296 127.627235 355.305389
006144,0.908704 14 119.199959 102.460472 144.080933 151.675674
006145,0.801199 14 269.116943 54.312958 499.534912 284.504700 0.966260 14 106.746239 22.191866 175.201843 172.229523 0.954285 14 208.115417 4.173398 293.297363 158.206543 0.565921 14 2.091378 7.649741 107.933105 224.237167 0.909056 14 4.975770 6.333682 84.956871 140.533218 0.723254 14 2.803497 8.475076 154.625320 240.304810 0.900198 14 314.090057 45.159920 432.741302 205.095428 0.723145 14 39.200142 77.735641 153.413391 227.911774 0.796124 14 274.015656 45.007019 444.701080 285.184174
006147,0.919443 14 127.212990 103.019577 152.870575 203.387894 0.916301 14 152.579559 107.707039 176.564621 207.108337
006149,0.668927 14 1.408221 189.524078 49.721161 245.394165 0.824829 14 1.237076 189.112137 35.157291 249.262192 0.620466 14 286.367126 29.549627 354.886292 184.843964 0.502372 14 286.231476 30.909622 357.766602 255.661438 0.557652 14 262.167755 31.016466 361.098358 332.878021
006152,0.532783 14 5.805805 38.598923 273.276154 351.062988 0.553934 14 235.224899 51.941292 331.657715 331.198761 0.723163 14 345.974457 52.596241 498.999603 340.575897 0.594806 14 334.745026 71.670357 456.819031 308.557312 0.718108 14 2.459921 45.454861 122.981270 275.311035 0.622684 14 240.989548 53.995270 328.799561 266.991455 0.918197 14 114.301666 41.208073 274.552643 341.288910 0.761761 14 240.236435 50.197006 347.075836 336.761719 0.517885 14 333.835754 75.453232 412.317352 284.880493 0.549583 14 243.087524 55.205708 333.636353 278.836761 0.525814 14 249.800064 49.230339 460.827423 341.063721 0.751054 14 314.199097 27.766691 361.075592 72.651825 0.915386 14 334.295074 69.433029 459.012482 339.202820
006154,0.590235 14 67.152557 336.847321 93.683800 401.786133
006155,0.945913 6 348.121796 127.261856 497.182709 163.286453 0.785376 6 288.791229 129.236923 371.730927 155.680847 0.557938 6 18.924021 120.062294 84.006134 138.196838 0.761462 6 227.614212 128.343918 318.095734 152.959198 0.668887 6 176.439819 126.843361 322.275787 151.871597 0.651682 6 22.267900 119.129562 156.739746 141.292664 0.854367 6 19.095209 120.833397 73.587242 138.556152 0.893185 6 296.612762 127.770470 430.772095 158.433945 0.630463 6 159.017105 125.700317 224.771240 146.412292
006157,0.506791 14 70.480927 129.700470 157.912064 497.671783 0.862806 14 18.892721 128.823196 201.097916 499.782104
006160,
006164,
006165,0.694717 14 86.356766 104.548035 164.836563 375.865692 0.875765 14 65.476143 103.856888 165.963593 376.785950 0.532645 14 9.124295 105.399338 163.579010 454.587189
006167,0.914380 14 134.700165 10.084201 318.763916 219.515808 0.744851 14 207.467545 10.444319 317.114349 219.266083
006168,
006169,0.963519 14 91.705528 204.310287 167.817444 332.122040 0.689996 14 42.969570 197.232132 168.808289 332.641846 0.665729 14 79.247398 125.203369 96.365494 144.470444 0.976810 14 288.664673 183.421112 388.555511 331.990845 0.972177 14 159.306854 201.821762 233.551270 332.367249 0.534860 14 55.908291 203.044861 166.263916 332.668427 0.938086 14 227.308334 198.563614 293.723175 332.123657 0.843361 14 228.678787 183.980240 303.364136 332.616974 0.758770 14 227.716949 196.961700 305.082001 332.545593 0.930804 14 283.949066 127.619888 385.470795 332.389038
006173,
006178,0.968644 14 197.666824 120.240341 253.393112 247.037170 0.962964 14 48.492943 214.217529 95.952095 307.850708 0.972374 14 161.588913 117.799095 202.473068 234.147537 0.948668 14 468.497711 235.869812 500.147339 288.818054 0.979890 14 112.345062 116.707680 166.642639 231.548584 0.981973 14 1.360623 173.602844 52.012489 333.296448 0.871913 14 161.250259 117.152725 198.315475 182.787918 0.571226 14 58.566730 214.815567 96.774696 303.937469 0.555147 14 116.090149 117.257286 156.595703 228.417709 0.685972 6 45.181664 215.089905 487.466614 325.418640 0.984826 14 289.788940 124.870865 337.616180 257.165619 0.978409 14 247.088638 135.646210 290.836182 252.407135
006182,
006186,0.738211 14 66.764397 3.299063 498.999847 301.568848
006191,
006192,0.565126 14 189.918198 15.075941 336.822906 281.298126 0.933225 14 190.202362 15.577994 337.890076 315.124329
006193,0.983612 14 45.417404 53.690128 101.845558 207.280289
006194,0.673731 14 147.343903 165.500580 182.786011 208.065125 0.528840 14 145.453064 167.421906 186.896713 248.914474
006195,0.563686 14 29.974043 302.990326 72.121910 444.057953 0.736650 14 27.355227 303.538391 87.552299 482.106140 0.961219 14 229.112457 339.952362 281.329041 491.066406 0.701097 14 31.720240 305.447876 67.334633 414.808868 0.683031 14 33.406639 306.705963 68.355156 431.323761 0.788706 14 29.403755 305.265961 89.704086 485.481903 0.969646 14 87.612656 85.603714 237.421097 499.649536 0.910081 14 32.269508 306.012817 87.964798 425.365692
006197,
006199,0.541698 14 227.601974 159.353409 274.426666 198.745804 0.516121 14 267.687866 60.743038 421.513031 342.694305 0.919136 14 245.363144 61.136372 436.002472 342.400330
006200,0.848242 14 424.446411 179.889572 498.863159 371.730072 0.854666 14 426.382019 180.504486 494.420044 264.824768 0.637772 14 421.328491 182.825409 498.534607 319.143005 0.797212 14 210.377289 74.876152 470.260193 374.958771 0.671095 14 130.841339 252.201096 156.938232 290.012726 0.902888 14 214.670425 127.915588 467.229126 374.322327
006204,
006205,
006207,0.708255 14 180.312775 17.663538 283.900055 123.819977 0.627637 14 285.912262 6.608944 364.504333 127.427414 0.807360 14 179.624115 17.676119 327.309723 129.484741
006211,
006213,0.951173 14 354.182770 216.336075 375.223572 364.302948 0.968847 14 315.524017 221.441513 348.006042 297.978577 0.908648 14 280.392792 220.990860 311.715485 297.799622 0.564311 14 344.530701 215.372070 368.482269 359.906555 0.768293 6 45.046291 215.036194 353.977661 393.301178 0.736677 14 280.024994 223.758224 314.021240 360.696320 0.581062 14 279.578400 222.936050 311.743195 330.452667 0.626165 14 278.651154 221.570602 311.644531 322.550232
006217,
006226,0.904964 14 17.538237 209.341080 46.106110 294.154022 0.853655 14 139.645554 160.189743 164.871841 212.973892 0.649599 14 115.106194 157.487061 155.966965 232.489136 0.829698 14 37.601295 134.119049 75.393867 251.560806 0.853628 14 40.009151 132.821381 68.573593 204.705215 0.631394 14 140.069977 161.012344 161.672501 202.904434 0.842675 14 118.805199 160.700287 151.688705 215.939407 0.719820 14 81.497749 142.728943 122.841362 288.607361 0.925941 14 107.965080 207.828156 209.013199 490.908508 0.914715 14 38.142216 189.611923 72.873482 257.086395 0.906405 14 1.153882 159.525391 40.312832 337.336823 0.618094 14 92.181313 144.222000 120.257889 199.899933 0.820273 14 159.769684 192.120255 184.309082 246.878113 0.892781 14 83.980812 143.679184 120.981773 209.967148 0.847492 14 61.192139 135.160172 87.717659 219.782181 0.673772 14 36.407669 188.879883 76.690155 309.716034 0.772079 14 115.318970 158.740433 139.793747 219.530945 0.549349 14 35.646919 133.454819 70.068665 245.943558 0.534401 14 63.947384 182.500565 92.098663 294.414124 0.554129 14 49.572586 189.731415 71.371132 237.364136 0.924798 14 176.883575 175.570679 231.025833 477.908020
006227,
006228,
006231,
006232,
006237,0.917349 14 62.850929 32.666771 178.584457 499.884216
006239,0.819331 14 10.008951 63.491180 192.171219 456.784363 0.511567 14 9.927279 62.282116 252.989090 483.037689
006242,0.939237 6 40.089561 99.055603 139.001511 141.870377 0.906121 6 160.438126 99.449104 238.923706 139.723129 0.923581 6 285.721649 96.976112 356.742798 137.505981 0.949852 6 385.376465 98.342072 460.769287 136.310883
006244,
006245,
006246,
006248,0.538141 14 39.055424 48.914429 164.973022 171.356552 0.671077 14 41.224674 48.492928 217.544479 178.980530 0.730037 14 174.969269 41.283016 224.897186 253.615707 0.779417 14 176.466431 41.047928 220.471359 217.359543 0.768097 14 38.770966 48.616314 226.856552 269.911896 0.949983 14 220.802246 64.563004 274.678192 223.432861
006253,
006255,0.595029 14 1.787879 181.878464 94.050194 374.856110 0.611421 14 2.274841 3.211174 448.585938 376.038239 0.705318 14 101.269020 2.684210 450.220398 375.640076 0.591798 14 261.941132 2.243712 451.405579 375.214478
006256,0.694308 14 54.641998 306.678131 81.269379 328.788605
006257,0.951882 14 227.850174 183.447891 291.767151 268.860168 0.977118 14 276.450897 143.818756 315.009979 226.790115 0.509441 14 246.089981 184.069550 288.988373 271.357666
006263,0.682101 0 12.832433 82.461052 489.902039 218.282944
006265,0.533431 14 183.679703 109.238976 233.563934 169.414841 0.598489 14 189.820358 109.324394 231.537415 153.601227 0.571836 14 253.815079 111.007057 291.094086 151.641418
006266,0.967576 14 1.065066 23.520090 55.284916 215.288193 0.965705 14 238.286499 23.187763 333.999939 184.880493
006268,0.563078 14 4.170196 127.038284 187.335693 499.895447 0.752616 14 1.641369 3.698975 175.394638 500.452881
006271,
006273,0.887834 14 138.395996 40.548187 301.528198 328.004517
006274,0.782385 14 303.060791 41.779644 325.201965 75.559891 0.811588 14 184.597122 33.055901 209.312485 62.957134 0.585772 14 182.318329 31.831650 210.449463 80.489311 0.837105 14 139.840866 11.650011 364.933685 195.418259 0.532442 14 199.017883 31.086449 216.064667 63.938293 0.882236 14 313.640900 46.588940 348.133728 92.796188 0.657915 14 315.265991 46.655266 346.151550 80.892365
006278,
006280,0.850878 14 362.557068 94.525757 429.484497 225.614655 0.792003 14 293.225952 95.908478 435.457458 233.514633
006283,0.877259 14 101.350937 176.636490 126.315384 202.070099
006287,0.532406 14 388.174225 87.567192 417.244904 115.790977 0.824605 14 309.189850 147.113297 425.471954 352.819061 0.940086 14 225.810974 146.234009 429.465576 375.021637
006288,0.532314 14 113.939346 171.114548 270.489166 373.922546 0.558621 14 95.767418 42.991386 309.620117 343.491241 0.840576 14 128.141907 171.838272 254.228653 373.313568 0.833173 14 99.675018 44.495457 428.756714 375.231842 0.689104 14 238.455963 44.402775 435.244690 374.476105
006292,0.924950 14 351.592651 121.030128 454.873505 314.541199 0.876891 14 352.234528 126.020142 433.019714 316.236755 0.782391 14 257.682281 150.105179 301.336853 208.568924 0.648577 14 397.739624 121.371033 452.767883 221.798706 0.816906 14 393.904327 122.675934 455.080811 310.344238 0.637007 14 131.157913 27.740644 299.356171 314.862396 0.942531 14 115.877274 27.593390 300.255524 312.232971 0.587843 14 111.225410 25.626150 183.244781 164.854904 0.690665 14 113.317032 26.858555 231.163498 310.152527 0.576887 1 81.052467 202.969116 368.603638 333.258514 0.508349 14 152.193680 90.591103 310.846100 317.728271
006293,
006294,
006297,0.625604 15 206.564194 71.787140 266.485077 132.116974
006298,0.513914 6 61.808273 144.103165 379.669952 380.823120
006302,
006303,0.754834 14 53.617882 117.299004 82.095116 185.653778 0.858023 14 53.755188 118.363533 87.470627 276.237946
006307,
006308,
006310,0.963396 14 233.904266 14.929202 500.303864 243.342834
006311,0.617295 15 212.022324 171.852478 236.995148 222.537430 0.592928 15 116.268723 165.188553 146.758667 200.713623 0.687804 15 73.287437 168.830002 104.591614 199.229095 0.707438 15 162.899231 165.745621 190.835464 208.248444
006312,0.575684 14 233.598923 77.071167 269.708008 150.400436 0.709733 14 233.670349 77.079247 307.045532 156.579330 0.541981 14 233.529541 76.570618 299.316925 156.731049 0.551619 1 248.851425 96.127075 377.081451 239.870132
006313,0.701848 14 146.091461 95.671509 223.819016 374.328583 0.732012 14 151.396881 96.994759 184.848450 162.540787 0.587339 14 87.775757 93.111061 216.275726 360.093903 0.957917 14 292.053223 144.792801 334.933228 225.395706 0.516828 14 148.177658 98.195190 222.714401 345.122772 0.648478 14 283.578125 167.623886 396.969818 299.775024 0.959585 14 270.184296 166.983276 398.141846 373.420929
006315,0.652961 14 33.648804 15.489902 415.304779 357.603760
006316,
006317,0.963046 14 209.042648 67.723473 338.955353 375.373993 0.563552 1 206.253738 209.860458 410.350128 367.975067
006322,0.580281 14 124.211014 1.469067 498.787415 317.727570
006324,0.927707 6 86.546249 224.045166 164.492905 259.193054 0.503882 6 22.141703 223.964661 160.551514 260.602234 0.863414 6 225.344055 178.248489 367.749207 305.810913
006326,0.796856 6 337.784851 47.559582 500.650055 123.489059 0.640235 6 30.394360 48.389526 279.206818 103.347099 0.768777 6 20.826786 48.714203 397.332062 213.951324
006327,0.921973 14 209.961761 231.390839 224.744095 293.330017 0.974770 14 231.710800 219.177780 251.467682 311.627808 0.929553 6 1.173742 237.374161 30.618410 266.147827 0.954372 14 198.012329 230.061203 213.042114 294.011017 0.957598 14 224.405548 220.274216 242.351257 304.794617
006328,
006331,0.776592 6 101.713226 126.657570 400.643707 279.255676
006332,0.932598 14 267.445312 177.736130 285.776428 210.954086 0.931396 14 131.842407 170.320251 157.063507 214.021790 0.971723 14 294.161682 173.644272 314.803467 215.019394 0.676243 14 127.438393 172.743317 159.106018 269.844208
006333,0.554324 6 329.814209 59.053349 501.316895 145.514542 0.585521 6 59.796200 31.470409 455.053986 289.694885 0.661215 6 61.157314 40.860424 454.433289 283.866364
006334,0.971501 14 463.838715 145.705795 494.623627 210.703964 0.705662 14 444.307739 148.324127 465.835266 192.857758 0.953732 6 271.021301 142.264572 369.598816 177.867447
006336,
006340,0.913959 14 221.502914 43.089783 251.136627 73.208832 0.712334 6 4.658893 68.674072 458.199036 303.229126
006342,
006343,
006345,
006347,
006354,
006356,
006358,0.797630 6 33.617966 201.953659 74.145927 228.504227 0.872811 6 312.676880 198.369949 439.137848 234.241760 0.835214 6 131.380142 200.032852 211.034241 228.007217 0.807248 6 310.713867 200.920792 383.563721 233.918213 0.653603 6 135.406631 201.659210 181.099045 226.511169 0.510174 6 131.981293 201.608871 179.801300 227.003799 0.830797 6 310.495361 200.302444 411.649414 234.524933 0.927083 6 34.693790 198.612488 125.805061 228.760147 0.672013 6 174.865540 201.463715 215.687866 226.890610 0.918156 6 226.206955 202.000778 306.431000 231.190048
006359,0.787234 4 193.675858 38.270184 217.614899 116.724609 0.811042 4 219.988892 39.035870 245.167389 115.740952
006360,0.762556 14 283.367523 67.067711 384.273468 232.624741 0.734814 4 176.191055 242.186356 206.347076 367.204559 0.946218 14 2.835207 113.813301 125.560669 374.440948 0.674956 14 280.939148 65.876923 385.401794 375.518341 0.748081 14 281.198456 67.354362 385.211334 374.725464 0.737568 14 281.396240 66.744781 385.614655 374.983704
006361,0.713970 14 205.794418 85.326164 236.353546 156.697845 0.829428 14 367.157074 77.648918 428.116699 264.769928 0.872911 14 204.466248 85.696373 236.714355 187.918488 0.584856 14 369.941864 76.532143 432.487457 186.697388 0.785859 14 366.431885 76.898811 425.191925 183.915894
006364,0.546231 14 215.219818 187.981628 240.143784 230.800339 0.964886 14 237.649261 20.999660 375.421173 343.942993 0.556028 14 214.756165 187.312592 236.231171 212.465576
006365,0.823439 14 435.401093 103.384369 483.381683 213.901230 0.624545 14 437.853607 102.107735 477.880615 144.433716 0.564574 14 274.656250 102.251625 487.007324 295.218201
006368,0.754345 14 221.821899 15.812453 349.210846 309.095001
006370,0.662559 14 258.927460 158.712677 273.188904 189.603577 0.633278 14 122.062881 119.672195 172.770020 317.486572 0.952067 14 120.722160 120.580109 175.631470 411.466583 0.899514 14 26.206310 153.045792 37.570389 183.619156 0.575475 14 93.647453 149.425827 107.824486 178.122772
006372,
006373,0.645804 14 9.817408 280.613831 36.020950 379.721954 0.839130 14 10.547976 280.555450 39.754013 378.422760 0.953312 14 10.496348 279.900848 41.766979 462.454926 0.620282 14 33.994911 282.088165 49.976192 384.957611
006376,0.788512 14 339.441162 59.094288 376.765289 91.394211 0.521441 14 296.898621 126.578705 326.680084 151.762238 0.827808 14 212.534988 42.113045 261.012390 79.000786 0.596464 6 31.979040 10.438845 453.348999 270.985779 0.508020 14 281.781708 124.926453 345.973511 196.310547 0.747977 14 298.018585 47.873028 335.128723 80.377823
006378,0.953996 14 144.820816 90.306000 184.790909 167.620758
006379,
006380,0.507566 14 179.922653 42.620842 208.794067 175.242355 0.886839 14 140.249344 57.674931 176.991135 109.500603 0.718533 14 94.109360 62.258434 135.598312 215.902832 0.766015 14 99.208038 61.514229 133.353195 126.892204 0.762178 14 301.135284 76.076096 335.925720 169.137894 0.500389 14 219.303696 36.800678 251.509995 119.102798 0.919296 14 102.699852 93.519119 173.877411 210.046387 0.661928 14 58.952213 104.391556 115.950851 252.878998 0.728697 14 305.692963 91.345787 350.258118 202.823013 0.597259 14 1.959160 77.947243 136.281189 374.682922 0.873469 14 179.084747 41.159325 205.923798 105.384819 0.508492 14 299.374786 75.795013 341.480835 230.228745 0.573874 14 129.800980 57.652149 177.558578 192.913727 0.668626 14 96.831589 83.965462 174.230728 323.388458 0.718015 14 98.333466 62.362820 163.598434 213.426544 0.949575 14 21.502674 102.035286 137.346634 374.564362 0.743927 14 125.159233 66.793823 174.234085 204.576218 0.911629 14 247.702957 108.911400 406.136108 374.761902 0.752712 14 220.439850 36.856976 251.350708 97.538017 0.574115 14 269.752319 49.230572 313.786041 255.759674 0.639941 14 99.229004 62.162697 134.522125 179.023499 0.654895 14 271.905731 46.737495 304.249573 125.751335 0.855330 14 244.961197 113.244339 401.090393 298.648834 0.790828 14 271.060425 46.789883 307.302460 135.775848
006383,
006384,0.877653 14 250.327682 223.479065 279.301422 290.056976 0.923378 14 30.555225 75.470642 216.079361 420.049927
006386,0.631665 14 423.003174 166.500275 445.553558 199.896652 0.893468 6 147.612213 166.867432 202.300079 206.069687 0.715755 14 200.780075 146.729263 221.096863 166.838577 0.662807 14 377.317383 172.419189 395.191437 194.734924 0.535086 6 146.314011 165.710587 208.473969 205.432068 0.695752 6 242.201553 179.030640 267.984894 203.475494 0.926257 6 2.783537 169.051437 137.491287 240.096024 0.855839 6 1.037754 217.890457 24.279030 262.485931 0.520030 6 246.805847 176.653702 373.293152 205.641068 0.914110 6 236.872223 191.588516 459.570007 321.492584
006388,0.788472 6 2.425939 190.958374 397.503632 348.688049
006389,
006390,0.511981 14 234.846359 49.874954 295.103912 200.600830 0.637985 14 181.641647 48.833782 301.853943 200.805954 0.745730 14 73.316383 11.456933 449.621613 375.179230 0.602409 14 177.438629 44.058937 345.800049 205.405258
006393,
006394,
006397,0.591678 6 21.843246 44.499165 250.509979 117.068687 0.902804 6 19.748957 29.397678 428.142273 116.845032
006399,0.538223 14 337.235565 2.852118 485.900330 313.468872 0.712892 14 2.888523 -0.095242 170.632034 253.600266 0.830225 14 1.012318 2.727629 172.778336 333.506653 0.637272 14 200.973511 2.500872 484.082581 314.255341 0.710872 14 248.463013 180.938065 298.110291 266.942108
006401,0.871010 14 122.254051 175.827820 145.708450 248.863754 0.547202 14 45.700775 178.787628 73.329666 233.274933 0.943389 14 43.527527 179.654861 74.422676 254.034851 0.534411 14 313.711700 164.268600 350.678925 243.557739 0.697432 14 147.121033 177.002686 166.495316 214.835358 0.795838 14 124.866386 174.448105 145.547150 211.214722 0.606902 14 314.129395 163.997787 392.179565 257.494110 0.801953 14 150.258026 176.865479 167.344910 205.296005 0.875222 14 320.160034 164.468567 357.960449 254.414490
006402,
006403,0.704292 14 3.876723 10.833934 247.488770 376.233002
006405,0.513167 14 132.464661 351.009125 152.658615 426.737122 0.858884 6 136.825867 301.164276 270.674225 494.689240
006406,0.561597 0 83.799759 111.355659 166.224091 171.396530
006407,0.646261 14 230.115463 169.218384 250.967239 192.021561 0.843621 14 252.451950 136.688675 284.140533 213.068253 0.979117 14 1.471378 213.493988 49.096291 347.864441 0.550761 14 247.785828 137.599075 282.932068 247.339722 0.505851 14 254.598053 136.902557 287.386139 196.363495
006408,
006410,
006412,
006413,0.691621 14 16.647623 24.786190 76.767288 469.684113 0.936400 14 15.668472 25.868446 75.696907 357.438019
006414,
006415,0.906659 6 11.663005 150.798935 430.385223 292.698212
006416,0.974064 14 378.232117 198.492157 415.626953 308.218781
006420,0.829629 6 2.124898 145.702454 123.754341 265.128510
006422,
006423,0.643792 14 327.707245 99.589066 358.888336 127.105049
006426,0.934090 14 91.754738 132.678528 174.737122 466.458923 0.629427 14 8.168500 133.874146 156.450653 493.258972 0.754012 14 4.953962 131.346069 177.191132 499.324341 0.926747 14 4.201272 131.013367 120.833069 496.151367 0.514022 14 100.099503 120.851112 285.942963 499.319611 0.659693 14 139.673538 119.297684 287.104309 499.204529 0.779340 14 165.084106 119.070053 285.401154 498.634399
006431,0.947742 14 231.041855 63.088860 346.804749 272.212341
006432,0.631746 4 154.847961 256.538818 178.532166 319.869690 0.547679 14 298.141296 217.167938 355.530396 374.051941 0.826298 14 376.463348 160.728271 441.161804 264.477905 0.737355 14 375.772003 161.237015 406.447235 224.408768 0.857092 14 108.150101 99.599617 285.089966 374.708038 0.591876 14 57.841255 90.472992 249.208588 375.228180 0.808226 14 227.111511 124.555000 312.551666 373.630585 0.769281 14 22.333532 92.743980 284.108521 375.830872 0.703205 4 150.004883 257.211304 179.890793 361.348083 0.931565 14 19.429602 90.740822 179.372437 375.349884 0.821494 14 234.081680 44.631535 429.413910 375.513031 0.934671 14 287.483368 43.290863 407.614197 374.738434 0.866191 14 228.337372 125.932274 366.683380 373.516724 0.510933 4 296.245789 222.614090 318.130524 285.328552 0.780000 4 291.131165 221.827042 320.333862 332.483185 0.792895 14 286.916534 44.106693 440.072815 375.456055
006435,
006439,
006441,0.941234 6 1.712814 179.968277 69.371056 261.611816
006446,0.779719 14 58.933586 12.962015 82.335548 36.618645 0.951428 14 1.693688 81.352173 116.740868 375.068695 0.961405 14 202.472137 3.783960 500.566650 374.642334
006451,
006452,0.548297 14 116.377502 122.140846 175.114578 357.064850
006453,0.873182 14 349.595062 81.470665 448.248444 370.908508 0.526898 14 350.742645 79.693916 412.843170 152.570023 0.500397 14 353.313049 81.847496 452.025085 305.578186 0.849791 14 172.629883 119.346107 247.710724 375.711548 0.623952 14 350.708069 80.037384 430.168640 167.812805 0.745147 14 173.199509 117.760063 224.632172 185.040863 0.663830 14 157.669952 95.967781 182.361923 154.292419 0.976622 14 65.264610 76.329826 177.634186 350.263733 0.551105 14 231.559830 68.547585 310.566925 233.361389 0.881905 14 232.154144 68.603607 316.126953 374.282379 0.703892 14 351.347565 81.698608 443.438354 192.507019 0.554270 14 242.093765 67.251526 303.444366 149.218994
006454,0.664466 6 28.852821 175.085022 294.988373 300.666626 0.580819 14 349.973419 165.038483 372.410217 184.103760
006457,0.533688 14 337.153381 219.919556 425.211914 284.047821 0.929614 14 112.576195 82.482483 163.073700 174.592926 0.500920 14 9.322450 24.303740 240.786301 428.272583 0.705011 14 12.610771 22.964695 259.141205 431.818298 0.585720 14 16.873316 21.357309 224.249924 439.146393 0.772312 14 9.385288 24.044851 428.800964 436.105377
006460,0.638098 14 20.894707 22.181086 279.429230 375.367004
006461,0.511942 8 154.643936 196.232803 219.079575 320.662354 0.561140 15 135.468124 97.116905 174.765472 121.093536 0.734038 15 111.788368 187.353333 137.544144 223.835617 0.710450 15 376.240997 208.760025 421.986084 270.102020
006464,0.832849 14 218.061234 2.739217 372.893768 375.170441
006467,
006469,0.682714 14 205.878677 156.340576 244.385269 281.339844 0.641789 14 277.541504 199.001511 345.291260 307.867188 0.910122 6 2.032895 162.577621 77.055542 226.628937 0.975977 14 206.565109 155.085251 261.061249 283.619965 0.979593 14 99.442917 162.978653 135.179260 225.234924 0.910142 14 255.832703 208.706299 287.424835 301.179962
006471,0.617031 14 256.056519 181.636230 272.920349 201.109283 0.924504 14 309.911743 192.460144 342.174591 218.782272 0.915217 14 344.115845 191.022171 368.634460 232.601807 0.728821 14 292.406342 86.203476 317.554260 112.101181
006477,0.760149 14 134.659210 217.822754 198.833893 460.233124 0.947829 14 91.435608 210.687958 200.502991 468.771362
006478,
006479,
006481,0.815636 14 105.135796 174.341324 134.391541 225.636642 0.963046 14 396.266449 2.344164 437.498871 164.648132 0.582959 6 66.180710 12.377260 438.264191 142.904205 0.688495 14 406.396027 0.240135 439.766632 162.919342 0.558680 14 388.651642 4.154011 419.927612 162.923615 0.577499 6 67.767860 19.377266 407.672760 116.193016 0.772992 14 183.971863 4.565856 206.412094 25.894083 0.894433 14 354.698547 12.465742 383.621918 80.791084 0.568225 14 350.979095 8.595723 383.976532 147.873932 0.836455 14 333.081177 5.809814 361.063477 58.880260
006485,0.712221 6 204.482971 127.473885 287.615051 230.580063
006487,0.904249 14 115.313736 9.105216 345.204987 332.818298
006489,
006490,0.962784 14 84.231056 163.545334 101.910858 246.268082
006491,
006493,0.874495 6 98.839149 91.659554 500.296173 215.305618
006494,
006496,0.569647 15 31.874399 261.375397 59.762650 304.287994 0.632605 15 202.445465 198.291016 259.680939 254.055954 0.553818 15 67.026146 178.938705 109.642479 271.077576
006498,
006500,0.547695 4 176.561676 1.870895 215.663498 184.515717 0.524398 4 285.061310 174.082901 330.778778 320.831879 0.533891 4 186.382629 206.626587 221.282349 294.475861 0.532839 4 220.486008 93.797478 253.344864 191.240005 0.647308 4 192.992126 93.107147 223.045166 190.205582 0.510383 4 138.405212 1.014414 180.251282 128.785843 0.516232 4 214.238586 160.247101 250.721298 294.128601 0.764245 4 249.486755 -0.441889 285.152527 124.398521
006502,0.570348 6 1.623254 86.310074 90.873642 155.161850 0.502967 6 1.336051 90.490723 59.201279 154.851471 0.818739 6 53.563103 113.645721 400.862152 298.435638
006504,0.546703 15 36.780647 191.638321 60.743332 232.139145
006505,0.548230 14 183.185455 4.778457 345.415894 134.299942 0.905978 14 3.141060 21.304413 190.488983 178.117203 0.688218 14 184.859268 5.800968 374.345551 196.458801
006508,0.508825 14 60.287323 14.299751 179.488495 326.788971 0.949112 14 11.458092 11.430603 178.393814 333.851105 0.733606 14 13.009116 10.255095 155.830353 333.506958 0.717426 14 208.371201 2.439818 490.580872 332.922455 0.788265 14 217.049225 2.539636 490.835083 332.817841
006510,0.825313 6 69.877045 115.224930 391.518585 297.966858
006511,
006513,
006514,0.642115 14 124.834221 231.836700 202.073471 476.444397 0.783680 14 127.042015 230.350220 174.029617 472.387054 0.916407 14 99.701218 229.528320 203.315964 488.214600 0.887583 14 86.781624 317.669617 117.307106 496.123566
006516,
006517,0.732622 14 220.663284 246.380051 270.659210 333.290894 0.570157 14 221.550934 135.548859 308.178375 297.759491 0.924853 14 222.353043 135.284058 310.920349 320.290741 0.509047 14 1.713648 231.653107 99.424286 333.880035
006518,
006521,0.619378 14 204.600662 128.327682 296.205658 275.294891 0.918537 14 202.043228 129.923859 299.001099 318.999512
006522,0.856301 14 323.963104 19.642408 351.108246 55.362774
006525,0.948242 6 2.174020 307.088257 112.661415 429.252258
006526,
006527,0.906428 14 247.816452 5.143183 268.016052 42.937321 0.952887 6 3.076512 17.819551 98.429291 55.892067 0.518185 6 325.732910 23.030880 453.069611 69.931129 0.949462 6 323.523163 16.646980 457.587708 69.677238 0.932867 14 127.652718 7.166551 147.945892 42.444191 0.954059 14 93.197174 0.163742 118.922958 42.831486 0.773524 14 146.594971 3.179614 164.903229 41.193577 0.716663 14 110.731491 6.586058 126.266823 42.324776 0.534012 14 279.171478 8.554090 488.443726 321.100769
006528,
006531,0.912351 14 186.012512 230.970200 209.524841 287.781128 0.517808 14 187.647766 229.539368 206.124069 254.963882
006533,
006535,
006537,
006539,0.689758 14 4.532583 22.276245 170.552139 106.744308 0.555628 4 219.061707 158.763092 244.457840 185.010498 0.537824 14 220.920090 0.427879 260.868622 84.448624 0.747273 14 2.666876 21.240246 173.374802 257.593994
006540,0.972811 14 107.530273 140.273010 162.261642 330.604431 0.504636 14 58.892979 182.028610 91.113594 263.256378
006541,
006544,0.610901 14 101.258514 68.448334 235.981766 498.105133 0.901439 14 101.391998 69.730682 282.715698 499.203857 0.795665 14 100.692543 68.924500 263.424133 500.948669 0.802830 14 1.284128 81.826202 22.729416 181.603104 0.701795 14 17.259180 161.532730 43.734539 188.243835 0.959180 14 264.599518 100.525703 325.095917 245.699936 0.682037 1 69.063934 295.013062 364.241760 499.737488 0.976350 14 320.160980 117.307915 376.815857 247.046997
006545,
006546,0.855708 14 173.755569 48.074528 226.296082 134.893524 0.661344 4 234.967133 153.990082 266.162537 246.110184 0.803405 14 112.110298 83.209236 145.992584 152.598801 0.968050 14 297.862488 125.219643 403.353363 308.880005 0.718423 14 71.401215 44.450005 107.107079 124.475296 0.698576 14 294.862396 86.967255 338.775452 178.343491 0.933569 14 257.327423 84.417877 301.746063 179.966965 0.946407 14 70.577713 44.443733 109.804001 214.735580 0.787499 14 291.881317 87.723953 341.710938 244.968903 0.594159 14 2.714872 119.246735 140.457001 298.880035 0.806004 14 176.740295 47.884861 221.797440 121.265251 0.868454 14 292.513123 86.296684 340.176117 224.132385 0.791338 14 171.695084 48.104984 228.584106 203.792770 0.850446 14 106.791344 84.296829 146.326935 179.362671 0.967936 14 2.909392 117.336807 139.466217 374.761017 0.599902 14 258.615265 86.491341 341.080353 240.023560 0.801996 14 270.115601 149.722275 297.979950 180.672668 0.638507 14 104.539902 87.572037 143.524475 193.171173
006552,0.681994 14 245.643723 64.844505 315.802643 215.798965 0.769904 14 211.907532 63.051270 318.130829 331.759583
006554,
006555,
006557,
006558,
006559,0.853924 14 37.729534 100.242569 209.152161 481.162537
006561,
006563,0.707675 14 118.236481 217.632904 151.254730 280.735199 0.773752 14 117.562424 220.949493 156.866058 388.195618 0.557248 14 117.175797 221.041687 153.962997 363.320221
006566,0.561115 14 36.595886 5.940571 114.818718 244.422745 0.515638 14 27.760082 4.626223 112.067276 254.612320 0.520604 14 26.686329 3.405579 77.479591 263.901306
006567,0.649011 14 268.976898 97.708450 295.227722 133.977951 0.509933 14 72.590355 104.686394 97.166618 154.729507 0.971579 14 117.529953 103.623634 170.934738 204.084518 0.692098 14 265.451935 97.709793 298.302856 152.416397 0.933650 14 13.060747 121.570953 51.249630 162.631622 0.939248 14 278.209045 99.927597 310.445374 154.376328 0.983842 14 84.191612 104.664917 123.343384 195.834534
006568,
006571,
006573,
006574,0.799301 14 33.950157 165.739822 76.618042 214.488663 0.959160 14 395.151184 175.341690 498.874969 321.082581 0.577306 14 418.816528 118.538452 448.359467 155.846008 0.864327 14 460.102234 130.655151 492.990112 192.953873 0.773046 14 400.399139 173.984253 496.167175 314.186493 0.593504 14 433.698425 120.432663 460.667145 195.763107 0.817874 14 416.990479 120.282013 449.310028 203.192291 0.669169 14 3.948405 58.693943 375.576019 377.515320 0.927281 14 81.178757 121.443588 114.507927 158.831070 0.792651 14 1.314263 119.100822 22.980791 162.977448 0.928556 14 1.995381 164.168518 115.456238 375.315887 0.916272 14 106.149124 56.813835 370.083618 376.120300 0.689313 14 392.623962 173.163040 499.165710 374.430786
006577,0.633172 14 384.561066 210.941483 444.279724 308.453003
006579,0.658320 14 113.461472 0.677445 154.823914 129.365829
006580,0.651569 14 172.604340 122.758629 219.470810 207.843552 0.581043 14 1.914654 119.283401 88.020874 280.984314 0.969774 14 439.365112 144.861130 487.127502 214.768524 0.861391 14 363.184814 132.606964 379.521790 165.110275 0.542394 14 25.407679 116.843193 83.106689 178.144974 0.927372 14 172.570618 123.944702 225.432480 256.599304 0.947340 14 96.975418 134.701706 116.398636 169.440033 0.815302 14 1.303371 126.151688 19.037189 165.819321 0.979742 14 15.665277 118.579033 95.642448 281.766632 0.959768 14 204.388596 123.721420 283.033386 257.901245 0.889828 14 316.097443 131.280884 358.258240 217.583160
006581,0.755463 6 58.943123 205.897293 78.866791 227.681747 0.846440 6 68.957596 205.463654 94.162888 228.225983 0.532722 6 98.063057 204.867218 115.075592 229.740555 0.571545 6 61.582989 203.722122 94.275269 227.657761
006582,0.776713 14 348.649567 331.403656 385.363098 374.782959 0.712917 14 1.939163 6.602772 417.315247 375.764954 0.516295 14 3.656104 6.514214 360.869537 375.401093 0.766056 14 2.184965 33.112350 146.490341 375.245880 0.808158 14 198.766586 4.304163 417.625977 374.306671
006586,0.957740 14 216.575821 67.535767 330.053131 332.825745
006589,
006590,
006591,0.694307 6 366.935577 223.225647 496.889801 331.207520 0.955618 14 184.857864 149.050690 206.739441 210.022537 0.940293 14 207.535645 150.456161 229.597382 201.352798 0.624908 14 184.873413 148.560287 206.086288 196.692596
006592,0.916736 14 191.441864 188.064743 209.772980 248.717133 0.648884 14 191.146652 187.280746 207.728134 248.644287 0.697881 14 259.945526 181.952850 272.509277 204.968140
006594,0.667675 14 62.175476 130.396408 182.992462 385.777710
006596,0.571158 14 214.407532 63.417431 267.882904 125.598289
006598,0.630942 14 89.094109 0.751533 320.528381 366.561554
006600,
006601,
006604,
006607,
006608,0.874253 14 388.743103 2.208699 501.483490 374.314972 0.756549 14 256.290955 0.219516 361.084961 189.829880 0.755156 14 253.757828 -0.119649 369.440430 239.205658 0.550580 14 364.077209 -1.094732 448.408173 157.763763
006613,0.817034 6 319.255157 131.370468 435.661285 179.688019 0.511297 6 319.225952 136.196228 433.930573 179.318283
006614,0.665190 14 113.311989 277.172150 176.385040 497.640839 0.915485 14 114.534660 276.011292 216.875229 497.954956
006615,0.630434 14 35.200821 49.470821 358.924438 276.671967
006616,
006620,0.898232 14 221.330078 0.981644 319.653625 296.649323 0.566926 14 198.341400 221.197311 220.227921 246.039154
006623,0.873933 14 32.885059 115.060211 189.464508 427.986450
006624,0.518918 14 203.731903 149.934479 289.812256 374.597412 0.756223 14 328.835968 125.580322 421.538757 374.221893 0.617598 14 325.940918 122.835381 369.291321 180.826889 0.576990 14 320.285278 126.235115 389.972015 374.136627 0.540960 14 263.628174 148.066330 353.191254 373.251373 0.902280 14 326.070496 126.002174 398.220886 373.653473 0.875937 14 1.359377 8.062955 109.627129 375.084625 0.908154 14 97.142235 146.011673 178.419937 374.198059 0.682739 14 87.951775 144.566223 262.784760 374.754425 0.674471 14 210.739410 144.832993 389.936249 374.600708 0.750690 14 270.328461 146.663818 358.439087 372.272430 0.953231 14 96.971970 145.055344 155.779129 225.106308 0.633603 14 164.923721 54.347595 190.401550 123.866020 0.879783 14 219.184158 148.144119 376.649445 374.693420 0.641755 14 274.877747 129.801285 395.278198 375.603577
006629,0.545655 14 115.291672 121.898781 216.935440 322.126129 0.965405 14 113.569702 145.414551 215.566666 332.261749 0.576744 14 365.840332 159.528595 404.435425 211.869492 0.870271 14 24.396811 131.720917 58.039474 212.447388
006630,0.894968 14 428.335907 -0.510148 460.869324 66.763023
006633,0.660511 15 120.806053 178.554840 148.729523 210.512680 0.975058 14 232.057846 73.991798 452.592468 374.845337
006634,0.914874 6 147.710861 213.361588 449.498352 336.418762
006639,
006640,0.629766 14 16.452721 22.586092 232.371857 493.939819 0.822126 14 17.389299 20.528852 137.739548 496.045654 0.639833 14 106.514984 46.200871 230.964508 486.157532 0.692931 14 124.820160 47.202839 228.812042 487.854370
006641,
006642,
006644,0.897331 14 220.339691 84.508072 324.585175 374.930054 0.511213 14 278.438171 81.147476 339.257141 234.177963 0.951691 14 132.877213 99.753212 246.958145 375.671082 0.855917 14 221.760040 83.610535 381.319092 375.728699 0.961003 14 283.428070 80.827339 380.771271 374.703247
006646,0.652938 15 82.349586 318.511810 103.566536 361.857269 0.597981 14 38.049259 271.613007 80.449226 385.600555 0.676616 14 118.899826 295.297089 158.045609 384.872314 0.809392 14 34.459465 271.542053 81.472267 490.617676 0.854380 14 38.801605 271.374664 82.155266 396.975372 0.534982 14 125.151199 296.047302 158.343689 365.233337
006649,0.521833 14 162.618927 121.457680 192.261688 144.164688
006650,
006651,0.806596 6 30.884771 138.529358 75.140221 161.226898
006653,0.794271 6 30.147806 72.572624 486.889832 205.251282 0.741475 14 1.253238 152.222137 18.084400 187.548508
006655,
006656,0.827267 14 405.798828 6.098771 434.339844 65.363564
006659,0.544676 14 231.011398 188.928772 284.235107 267.944946 0.943539 14 220.284042 189.123749 303.600555 373.999695 0.981076 14 397.228516 142.021545 498.908600 373.314819
006662,0.922435 14 218.125046 97.730133 302.283539 309.170441 0.951987 14 32.890259 127.336006 162.232529 375.243896 0.664643 14 220.197266 97.647987 303.293335 305.211975 0.684096 14 37.971569 128.976639 159.162231 334.034546 0.810159 4 259.045563 193.572922 290.414825 308.846313
006663,0.625042 14 89.644653 9.632639 125.329613 80.470390 0.597693 14 52.860466 21.560301 173.239166 176.957657 0.700586 14 333.996124 9.437215 398.373962 98.478638 0.582040 14 32.707184 97.388031 63.455746 138.763290 0.609128 14 58.902210 11.921103 171.817032 175.968460 0.535573 14 322.185059 20.540932 480.284851 149.253571 0.925070 14 226.848663 14.212838 292.202942 93.772881 0.512895 14 59.424324 21.443111 116.296516 159.413452 0.728110 14 10.217175 66.946327 92.137573 258.473083 0.912784 14 330.156189 10.794887 404.785431 131.668808 0.683887 14 92.002151 11.044744 171.710907 155.994888 0.530570 14 53.208977 15.582767 200.498734 313.059113 0.683341 14 87.707954 11.147186 130.401825 97.635841 0.870555 14 10.449193 20.430445 199.934418 313.250366 0.537391 14 54.830120 22.273935 184.291534 283.258606 0.571357 14 321.116272 19.634392 497.176422 223.341507 0.590477 14 68.005920 21.301119 113.297943 92.538338 0.954579 14 318.625702 19.145588 499.888428 288.447571
006665,
006669,0.679506 14 30.873884 89.126030 49.088249 133.716385 0.590992 14 1.014547 94.597641 14.339566 118.794464 0.962090 14 19.363199 87.168533 48.189957 137.826553 0.542233 14 85.576218 166.909256 119.873482 196.830109
006672,0.944271 14 105.377258 15.834423 191.517059 152.578674
006675,0.931197 14 134.488342 129.770462 173.020752 176.697418
006676,
006680,
006683,
006685,0.856023 6 48.215195 140.901779 468.219391 323.678223
006686,0.732763 14 149.330460 161.019943 339.003510 365.330719 0.627854 14 473.754089 305.434662 500.077484 343.122437 0.624021 14 142.334900 161.929749 236.905502 354.588806 0.669502 14 39.873676 162.829941 337.321533 362.770294 0.866262 14 297.694550 145.268616 350.550842 218.296768 0.832889 14 140.795288 161.462036 234.071732 286.539215 0.824392 14 35.929783 163.440002 236.024567 348.586853 0.586092 14 142.580643 149.089340 444.641296 366.241638 0.501307 14 258.133362 148.319122 440.416168 325.086029 0.888717 14 229.144272 245.089554 261.176422 281.559784 0.509540 14 175.392120 147.123016 445.898926 369.656830 0.775258 14 252.711441 148.639786 477.769287 371.726135
006688,
006691,
006692,0.701357 14 26.276960 4.066381 291.291595 332.913208
006693,0.881237 14 219.042343 77.832993 242.653854 120.287483 0.532214 14 204.535507 100.637451 232.836044 128.458893 0.866460 14 129.347900 106.637703 159.329010 141.670746 0.779722 14 122.059021 78.899399 150.160934 113.486931 0.634687 6 307.498566 106.842209 445.898102 183.735931 0.614862 14 80.229317 81.342400 118.338249 175.748962 0.901690 14 363.529053 66.071678 391.716217 103.379044 0.891699 14 484.701324 53.698586 500.115387 83.026855 0.662937 14 457.148590 62.387230 483.978790 94.960495 0.750293 14 1.136126 97.320679 21.405386 175.551575 0.715033 14 117.705589 79.305351 159.321640 140.389542 0.632494 14 348.602112 68.704010 367.786591 94.246758 0.922236 14 433.671356 58.736366 458.414307 85.499779 0.847028 6 64.206360 93.157326 290.134583 218.611710 0.833357 14 32.254807 90.890297 61.593040 154.348663 0.534076 14 351.451752 67.397598 375.933289 102.969322 0.911038 14 2.140993 95.508141 29.843216 176.993301 0.818468 14 168.237457 81.850388 187.953842 100.989616 0.655923 14 70.937920 117.398369 99.170761 152.320587 0.681522 14 167.492661 81.612785 189.549652 113.514015 0.924299 14 85.708992 79.966835 115.359413 123.198944 0.751196 14 1.946830 95.306465 27.359650 130.111526 0.585796 14 120.601311 78.708809 157.461685 132.303589 0.676522 14 68.230438 116.143761 108.940392 175.002319 0.864164 14 35.846016 89.783730 62.546799 130.515930 0.830717 14 246.063278 75.439171 265.394257 109.072479 0.954135 14 270.742737 73.971703 301.227905 152.250229 0.949768 6 307.203888 78.673706 499.965912 181.289597 0.508139 14 307.555573 75.797928 324.540039 106.090431 0.718408 14 306.940948 76.468201 325.234863 126.254898
006700,
006701,
006705,0.798064 14 189.820099 130.746979 227.266632 162.166458 0.906753 14 186.061615 130.057892 288.301819 194.075027
006710,0.930352 14 204.571472 85.552185 285.025208 374.490997 0.958658 14 409.345459 107.179008 469.300140 255.662354 0.733851 14 414.845917 147.588104 452.375092 257.074127 0.567038 14 204.270340 86.819016 286.390625 245.019257 0.915862 14 105.673180 56.901802 221.974030 313.406830 0.799338 14 212.886932 65.029831 471.902557 374.911163 0.548070 14 270.809814 65.672516 424.787811 304.408112 0.906390 14 271.597473 64.800865 431.196716 374.955597
006711,
006712,
006713,0.654854 14 115.976746 215.170837 263.928314 497.322601 0.930007 14 197.809235 271.225677 267.426880 497.889465 0.905414 14 8.924125 256.622375 110.660782 498.280884 0.867761 14 115.911942 129.021561 268.586060 500.511871 0.702191 14 10.211344 258.654602 104.304092 447.884857 0.702142 14 119.231583 213.256165 208.531769 496.614563 0.582680 14 117.547150 215.342468 269.526489 497.988098
006715,0.574206 14 149.768799 174.759354 170.903976 282.934662
006716,0.557214 14 104.701698 113.667191 156.919266 213.126984
006717,0.532656 6 125.471947 146.535065 231.820938 236.006012 0.635374 6 125.726341 190.489532 228.799500 235.635498 0.868638 6 127.851891 193.399002 199.700104 235.550812 0.927270 6 302.197601 158.978394 356.976959 197.527130
006720,
006721,0.504378 14 214.257889 171.941116 237.777054 211.955414 0.564376 14 210.106781 174.839493 248.941528 266.549988 0.695295 14 139.547302 164.358566 170.400635 232.557404 0.506943 14 97.536964 105.022087 126.812546 145.100052 0.668303 14 160.074554 160.325684 196.201736 204.005798 0.609372 14 94.971321 105.453079 130.219635 173.474777 0.511716 14 138.917450 167.195160 173.578140 242.384949 0.539414 14 142.028656 163.321411 168.709518 209.827469 0.719113 14 213.356033 171.929794 244.909119 227.142899 0.859906 14 96.777534 106.196274 129.578445 167.552948 0.569916 6 1.272276 99.937767 131.959854 199.245926 0.556938 14 149.098557 160.145752 197.249817 208.110229 0.692562 14 210.345215 176.655914 248.234421 267.577972 0.634620 14 218.217545 177.801910 249.159927 252.231720 0.538675 14 93.216187 104.623024 125.993881 168.724945
006723,
006724,0.607329 6 119.985802 60.071457 425.095612 170.434219 0.763049 6 107.332382 127.667732 455.999695 284.999512
006728,0.520330 6 2.505440 31.300842 106.453491 75.819977
006729,0.964959 14 54.286823 20.930548 240.724075 333.622894
006732,0.545693 14 5.309336 3.604375 247.601532 375.091736 0.839967 14 244.976166 2.621066 445.988464 375.019409
006733,
006737,0.970311 14 233.832275 35.420467 344.389282 273.245667
006741,0.760341 14 190.609680 277.337402 213.267227 306.833435 0.899739 6 70.417923 152.896103 374.405090 320.289368
006742,
006743,
006744,0.737804 14 122.825668 123.620476 389.072296 375.726929 0.955692 14 84.391937 3.903396 490.610596 375.819244
006745,
006746,0.921047 14 297.309113 95.434715 323.086273 191.552811 0.928257 14 262.568085 98.738037 300.756592 220.561386 0.967283 14 121.363800 39.379112 258.609070 335.299866 0.610275 14 300.624207 94.554169 323.262207 158.928040 0.925600 14 330.678253 92.379692 357.040924 167.296356 0.619714 14 290.270996 93.579300 310.638672 193.354050
006749,
006750,0.650241 15 172.150101 48.141346 204.054443 83.817238 0.567981 15 158.252029 49.163815 181.419647 86.045670
006752,
006754,0.631635 6 30.637339 49.613579 368.863525 139.788940 0.786870 6 31.779312 92.035324 163.718307 157.814896 0.663455 6 34.668507 89.956375 227.410645 220.331421
006756,0.611122 14 62.312767 146.409714 141.288162 295.064941
006757,0.890565 14 270.470245 18.646278 314.958557 54.273281 0.928041 14 55.751759 30.484240 74.794899 76.449432 0.921942 6 1.515213 43.429382 52.647778 113.675552 0.849492 14 76.509918 27.205099 95.638771 53.282379 0.704747 14 1.316934 23.794292 17.424286 46.210171 0.679819 14 97.463089 27.446671 112.429726 56.229359 0.809160 6 65.706566 46.898643 405.436829 206.216278 0.786997 14 35.766533 29.050442 53.361580 59.676945
006758,
006763,0.525200 14 262.749817 107.235306 307.103363 184.015579
006764,
006767,0.973356 14 245.303421 128.632614 326.145020 308.598511
006770,0.735913 14 162.560455 155.681717 184.397842 184.595978
006771,0.702164 4 252.594650 217.220963 271.111664 252.479599 0.598848 14 3.015846 79.558502 151.751205 332.507751 0.907216 14 365.425690 109.144798 499.431274 331.785675 0.643418 14 349.006165 68.112122 413.954376 217.231796 0.725700 14 156.772293 66.650833 244.032944 225.181793 0.942966 14 231.008331 64.563858 296.863373 189.911926 0.874780 14 111.961128 64.580376 243.334946 333.147583 0.962934 14 2.857201 79.057762 137.906754 332.856018 0.515890 14 156.261627 67.254745 214.194305 228.029037 0.702755 14 222.164429 64.949059 298.886993 332.575378 0.576683 14 227.708466 66.073174 297.875061 248.553345 0.950941 14 349.792603 65.860802 411.578064 184.425323
006774,
006775,0.933202 14 91.582634 10.525023 242.370926 294.395874
006776,
006778,
006779,0.605703 14 288.889374 15.879217 331.445679 50.077839 0.536403 14 176.658844 15.348997 303.937897 191.883621 0.622616 14 291.304565 15.116873 357.311462 124.379318 0.741148 14 206.086792 13.834343 441.021637 192.358795 0.559724 14 302.738831 27.241535 395.875092 176.561447
006780,0.877440 14 35.960979 21.495447 196.604553 468.045776
006785,
006787,0.594317 14 28.266865 87.039536 112.507423 315.733887 0.514113 14 3.236253 11.513144 240.920914 471.066803 0.678677 14 18.712013 83.250626 144.638062 459.879150 0.632638 14 43.001236 20.613119 238.168213 450.419739 0.681495 14 109.555473 18.593088 238.326935 300.430237
006788,
006790,0.957372 6 276.737793 185.815323 488.571808 304.106934
006791,0.604353 14 89.947029 24.556524 151.540359 103.977959
006792,0.888502 14 1.752189 169.272278 81.013153 498.876953 0.807882 14 83.682426 172.951080 175.222931 440.705536 0.762026 14 0.714180 16.007215 83.414299 501.622192 0.712971 14 81.003586 172.401337 225.692398 438.629181
006793,0.690565 14 129.211975 10.821329 187.131256 140.988235 0.901191 14 112.972198 10.802706 186.576675 165.087128
006795,
006796,0.748303 6 3.345504 22.509516 159.340240 77.663551 0.789789 14 420.733795 14.103675 453.099060 73.737686 0.598441 14 365.209900 33.579647 387.222870 71.516548 0.898130 14 135.828674 29.158392 344.497742 211.164276 0.851295 14 340.799438 29.413736 364.465485 72.372032
006798,0.582333 14 97.478279 291.817017 118.643814 355.539734 0.641040 14 1.650416 296.436249 19.885925 349.616180 0.634214 14 114.360649 61.191086 139.022736 180.298828 0.545839 14 90.496590 54.358727 118.446640 212.589447 0.501833 14 98.964928 306.826965 122.377998 394.403961 0.806180 14 98.944321 289.545441 115.468338 329.403259
006801,0.652789 14 437.367859 175.874496 499.642303 280.608734 0.681383 14 387.403595 176.141388 473.173859 280.732635 0.529397 14 235.872513 229.365646 279.851562 281.438324 0.511876 14 375.810455 175.402618 486.808014 279.990082
006804,0.548855 14 133.935806 164.271362 183.701111 300.539673 0.823341 14 254.561737 175.488541 276.563477 222.527664 0.722697 14 148.869202 164.511581 175.544785 211.011932 0.617928 14 171.727097 140.422577 218.112762 263.813843 0.881828 14 113.967331 263.065979 198.978775 458.855499 0.670587 14 115.396782 173.128387 196.729523 465.515900 0.862308 14 134.225998 185.860580 189.641617 309.495178 0.527812 14 130.219681 163.324814 185.458008 333.682129 0.783681 14 171.139496 140.622955 218.522186 301.973114 0.722966 14 172.691452 138.256989 216.360733 221.061157
006807,
006809,0.561477 14 403.202789 65.437653 426.517822 139.436752 0.908274 14 130.676086 97.912819 283.525452 374.392029
006811,0.533631 14 108.232689 13.982642 188.949493 194.390747 0.675343 14 118.927574 15.035933 189.840927 206.815094 0.829472 14 107.847214 15.296206 196.000336 214.998962
006812,
006815,
006816,
006817,
006818,0.543285 14 231.308884 186.254913 268.275330 226.939423 0.535047 15 50.883419 27.453096 89.530060 101.117386
006820,
006823,0.568767 14 160.379181 51.862602 350.447662 339.117126 0.818250 14 183.760910 51.595039 347.777039 328.325104 0.642344 14 227.530243 52.494629 345.657471 331.920013
006826,
006830,0.877808 14 185.866425 93.503670 291.405914 365.566711 0.834387 14 331.912109 134.146286 449.680573 373.585266 0.627409 14 226.134537 132.339706 338.564941 370.330780 0.647502 14 1.721485 95.164589 44.790550 191.928513 0.599957 14 62.048256 94.656219 288.856171 374.312866 0.919990 14 1.438432 95.090660 44.497185 225.714844 0.816706 14 67.270836 119.779510 219.459442 375.508179 0.727364 14 55.963852 119.748474 223.108170 376.040558 0.649025 14 1.407292 94.731529 111.985252 376.283630 0.631624 14 187.472656 95.442574 455.340576 374.754211 0.954537 14 231.789978 132.503632 450.598145 373.855499
006831,
006832,0.779068 14 88.570145 2.955081 318.209503 312.484344
006834,
006837,
006843,0.969606 14 231.607117 100.601501 265.592346 180.050751 0.673130 15 166.572189 135.297073 190.095093 176.424652 0.743672 15 277.393127 139.530014 309.367279 172.301804 0.675324 15 394.466980 101.608444 432.782379 141.351685 0.674599 15 58.187717 112.215096 81.186035 137.009186 0.668848 15 135.773666 107.322075 161.369339 134.558075 0.763261 15 196.037750 135.537979 226.820129 176.311264 0.684491 15 258.185699 93.659561 287.266937 125.072479
006846,
006851,
006853,
006854,0.764141 14 4.117540 7.740628 74.979233 93.279045 0.598390 6 318.280609 22.972029 374.522217 85.675392 0.721207 14 3.494421 8.802041 53.471256 120.120567 0.859599 14 41.042744 10.984384 75.009857 56.410400 0.883759 14 4.475708 9.493105 47.373856 77.559258 0.819179 14 261.250458 13.421617 281.064514 39.076122
006856,0.900885 14 147.843445 122.599449 277.720032 427.494690
006857,0.871260 14 440.260834 123.434265 500.480591 332.971283 0.822302 14 442.375854 122.552216 500.229187 221.853470 0.537329 14 140.770493 137.718964 265.462921 332.758026 0.683220 14 124.418678 104.962105 267.873138 333.400909 0.535378 14 79.719406 150.951477 100.734558 172.550339 0.507893 14 45.654259 145.142197 64.310852 176.138046
006861,0.623779 15 177.365295 146.149231 269.790070 273.373779 0.755627 15 261.530762 184.816681 318.827942 243.385803 0.978512 14 349.450653 2.536678 500.084747 334.099976
006863,0.806796 14 390.877686 120.703247 469.676636 256.607880 0.527929 14 383.220612 125.878036 414.065552 167.204346 0.906845 14 295.968658 123.623840 358.586060 197.609009 0.894849 14 411.619354 120.576126 464.670654 249.077744 0.817761 14 199.702820 112.038895 240.763672 160.639603 0.783222 14 409.489868 120.274193 466.154114 202.106247 0.512994 6 1.753081 143.803589 77.778549 197.785126 0.604277 14 410.723969 119.530373 441.198212 154.622437 0.509328 12 137.532333 129.620468 427.603119 285.124664 0.861620 14 204.166351 112.700554 236.279404 150.847015 0.591680 14 276.709229 123.825974 366.271698 274.000977 0.740199 14 294.584503 123.419876 331.314453 175.526505
006870,0.689369 6 1.947792 0.482682 52.601376 39.109875 0.745764 14 281.384521 118.995667 345.995544 241.841309
006871,
006872,0.840714 14 245.218124 102.286819 293.558990 204.780518 0.640369 6 1.428694 200.029892 80.719780 304.519104 0.536522 14 375.811096 70.366943 409.981903 183.821915 0.569582 14 238.775986 100.772423 291.114777 261.314026 0.677157 14 377.248474 71.712532 419.499451 229.982346
006873,0.541272 14 211.659760 40.496330 313.337189 146.673279 0.958001 14 210.833694 41.260635 318.912720 213.183533
006875,0.615147 14 127.103035 81.199661 246.479813 326.894379
006877,
006879,0.545718 14 36.537617 91.852196 203.305542 304.005585 0.778969 14 30.046432 58.263012 82.919708 181.564087 0.844298 14 36.331028 58.051846 80.599571 173.186508 0.506877 14 121.895439 48.449234 143.767929 104.970886 0.926074 14 1.286558 130.396729 23.991007 195.621048 0.525267 14 36.101852 90.570572 203.652176 449.235321 0.516400 14 29.925938 58.042065 84.645027 268.414978 0.760308 14 36.085995 94.030609 181.631454 303.880493 0.717206 14 37.714077 57.788303 85.140160 173.391434 0.786392 14 29.604927 59.507915 90.952301 303.222412 0.618786 14 34.261330 81.646782 324.183624 449.087494 0.553868 14 9.685472 129.470444 27.900640 191.740311 0.944669 14 174.769394 81.607430 326.515503 447.718048
006881,
006882,0.561110 14 8.355782 82.401093 162.307510 319.728577 0.624388 14 380.026031 93.505447 420.161438 162.360168 0.850063 14 55.388210 124.055908 173.718948 349.843964 0.798894 14 383.661377 92.045547 403.551819 122.921036 0.858804 14 382.375397 92.471619 416.161865 137.560318 0.817362 14 4.031941 81.165321 171.498337 368.577484 0.600712 14 3.086671 80.999046 167.740723 369.685028 0.820088 14 13.935738 125.974571 163.829620 348.228577 0.511616 14 378.314056 93.093414 419.365265 162.886505 0.764790 14 232.714661 192.950089 370.979431 374.652679 0.944028 14 352.427002 97.453636 375.444366 125.812637
006885,0.729659 14 138.947571 169.788162 166.321579 204.692429 0.797794 14 113.098442 156.390930 136.803665 182.630905 0.944853 14 250.972839 151.581619 283.085083 200.134842
006888,
006889,
006890,0.522783 6 2.607897 37.635132 357.557831 309.942230
006891,0.651638 14 46.492489 111.381889 170.401917 273.949646 0.547992 14 1.135638 140.266373 32.548435 284.171295 0.793644 14 1.078079 138.939651 35.022133 375.288422 0.848007 14 47.965511 110.549019 161.509842 375.647125 0.874607 14 47.487228 111.539330 223.762131 375.757202 0.743308 14 1.216426 140.171234 19.930933 198.337158 0.871300 14 215.690674 8.924894 458.083557 375.723663 0.525348 14 57.953892 110.749771 134.524445 374.341187 0.715825 14 220.354919 49.373993 401.376953 375.429413
006894,
006895,
006897,0.574893 14 80.991272 51.158024 110.415718 118.418053 0.838735 14 242.041077 247.100235 267.976257 326.637634 0.808266 14 144.067261 104.896408 245.782837 331.746216 0.614775 14 306.318207 10.908480 337.846832 132.309952 0.834121 14 133.461777 103.663437 229.199463 268.970428 0.563380 14 68.903831 106.361282 249.096283 346.527161
006898,0.900323 14 216.848373 278.299957 263.011261 343.507782 0.580068 14 9.182116 359.082947 59.811932 498.812256 0.952046 14 16.392750 361.583710 60.558960 443.438293 0.536758 14 218.986313 280.460632 305.157867 441.190704 0.774191 14 217.772125 279.372345 304.252502 381.328583 0.863497 14 219.021408 281.613312 306.703094 447.660889
006901,0.812193 14 274.131683 55.387943 349.700531 197.133057 0.978404 14 115.593277 40.990032 218.209442 212.051544 0.910155 14 263.214355 56.021816 395.686493 204.549545
006902,0.611312 15 308.685394 17.705013 398.854889 109.516251
006904,
006905,0.643362 14 1.307242 2.651051 204.968002 375.880615
006906,0.626070 6 1.890290 218.170273 117.533524 335.405975 0.589132 14 273.816223 41.195259 311.033539 102.441002 0.936764 14 328.667633 234.711441 448.764191 374.503693 0.977329 14 428.136749 122.663116 473.705566 198.950836 0.838249 14 143.714600 163.611404 282.787109 372.612579 0.881645 14 79.707695 51.515400 139.560120 245.528183 0.922328 14 1.535680 61.777824 72.662819 256.492371 0.714807 14 75.978592 47.458302 367.048279 375.138580 0.837307 14 79.521454 49.611980 132.425125 148.768829 0.658854 14 1.734227 60.732258 68.778511 185.394897 0.779388 14 112.483383 81.064484 350.305450 374.889038 0.975166 14 358.839966 149.218124 406.382996 216.136902 0.909095 14 177.681061 59.627335 207.172699 116.000626 0.925373 14 377.194611 234.742599 451.176666 373.329285 0.759102 14 256.896088 41.588589 336.543488 374.539429 0.627926 14 271.449249 41.047081 312.318726 110.728470 0.505286 14 272.387909 41.373833 315.209747 120.650978
006907,0.899860 6 28.429415 323.289734 230.772476 419.167206
006913,0.898230 6 41.767418 88.681519 444.828949 177.401184
006915,0.589827 14 321.979065 0.250272 430.263245 205.436798 0.792361 14 314.385773 2.078846 430.794525 374.600128
006920,0.688958 14 195.009888 89.007347 243.854279 189.664459 0.648514 14 36.012260 115.037361 88.721725 246.926865 0.728067 14 277.936707 109.602943 337.060913 225.728394 0.609743 14 1.239968 96.317833 24.655182 182.418594 0.526910 14 114.467918 124.874962 182.749176 260.812683 0.671893 14 1.457037 95.984306 51.932201 191.801086 0.643932 14 191.174683 87.108307 246.819611 195.809158
006921,0.639133 14 220.232651 134.600082 261.768219 192.027206 0.923339 14 71.897903 210.299866 135.218796 305.781952 0.519376 14 172.945984 144.576431 255.188828 298.481262 0.644094 14 215.217606 135.411743 266.998688 278.092468 0.587594 14 232.900711 127.338699 333.733063 325.814240 0.648588 14 243.668076 124.452911 327.520660 291.171417 0.972603 14 315.590790 116.019440 389.089539 327.581482 0.760730 14 255.930603 122.881340 298.273376 189.747986
006923,0.770873 8 155.644135 148.190216 209.705902 267.848511 0.677884 8 158.413116 148.878403 209.153748 261.525604
006925,0.589118 14 238.732986 165.271790 255.709473 191.641556 0.574790 6 213.736252 166.284241 246.531494 188.382172 0.726307 6 173.506332 170.464859 208.093475 193.339508 0.941480 6 2.591886 170.885040 105.782669 226.659424
006926,0.729444 14 22.055923 75.247047 298.902008 447.990967 0.921718 14 29.669508 75.309616 199.140976 446.113556 0.663026 14 227.698517 80.733994 322.860168 439.641968 0.864652 14 243.112808 106.718918 375.464264 444.514160
006927,0.715988 14 267.326721 120.181961 462.273010 374.301025
006928,
006929,
006936,0.962061 14 237.135971 55.169083 350.153656 334.383301
006937,0.724768 15 86.094017 127.285599 148.137466 263.277039
006938,0.757674 14 105.735283 89.771332 336.649109 283.858795 0.868777 14 399.367371 122.434395 499.614441 273.540985 0.743569 14 410.684235 224.528275 453.507660 265.835632 0.759273 14 107.488777 89.776344 260.966156 282.406921 0.754437 14 5.558848 90.483032 322.985352 282.998840 0.909351 14 3.609262 117.052521 132.431244 282.695740 0.932425 14 399.145538 125.716072 495.405243 246.660706
006941,0.743348 14 157.875153 145.365707 224.012695 226.676163 0.721702 14 114.970634 120.271011 163.997101 178.548950 0.950689 14 330.187256 138.513992 445.082367 374.079132 0.811602 14 95.867439 122.881592 170.009293 286.831818 0.734587 14 105.466682 121.494156 148.608383 182.897186 0.782754 14 296.127319 144.691055 346.952148 282.211029 0.675396 14 373.946838 140.184509 445.587524 283.328552 0.591152 14 387.412537 92.995872 427.667603 185.626984 0.559235 14 389.161774 82.463150 431.929291 156.556366 0.607000 14 59.170208 127.332611 177.827209 373.955627 0.675641 14 146.972015 148.030777 226.855469 301.813538 0.837843 14 2.270669 163.224457 82.959557 374.066956 0.917740 14 151.209473 146.593536 226.801956 246.324112 0.678612 14 76.461952 130.623322 185.139786 373.637115 0.847279 14 413.201019 78.435745 445.125366 122.044022 0.687794 14 101.921783 121.935211 166.238800 215.253983 0.952865 14 3.666021 164.469788 183.077103 375.838013 0.501964 14 150.681137 183.602783 180.887192 257.598175 0.843447 14 84.026352 151.063751 180.151306 292.592621 0.595080 14 168.457550 145.805817 215.468033 207.344330 0.511836 14 71.730164 153.211655 167.884750 309.835052 0.762814 14 144.635437 177.512390 181.079361 287.071472 0.514789 14 102.168007 122.192078 163.490845 226.247910 0.933152 14 281.748932 133.372208 443.764465 373.989929 0.923704 14 296.158264 146.449020 344.055054 210.143539
006942,
006946,
006951,0.671829 14 170.262482 82.352455 313.071320 252.401596
006954,0.557982 14 35.618195 86.528542 211.283798 322.071472 0.708320 14 129.830185 80.676636 296.497040 374.649384 0.648826 14 29.011190 7.212639 327.282898 374.975159 0.579804 14 29.751986 84.107071 211.961929 375.069031 0.510191 14 3.838956 5.722515 349.560455 375.586853 0.644496 14 25.254913 7.500909 270.666626 375.088867 0.613100 14 128.872757 6.381970 348.986176 374.515198 0.581840 14 190.341675 68.898186 348.746338 375.245026
006955,0.741892 6 322.676208 116.691544 435.460052 149.793945 0.610467 6 310.044006 100.500519 436.662659 148.714447 0.553411 6 49.240246 162.217133 471.738159 331.596649
006957,0.935937 14 352.819336 137.096741 499.555878 374.164124 0.687904 14 137.959778 177.943481 367.180420 374.410706 0.688666 14 228.501419 177.954056 303.276581 373.285217 0.867046 14 136.596588 176.215378 302.966644 374.781281 0.555882 14 137.350739 232.684921 291.266663 374.466034 0.849772 14 345.552826 137.896820 452.169861 355.644043 0.948494 14 273.558044 204.215576 374.195770 374.479309
006960,
006961,
006964,0.846886 14 341.791931 71.649612 487.574036 252.913040 0.592024 14 267.957062 47.876278 353.493408 250.385818 0.507001 14 146.561264 26.942230 215.301819 95.974411 0.504806 14 178.931564 60.930523 339.404144 253.186539 0.832146 14 42.072311 23.764975 187.945648 251.888458 0.627759 14 269.078094 48.171547 418.090973 253.038971 0.721262 14 65.386177 24.118948 169.578094 249.156738 0.795654 14 269.791962 54.829193 491.435638 252.782379
006967,
006969,
006970,0.797575 6 2.538655 285.043610 251.755798 406.119751 0.560370 14 69.785370 356.859436 88.724503 385.035278
006973,0.583318 14 296.214447 7.916910 423.076752 186.810471
006974,
006975,
006977,
006978,
006979,0.657537 14 49.910095 37.554638 150.057724 498.281830
006980,
006982,0.968124 14 218.354614 100.858696 280.538483 216.845200 0.939142 14 329.056366 93.944504 356.208069 154.272797
006984,0.518218 8 143.977615 242.538605 250.202393 299.883820
006985,
006986,0.525479 6 1.159071 28.204475 63.767380 124.777542 0.843312 14 47.107933 31.893848 130.597473 455.842102 0.891063 14 48.817734 29.492929 191.840027 491.468323 0.824128 14 119.831001 29.631645 190.387146 492.597504
006991,
006992,
006993,
006996,
006997,
006998,
006999,
007000,0.579247 14 99.348946 16.339705 367.883850 375.068695 0.657154 14 97.770882 16.876326 383.843964 374.606476
007001,
007005,0.555092 1 31.479761 209.488480 152.619995 324.065308 0.669270 14 128.155777 151.356613 247.191742 366.899414 0.707734 14 174.692444 150.630478 248.049194 361.003387 0.555570 14 179.972580 154.929688 214.275360 211.290436
007010,
007012,
007013,0.571419 6 281.481384 160.717590 480.051514 332.605865
007014,0.527965 14 178.570328 286.551483 205.490891 347.066559 0.883228 14 181.225143 284.932190 206.624298 342.064819 0.761521 6 17.015934 244.884705 393.677887 339.974030
007015,0.900522 6 108.257935 96.524704 424.798798 235.259018
007017,0.907928 14 15.481241 90.917442 214.658356 375.878479 0.859192 14 14.875293 91.024986 190.816849 375.642395 0.943761 14 195.701904 67.265610 328.798584 375.093353 0.973296 14 311.261597 109.816353 462.098297 374.109589
007019,0.848346 14 390.917389 104.026993 466.765778 221.463455 0.564573 6 390.500183 177.797836 482.699158 230.217896 0.646011 6 391.845520 176.687332 482.821167 221.137589 0.501045 14 391.941345 103.964279 468.850830 257.055389 0.937125 14 255.377716 50.866360 395.476807 335.652466 0.548648 6 391.950409 180.278244 492.314117 264.449707 0.908085 14 389.245148 103.543289 464.290131 205.579559 0.596625 14 254.466980 50.881512 394.385010 296.189087
007024,
007026,
007027,
007028,0.550507 14 88.564720 14.797625 276.244781 323.648041 0.824532 14 254.018402 26.115250 381.751923 263.926697
007030,0.540968 1 35.779850 202.591919 191.645142 300.618225
007032,0.579629 14 327.218567 292.796326 354.015991 331.052734 0.612983 14 6.304354 34.045906 154.329605 302.909607 0.599764 14 89.888168 9.515684 411.436798 350.012451 0.639686 14 78.474304 38.995720 155.262375 299.432861 0.794482 14 239.398666 2.747912 412.924896 343.691956
007034,0.826088 14 110.514030 16.232016 186.262497 148.457428 0.503922 6 3.085881 18.986629 464.371368 383.663086 0.848122 6 3.034055 72.812531 466.720612 377.606232
007037,
007041,
007043,0.653075 14 1.348298 63.873051 65.663162 210.218994 0.602024 14 2.590358 64.647018 120.682068 205.610916
007044,0.708044 14 97.508278 165.561996 139.313217 326.512573 0.796795 6 0.826876 144.798553 19.755146 178.817749 0.973514 14 126.643303 120.736282 202.624893 453.939789 0.979028 14 38.197960 137.134552 83.750046 296.078430
007047,
007051,0.591913 1 213.490601 303.380920 368.359344 484.586670 0.682377 14 151.120102 213.684738 270.577972 365.160034 0.858783 14 150.379532 212.219360 204.736572 365.218353 0.639046 14 152.822845 214.778580 270.528229 450.550110 0.901696 14 178.326279 215.342468 265.899963 366.544556
007053,0.529435 14 207.572815 34.908154 296.133636 127.007385 0.970992 14 353.207458 108.133224 484.829315 329.677765 0.769282 14 290.518158 120.648201 460.160736 330.695770 0.789445 14 203.127594 34.331223 299.070679 144.200073 0.965130 14 153.946304 116.111481 269.055573 330.772003 0.940443 14 21.854118 93.471451 170.961166 331.629517 0.521606 14 27.038183 251.945816 118.418083 331.146332 0.909730 14 256.298401 111.525093 416.773163 331.687531 0.876279 14 258.574951 112.774063 469.648315 332.463257 0.654991 14 271.014435 109.003632 325.545593 171.640625 0.564567 14 259.251312 106.716026 486.598053 332.390961
007055,
007057,
007060,0.961336 14 184.790466 90.935905 271.572540 225.702423 0.521675 14 484.943939 37.540558 500.015625 52.133343 0.911476 14 455.231262 27.377569 484.002899 53.264465 0.880469 14 407.561371 33.823685 430.157318 53.513176 0.868556 14 374.263123 29.904230 397.566437 52.250317 0.521802 15 214.798981 232.225021 273.038971 279.723938 0.668304 14 443.916107 31.281780 464.356995 53.069996 0.893688 14 333.882080 84.880249 372.909668 114.491508 0.657512 14 355.762146 28.595581 376.992676 50.631439 0.683290 14 352.639709 28.934475 376.449066 53.310249
007061,0.633811 14 6.401866 126.532364 31.848904 152.983887
007063,
007066,
007067,
007069,
007076,0.701080 14 88.445320 73.616302 125.228722 109.104614
007081,0.823662 14 35.826237 86.497879 223.630630 374.315857 0.699496 14 152.926941 84.301094 494.572052 373.966919
007082,0.655858 6 204.030304 185.880630 271.014862 217.187912
007083,0.875623 14 28.953121 118.976265 168.004364 428.900574
007085,
007087,0.548754 14 385.575317 80.426674 414.130432 128.344940 0.572242 14 377.973877 79.632072 417.396820 207.934052
007091,
007094,
007096,
007098,
007099,
007102,
007103,0.945447 14 115.077507 267.820312 185.914902 379.342804
007106,
007107,0.634859 14 276.217651 204.968079 296.541748 228.948624
007110,0.623322 15 175.107635 87.329834 197.602295 122.556984
007111,0.712912 6 102.074577 134.065826 433.731201 226.815857
007112,0.980352 14 66.871300 73.381752 106.949043 138.695267 0.848796 14 270.460266 98.374283 302.812195 117.026031 0.909808 14 209.317093 71.760361 234.522247 103.742371 0.807359 14 20.333662 72.854622 45.615250 106.801727 0.968894 14 120.542664 66.104485 158.122345 119.999352 0.588852 14 388.288361 73.446999 423.876434 98.033272 0.725686 14 52.263729 73.302429 76.055939 137.644730 0.939249 14 31.513956 74.036934 63.157425 137.210281 0.951001 14 284.541779 65.739662 324.256836 94.001022 0.959450 14 177.270584 69.901764 206.485443 115.465843 0.669224 14 208.435089 71.878441 236.459137 124.398376 0.692869 14 116.722404 65.033585 145.614624 122.030251 0.932884 6 80.072281 76.569069 427.614105 167.098312 0.581431 14 280.916962 65.931190 322.271851 109.454178
007115,
007116,
007118,0.627029 14 180.067596 89.597672 300.721954 334.628510 0.701921 14 262.282288 95.372391 303.033997 273.319641 0.729246 14 360.296692 37.839691 397.186554 177.004074 0.514865 14 151.804199 78.327515 210.771530 331.980621 0.664580 14 174.342941 85.190475 232.817017 335.343323 0.567340 6 297.159576 95.722702 393.346588 154.565308 0.553306 14 183.832809 79.267242 233.605164 289.258698 0.692222 14 173.882172 18.227930 303.287415 334.040344 0.929794 14 50.680870 104.649826 132.855820 192.476227 0.555796 14 154.647919 77.004715 180.872177 116.572716 0.697899 14 324.406799 80.473366 347.015991 163.265747
007119,0.769303 14 29.828466 1.772940 254.879242 493.804291 0.529423 14 29.970634 4.032359 255.600296 466.271454
007120,0.966336 14 416.521027 127.903740 480.094360 245.805054 0.697003 14 392.771271 140.188202 412.332214 175.347076 0.528580 14 401.649902 144.686920 432.391571 203.408630 0.844440 14 479.424500 141.197037 500.101379 163.726547 0.764156 14 249.235611 160.519592 278.898041 195.924911 0.633331 14 400.417755 129.558975 452.105530 210.956985 0.670063 14 65.468262 147.123245 144.718018 247.419601 0.540871 14 94.770927 145.225357 143.693054 178.235916 0.948847 14 249.460358 150.625641 315.084198 247.368530 0.931321 14 399.324860 140.074585 430.079681 232.259201
007124,0.670731 14 8.385802 33.599899 118.279274 499.953339 0.591966 14 13.626550 33.019886 117.453369 442.272736
007126,0.638235 14 74.730644 135.606781 208.750549 221.385971 0.913393 14 187.261276 121.824684 299.099182 221.025330 0.621822 6 1.780313 136.730499 81.885414 221.884552 0.892275 6 2.873696 53.729504 135.650482 117.995590 0.637617 14 255.000916 138.911911 304.197296 223.955048 0.741131 14 422.031433 56.118557 453.006287 99.953041 0.884010 14 184.570480 121.834152 273.296356 219.615479 0.937013 14 76.901726 136.576660 212.446274 221.752716 0.776845 14 79.212105 135.097626 168.683701 221.781433 0.968891 14 312.812042 23.144026 412.039459 218.466400
007127,0.511232 14 2.940837 131.920273 39.232468 167.359711 0.925764 14 1.399217 133.039062 42.085686 193.726807 0.663003 14 112.393318 130.391098 131.101349 153.893723
007131,
007134,0.953545 14 373.335815 102.279671 411.635162 291.262085 0.550383 14 366.123779 101.832825 408.860382 242.088943 0.556064 14 202.032959 18.118673 332.731598 222.044479 0.860988 14 189.092789 25.189718 275.151062 217.884476 0.537646 14 311.015656 102.979401 362.875977 272.395996 0.806747 14 341.073029 103.836578 374.884705 261.781189 0.565755 14 246.811188 17.226036 329.326843 213.694946
007135,0.592851 0 211.091080 117.360931 309.073822 150.820068
007136,0.569596 14 34.882481 312.490051 64.733330 362.645874 0.832177 14 16.024073 202.103653 92.932762 403.586578 0.969370 14 128.119629 87.014282 182.540222 240.272476 0.564406 14 1.115244 95.400703 102.795822 407.166229 0.935170 14 286.564240 147.427643 397.224243 309.389862 0.943537 14 38.915081 201.799896 91.615524 355.308289 0.572824 14 285.944061 146.513153 330.251251 223.577301
007137,0.797917 14 129.325623 150.394913 267.295898 330.507141 0.547379 1 259.564514 155.679825 319.240143 208.108322 0.728012 14 41.165905 44.780159 142.517624 324.491669 0.589157 14 7.992759 1.549290 183.454880 328.151031 0.588839 14 16.543112 0.787350 136.859055 327.165894 0.913044 14 170.061066 151.059189 266.247742 330.058014
007142,
007143,0.741163 6 21.888182 116.933449 384.544617 242.590454
007145,0.643335 14 129.600281 6.063235 350.596069 324.993073
007151,0.936234 14 164.990509 51.432198 307.718079 375.459686 0.572149 14 199.688568 51.593185 304.809265 374.373871
007155,
007156,
007157,0.880920 14 234.219330 135.663467 265.783447 174.469650 0.839507 14 234.297760 134.604019 269.484650 217.444992 0.925240 14 259.618652 124.161140 299.785431 217.861664 0.808969 14 262.754822 123.685127 298.119812 174.088104
007158,
007160,
007161,0.644673 14 6.863965 58.530525 275.644226 494.673004 0.585958 14 3.785288 58.205307 332.681763 493.422760
007164,0.913032 6 285.052246 240.387085 325.255157 267.474640 0.898841 14 197.111877 307.093536 213.647430 330.710876
007169,0.660081 14 118.864235 164.658798 130.874329 185.515213 0.661774 6 57.019855 146.529800 116.108047 184.027924
007170,0.899319 14 222.470490 166.631317 251.270950 196.619095 0.504750 14 247.780533 104.117439 330.997681 207.418274 0.519874 14 56.018059 151.706894 107.553307 206.782074 0.884811 14 2.669390 153.469208 119.266670 321.414062 0.572904 14 155.501221 161.045715 171.844131 178.104034 0.886967 14 2.818067 153.751816 110.054733 285.864288 0.917291 14 296.296783 102.612778 393.308472 217.947083 0.717383 14 271.940002 102.704147 395.728119 299.184326 0.853386 14 279.455048 113.985886 322.559082 213.918381
007171,0.817748 14 4.859351 2.480756 184.936142 333.254028
007173,0.759261 14 280.963257 78.406212 306.475433 110.280357 0.966237 14 346.706055 175.025925 370.089844 249.280945
007175,0.566463 14 124.720589 4.294259 465.721008 322.424255
007176,0.644548 14 53.630322 123.260345 138.107254 251.490799 0.949895 14 59.303253 121.307014 137.038040 226.027039
007178,0.896767 14 75.262650 106.701591 369.516846 374.493500
007179,0.977295 14 380.854919 111.420242 499.353485 331.096222 0.953834 14 3.572822 59.049465 188.590134 332.755280 0.890680 14 160.588211 79.723312 393.962311 332.763580 0.842469 14 204.012756 80.426216 391.403259 332.911469
007181,0.543920 6 124.594925 54.198624 154.600647 78.536514 0.966367 14 244.389572 86.770309 363.777771 282.975372
007183,
007186,0.983101 14 402.588135 146.097290 454.137573 301.538239 0.631577 1 166.094360 159.123825 244.241592 247.141281 0.984128 14 118.997437 95.637993 175.369720 274.072906 0.983093 14 26.502522 91.865211 87.294006 324.143219 0.975022 14 227.718918 135.813202 272.524139 250.350510
007188,
007190,
007192,
007195,
007196,0.604598 14 415.864197 149.790100 443.174286 184.704453
007198,0.758296 14 58.561916 277.574829 113.046852 330.489166 0.613333 14 238.381058 30.670439 255.805191 61.706680 0.645262 14 68.149742 278.236664 100.267799 323.036011
007199,
007201,
007202,0.588778 15 32.528385 117.443039 54.063423 154.235092
007203,0.515266 6 1.477674 185.914444 75.266167 283.081757 0.946842 14 270.193878 134.459473 380.298737 297.075012
007206,0.930396 14 213.971436 198.528442 228.834137 258.571472
007207,0.664633 14 194.585144 75.685402 254.718063 145.568527 0.769081 14 134.257843 76.541298 175.285675 114.482758 0.576132 14 33.685448 127.544746 133.540558 274.043793 0.544118 14 331.116913 110.354301 431.240021 266.939026 0.872499 14 108.849014 95.088623 139.047913 140.621185 0.519122 14 289.126587 120.503281 329.409302 196.523041 0.858132 14 215.200104 35.213821 253.270355 74.941788 0.890823 14 326.340790 110.082062 429.417297 264.305603 0.918711 14 103.956665 97.435112 204.041183 219.567291 0.678120 14 188.257309 75.317421 257.766357 219.704575 0.908607 14 310.269623 96.848442 370.159119 184.340378 0.750150 14 191.962860 74.618774 256.359009 185.298904 0.710445 14 120.311691 74.979301 192.604355 202.023041 0.878366 14 36.027863 113.869339 211.647400 256.318115 0.709273 14 302.488281 99.558014 433.008301 281.028320 0.845303 14 289.874359 120.624550 329.537476 171.990692
007209,
007218,
007220,0.969861 14 202.582993 154.239532 250.794891 251.994781 0.967423 14 238.769882 153.578217 303.215027 253.742859
007221,0.508687 14 281.757721 301.161469 314.807129 329.443542
007225,0.544441 4 297.716339 171.728729 337.837067 307.628326
007226,0.511734 14 348.541809 169.912735 381.519318 222.800095
007228,0.969791 14 19.073494 64.871254 181.274887 274.815582
007229,0.803183 14 241.334549 195.110168 257.247406 219.947357
007231,
007232,0.980162 14 13.433492 182.872208 54.331993 346.483307
007233,
007235,0.580754 14 188.162506 23.981289 331.104401 269.499115 0.752383 14 430.266724 8.798288 461.081909 40.898186 0.674943 14 468.301086 15.573340 495.627502 41.793468 0.870169 14 189.969574 22.098167 329.051758 257.463470
007237,0.586672 14 190.473602 52.503067 312.766174 280.640503 0.931468 14 94.899551 73.847588 213.665833 201.546051 0.647375 14 192.455139 52.884781 301.213898 279.487579 0.682391 14 149.900803 161.569458 188.694397 202.123398 0.710975 14 144.729752 73.012924 211.386612 201.384811 0.579738 14 168.712234 51.753681 365.694916 280.041534 0.835502 14 330.461548 50.122997 426.584717 198.625198 0.858467 14 259.983917 50.845116 428.180969 283.869598
007238,
007239,
007240,
007242,0.898669 6 1.274593 131.376572 62.412800 268.727844
007246,0.740074 6 347.226929 77.174141 498.737274 108.867668 0.539274 6 338.454559 79.062531 499.146149 111.855690
007248,
007251,
007252,0.933438 14 24.235331 14.142213 206.464264 222.444458
007253,0.609976 14 107.985321 107.147934 149.515717 298.015045 0.624394 14 82.143379 108.782303 158.125000 360.879150 0.750318 14 90.838058 108.203514 146.858170 358.537628 0.647677 14 73.092606 108.768181 155.659882 401.994141 0.676643 14 100.794968 108.728958 148.785309 393.163879
007254,
007255,
007257,0.552272 0 119.712685 147.277359 150.679489 171.867813
007262,
007264,
007265,0.878936 14 91.723846 12.874625 357.421631 318.679199
007267,0.632071 6 103.528793 110.629669 161.283203 133.680954 0.750601 6 368.917786 109.570312 404.117859 126.313530 0.976570 14 164.392883 99.509109 204.987701 188.563736
007268,0.553382 14 80.429459 43.805466 152.394241 500.260162 0.707491 14 79.480942 44.451324 164.321518 501.325836 0.893935 14 78.897400 45.382874 196.430008 501.369904
007269,
007272,0.631628 14 96.957954 112.985718 255.482788 373.892914
007273,0.630336 6 80.994156 89.635452 372.609528 132.346329 0.552683 6 73.521133 94.808365 482.715729 202.829224 0.571591 6 3.946945 91.764999 483.355530 204.098145
007277,0.782322 14 181.087646 263.454681 211.877502 345.686371 0.712844 14 183.838867 264.651215 211.320343 326.163391
007278,0.943600 6 39.851658 248.042053 85.464973 276.238586
007281,0.569990 6 46.745026 137.655609 212.135406 221.958740 0.980943 14 284.336334 106.710770 386.337341 305.530670
007282,0.879500 6 368.047394 159.620285 485.630005 291.389587 0.722797 6 205.053497 187.820953 326.228577 299.683075
007286,
007287,
007288,
007290,0.507740 0 146.656845 142.383469 322.599396 219.427628
007291,
007293,0.683560 14 194.226791 16.583286 251.660172 118.481598 0.819189 14 194.730484 16.677301 277.519531 193.511444 0.674791 14 188.049042 17.454077 364.448090 318.100464
007301,0.889759 14 263.745392 201.172958 425.509735 373.053528 0.597765 14 58.221809 32.384319 184.104355 322.926208 0.918526 14 56.560257 32.599052 184.241623 374.485626 0.871169 14 240.199234 199.610977 427.415710 373.352448
007303,0.596155 12 104.850967 185.777100 219.342834 426.494751 0.843775 14 119.921997 137.860977 204.542038 429.976013
007304,0.892351 6 115.390335 354.478607 201.939865 410.735077
007306,0.638878 14 155.090881 114.874947 256.531952 248.764542 0.674049 14 153.989990 115.676117 261.924530 357.369843 0.938928 14 369.299530 101.269318 499.119812 331.979828 0.934970 14 113.031960 173.731979 163.086212 253.475754 0.907807 14 153.185608 116.140297 260.493439 271.398865 0.967815 14 3.920071 115.515709 153.316711 373.624908 0.970430 14 302.850464 90.357117 388.681274 240.842010 0.797215 14 304.723206 97.814583 500.018311 335.912384
007307,0.973947 14 264.345123 59.580223 384.825043 267.729889
007309,
007310,0.741756 14 107.808380 103.786057 203.506805 367.135376 0.758356 14 107.118629 102.441086 247.304733 380.942230 0.847690 14 180.726578 102.964203 249.121658 327.570618
007312,
007313,0.644526 14 15.456593 76.215950 73.243233 229.133728 0.919716 14 12.247159 79.711182 75.855087 310.470093 0.510057 14 8.868411 80.169739 77.942383 444.823792 0.895700 14 10.763875 79.031570 78.653770 486.141968
007315,0.562072 19 228.176285 142.336258 319.185242 216.729324
007316,
007317,0.597591 14 277.315155 81.908005 312.426056 112.229187 0.533618 14 202.722321 5.833034 320.925720 171.151215 0.527060 14 124.237640 7.438335 320.550751 256.186401 0.644252 14 235.413223 5.252793 321.286102 161.869705
007319,
007320,0.946532 14 112.325226 239.772171 182.177139 431.256866
007321,0.567950 14 160.578644 20.987627 201.125717 110.732292
007324,0.545573 14 242.221954 280.890778 280.175751 338.496918 0.636548 14 273.115387 94.429619 500.194855 374.231415 0.813767 14 282.497253 104.547722 419.759308 374.587158 0.550762 14 292.306244 124.637993 371.626678 301.934265 0.566819 14 336.345215 125.892807 382.236755 276.267090 0.508011 14 168.323166 104.787209 383.446045 322.388306 0.564797 14 191.770721 129.739517 262.651733 338.924652 0.574660 14 163.061096 103.205147 419.690186 374.515625 0.813935 14 201.752762 128.688232 253.473526 185.656830 0.505956 14 246.202744 103.356468 402.213318 322.386963 0.667307 14 245.132828 102.437935 401.070679 374.744751 0.543954 14 232.187469 99.500832 500.768677 372.107178
007326,
007328,
007331,
007332,0.588020 14 17.385698 204.731781 228.501266 375.838196 0.528492 15 69.718079 124.224098 155.050934 189.824463 0.962675 14 163.698990 154.156830 241.817581 365.110657 0.962438 14 17.467894 204.979660 168.960876 374.504517 0.962070 14 277.708832 142.962830 384.792389 267.623138
007333,
007335,0.539068 15 1.524686 86.204056 32.573776 118.083855 0.602118 15 80.342430 137.110107 106.815247 170.696579
007337,0.907288 6 122.524055 259.432129 173.808212 307.688904 0.799929 14 115.336853 53.556004 138.209900 173.386154 0.893641 6 208.380051 261.108032 248.975754 296.421814
007338,0.572554 14 85.161995 0.421608 128.192123 55.018494 0.783695 14 456.223358 130.780212 499.994873 182.091873 0.501342 14 114.854950 0.298196 207.407196 108.498520 0.738579 14 112.382431 0.458098 143.106110 48.123653 0.633488 14 3.124640 2.970925 252.326126 339.316833 0.818176 14 276.064575 43.307350 493.225800 338.210724 0.699330 14 275.952271 44.127460 499.219177 338.274872 0.588278 14 271.038330 43.680393 495.271057 338.329468 0.973649 14 312.739960 43.983334 492.252838 337.859772
007339,0.775342 6 76.748055 93.955978 362.001190 313.311035 0.953538 14 156.842545 111.114876 189.690552 147.762695
007340,
007341,0.583295 14 304.051147 228.635071 353.723419 256.249481 0.787294 14 457.864197 215.401093 499.917114 254.197739
007342,0.953750 14 147.610260 130.679031 194.665955 199.369507
007345,0.967228 14 56.352394 77.612198 107.529579 237.692444
007347,0.912924 14 223.782883 349.345642 259.817108 499.677277 0.681083 14 103.286797 160.743835 158.819382 294.663452 0.732823 14 96.697845 161.876785 160.897797 397.442413
007348,
007349,0.888143 14 52.632271 244.280914 70.993355 287.386566 0.563133 14 27.099333 245.127151 39.157578 284.625092 0.913448 14 72.989937 242.828049 87.677635 288.086792
007352,0.663320 6 403.383118 200.173615 443.870270 228.179276 0.647166 14 309.647522 173.084198 332.175110 216.303207 0.778167 6 53.837032 174.363495 376.107086 301.903381 0.901911 6 402.801880 196.891388 496.453461 227.342529
007353,
007354,
007355,0.568648 14 190.342163 200.130539 203.247025 229.217361 0.757683 14 1.146837 200.659500 29.682938 309.910126 0.892020 14 24.434511 3.298908 150.643402 286.967133 0.944427 14 231.609558 202.911606 246.041306 257.999695 0.928112 14 210.241776 200.516800 222.536484 264.008942
007357,
007358,0.603776 6 2.980202 59.512245 459.824127 161.694824 0.976848 14 66.930145 92.395622 112.914978 230.652481 0.520503 14 463.372009 90.643616 483.979553 111.606201 0.692095 6 4.554301 57.645813 470.420288 264.449646 0.634762 6 3.470912 109.110664 179.736649 157.421631 0.615626 6 5.140755 112.566948 70.188675 155.861740
007360,0.894672 14 18.561899 3.115155 213.199402 386.920166
007362,
007364,
007366,
007367,
007368,0.862021 6 112.713356 90.864090 175.055969 143.267639 0.763374 14 57.648762 72.710571 91.716438 193.182114 0.561462 6 6.130807 96.123924 94.098427 198.651672 0.703804 14 56.793671 73.207764 82.462189 116.574211 0.735026 6 35.170521 98.352921 97.073402 170.197296 0.589108 14 106.382408 162.346146 126.071846 207.172882
007371,0.550180 14 114.378716 99.771278 229.427307 250.581970 0.575805 14 111.185196 98.973793 244.878891 251.405472 0.780707 14 190.333084 97.291161 244.682388 189.950012 0.719217 14 101.847313 98.704147 245.792862 252.046539
007377,
007378,0.522507 14 455.932129 6.115822 489.845520 69.659988 0.580516 14 458.687653 6.470308 489.909424 47.368839 0.901456 14 170.629013 88.942757 363.324341 374.764862
007379,
007380,
007382,0.550492 14 184.352798 152.153580 208.682938 185.238342 0.918581 14 184.280624 150.543289 212.648438 185.725647 0.803176 14 278.023407 166.110397 298.310486 185.074341 0.893021 14 229.380402 164.984940 255.754379 185.953812
007384,
007386,
007387,
007391,0.526694 15 1.732593 94.114410 51.056885 215.104233
007392,0.588178 14 91.947021 85.274376 167.431931 452.184509 0.758781 14 59.184025 84.248642 169.412613 452.468536 0.766383 14 56.886513 84.116837 171.814072 442.725952
007393,0.575668 4 230.911163 275.008423 250.840836 319.882080
007395,0.945552 14 123.779152 85.966736 290.453369 374.375183 0.500309 14 6.125644 86.742004 291.007690 375.335266 0.893247 14 3.547110 132.139725 157.739792 374.135376 0.966431 14 279.203400 108.601395 398.896667 373.176910
007397,0.615298 14 168.674118 172.946045 184.977325 199.389954 0.899003 14 15.510962 368.882782 33.072491 404.364716 0.707757 14 209.183853 309.696960 223.469696 336.472046 0.542946 14 71.730324 186.369476 91.758873 225.485352
007399,0.863713 6 44.612808 63.988277 475.744537 218.433716
007400,0.525958 6 45.912788 351.308289 159.332382 467.142212
007401,
007402,
007403,
007404,0.644218 14 88.491486 78.885399 388.653412 374.104340 0.651784 14 87.767479 79.542564 387.795105 315.323303
007405,0.772847 6 157.335022 122.360779 378.843536 229.868866 0.842867 6 91.805267 144.206146 142.384109 195.917953 0.763914 6 454.454681 235.796707 500.562439 329.246613
007406,0.633716 15 84.871384 305.574341 128.843979 358.214111 0.651011 14 64.789459 252.819473 105.757027 360.194336
007407,
007409,0.751484 14 96.062172 82.323532 136.032867 164.746414 0.607741 14 57.571678 106.141792 95.298615 153.287415 0.806495 14 8.221417 84.886391 134.385330 373.486664 0.572800 14 99.140160 82.799332 135.492569 143.673096
007412,0.713933 14 38.615288 15.697434 382.186584 335.505432 0.753962 14 19.383318 13.787638 260.322083 336.485382
007415,0.850755 14 80.566460 162.515610 97.223526 181.193100 0.925493 14 139.624313 164.606445 157.453369 186.935959 0.818541 14 91.868942 161.907059 108.021980 180.872223
007418,
007420,0.804658 14 157.956436 96.372009 226.812408 331.854584 0.706871 14 155.475952 95.908081 216.957321 219.571640 0.732777 14 155.476807 95.702271 269.670532 331.725433 0.786373 14 153.685684 16.394745 394.302185 330.611633 0.531710 14 246.629013 90.741722 391.368866 250.482330 0.920026 14 337.246124 154.384674 380.040771 247.554276 0.836691 14 245.147293 89.635094 392.146118 332.585754
007423,0.920742 6 185.458435 146.989182 279.898895 226.250381 0.945573 6 21.507521 135.122223 135.413391 188.759262 0.978159 14 120.850586 131.685287 148.995972 208.944077 0.976326 14 362.446777 98.247025 417.216553 305.548553
007426,0.666312 14 402.562042 8.008684 420.003143 34.785984 0.730091 14 160.894073 88.873177 256.204987 211.757828 0.748113 14 126.674370 89.004257 265.582428 326.504639
007428,0.570801 14 34.093773 44.083382 131.668518 213.961517 0.598668 14 100.963684 41.499237 137.996521 101.285072 0.628641 14 99.380295 46.284992 158.805084 213.261765 0.768996 14 32.076763 50.838867 93.946098 157.091370 0.718840 14 32.006985 32.578510 97.424446 157.427094 0.683708 14 68.143089 41.419189 137.232132 213.891739 0.840207 14 64.592659 41.789879 154.549210 214.426682 0.697486 14 101.324142 41.239288 137.095062 84.918335 0.584601 14 137.095322 72.609360 161.860458 123.142464 0.647615 14 44.831547 35.160427 139.727234 214.004837 0.684102 14 70.042236 74.221588 132.709061 212.222076 0.898703 14 31.482964 36.628319 99.243996 157.803574 0.571455 14 63.311047 0.614696 237.128052 228.568375 0.524630 14 33.851803 49.199852 94.240891 212.675583 0.742044 14 102.428505 73.040855 162.524704 211.720993
007429,
007430,0.881766 14 406.963409 132.285187 436.339386 178.207977 0.833616 14 331.619720 25.971725 366.282745 79.734756
007434,
007440,0.746605 14 236.316559 142.934174 264.502106 172.151260
007441,
007442,0.659033 14 1.215347 73.060570 24.021559 124.357971
007444,0.974344 14 2.688155 77.023087 161.640671 500.595276
007447,0.562145 14 209.119354 132.693863 262.244202 177.544876 0.638035 14 135.743088 121.060020 203.196609 211.961365 0.931093 14 481.987823 116.981148 500.208618 182.644577 0.789388 14 187.299606 102.067238 207.087662 132.499008 0.948735 14 138.526291 120.253029 201.284256 189.307480 0.823628 14 99.518311 100.655685 117.782967 124.909515 0.641286 1 125.061829 145.275543 243.850937 220.729187 0.954571 14 283.091766 130.768906 333.855347 194.256500 0.883494 14 55.820148 103.748322 79.367012 122.231453 0.941686 14 208.163773 132.507538 273.676636 205.490677
007450,
007452,
007453,0.916500 14 372.050934 120.147339 489.141937 218.139282
007455,
007456,
007459,
007462,
007463,
007464,
007469,
007471,0.726069 14 94.805229 165.701279 118.336891 213.767044 0.782147 14 151.853165 382.710846 200.950699 499.054108 0.704637 14 64.362488 173.469101 102.515221 229.164337 0.642078 14 101.770187 183.355179 143.944107 327.443268 0.886204 14 63.375423 175.427109 122.182243 318.610016 0.573587 14 160.886002 114.254959 220.059418 322.397247 0.793053 14 103.901604 184.067703 144.358795 313.998322 0.814180 14 63.248043 174.454956 108.120758 246.890152 0.581578 14 93.804024 165.882965 130.507507 305.905823 0.786910 14 108.367371 184.254608 141.689392 232.358231 0.732865 14 158.253433 107.808083 185.771927 170.310699 0.886187 14 159.746582 120.858315 259.281158 321.966553 0.755487 14 68.112854 175.015823 103.049904 230.043243 0.701715 14 155.886002 114.987839 262.505920 497.960693
007472,
007473,
007476,0.890130 14 39.077988 167.111526 113.658012 314.764984 0.947361 14 53.780220 166.455093 114.661285 276.009613
007478,
007485,0.831329 14 253.341324 124.118118 285.415344 202.007202 0.704968 14 179.004471 123.820663 215.043060 174.774414 0.886729 14 197.460205 120.695602 283.893341 203.772629 0.818882 14 179.948471 124.265381 210.907974 161.676987
007487,
007488,
007492,
007494,0.731053 15 220.753571 219.459213 270.131409 261.041290
007495,
007496,0.849259 14 162.302582 3.020301 484.972931 375.555054
007499,
007500,0.509978 14 28.125122 22.940552 159.905472 397.269440 0.594694 14 26.058607 21.495438 138.825714 278.265839
007501,0.526675 14 68.389969 44.334686 125.801819 121.203903 0.955025 14 382.322357 49.044090 416.542175 141.685760
007502,
007504,
007505,
007507,0.596300 6 269.721436 122.048264 313.021484 151.930908 0.937903 6 59.109089 131.238571 159.594055 170.476852 0.618170 6 154.729126 120.624374 312.719971 158.201874 0.952196 6 1.855575 133.247910 53.375687 167.485214 0.707482 6 156.783585 133.653809 202.675766 159.282959 0.859990 6 156.630585 132.158051 237.374893 159.817886
007508,0.922256 14 101.024422 118.397400 202.299759 496.403229 0.508826 14 86.603249 35.376369 204.325455 497.986023 0.895600 14 41.315159 31.989128 204.522217 497.461182 0.606054 14 32.459072 30.968307 118.030708 482.240631
007509,0.616635 14 121.433693 94.388290 186.204163 349.591003
007510,
007512,
007514,
007515,
007516,
007518,0.792820 6 118.743683 228.560379 304.871613 295.249512 0.898489 6 268.334106 222.611328 352.822266 255.881393 0.792117 6 117.706528 227.593933 223.763046 288.061737 0.656394 6 2.558820 223.093201 114.771835 277.729523 0.842811 6 265.045990 222.358887 315.298859 252.765518 0.891558 6 3.146015 223.902252 148.943924 282.448395 0.568680 6 311.560760 227.124252 351.305481 254.907104 0.854934 6 455.687103 225.989182 492.412079 302.399384 0.735308 6 202.287613 229.978485 306.934235 293.517639
007520,0.957041 14 247.878891 135.406891 279.022858 188.985718
007522,0.800084 14 304.260437 68.930138 335.635376 107.806488 0.900204 14 208.343109 35.436211 364.533173 174.215057
007529,0.788054 14 134.885483 64.834534 205.711502 247.025970 0.660830 14 93.625343 61.615921 205.681519 251.709229 0.524402 14 88.198402 64.758423 208.999634 451.950012
007531,0.965552 14 431.672089 17.493959 493.873047 205.343536 0.965451 14 117.748161 92.519859 157.976273 181.064896 0.978433 14 237.566559 39.759995 291.871216 134.806122 0.679391 14 149.307816 129.195801 171.240982 166.363953 0.675366 14 135.221344 94.866180 174.808929 166.244339 0.800664 14 115.413902 92.229790 174.825195 180.179871
007532,0.567394 14 75.546844 0.719416 113.138977 40.620182 0.669323 14 465.916229 59.300293 500.158417 195.038483 0.565560 14 217.064423 73.931808 271.694855 151.290649 0.941584 14 240.660233 19.611950 285.907990 148.310028 0.771495 14 3.401697 6.384753 245.104477 375.356720 0.584971 14 214.472961 72.630432 290.701965 152.641083 0.750183 14 3.230631 4.868109 282.172943 375.377441 0.679947 14 467.183929 59.153214 500.152344 121.826355 0.586277 14 216.001816 23.816441 493.669800 374.990509 0.877140 14 292.754547 25.411572 494.361847 374.672363
007534,
007539,0.554145 6 3.246263 66.265259 463.227997 289.666199 0.581951 6 3.395781 67.386101 463.478790 290.807465
007541,
007542,0.553859 14 407.256500 7.655382 447.092072 193.749817 0.512151 14 403.336823 8.568325 429.826904 91.093918 0.568446 14 392.834259 114.409286 415.033234 160.621185 0.660166 14 419.388763 11.780307 447.415649 144.177383 0.734287 14 395.143433 115.401985 419.980621 190.203705 0.625591 14 423.534058 14.803984 446.208160 65.805397 0.515092 14 379.885284 112.590126 405.852936 168.202332
007545,0.866129 14 126.243073 106.047134 168.508850 195.246170 0.844473 14 130.312424 105.160126 167.345749 154.895676 0.586749 14 273.922058 0.714228 345.560059 218.157776
007548,0.528733 6 22.012127 185.683899 57.368896 223.437241 0.645099 6 27.475773 188.540970 58.401054 224.893524 0.811106 6 0.539237 285.938690 30.671570 376.290405
007549,
007550,
007552,
007553,0.826743 14 378.986206 0.406899 465.597595 219.039246 0.526875 14 329.197968 6.805620 362.390900 56.344757 0.621536 14 246.504562 0.303736 319.513916 87.276405 0.555612 14 42.089359 20.411076 76.828011 233.782928 0.705988 14 311.716278 5.170259 364.081879 68.958603 0.500335 14 241.583374 1.943225 357.938385 333.345276 0.737655 14 253.632370 0.282782 318.346924 64.741432
007554,0.725448 14 230.254898 169.312393 287.691071 285.023560 0.605701 14 312.776276 166.461517 343.328522 203.551331 0.878703 14 233.424454 168.933167 287.616882 230.329346 0.639173 14 309.925171 168.744186 351.779266 237.360199 0.566124 14 308.347321 167.916641 357.144440 302.777008
007556,0.669345 6 1.387909 66.307495 442.480255 315.964569 0.616312 6 131.800659 68.549095 421.658264 156.400620
007557,0.609723 14 222.923264 330.850861 248.266602 376.758240
007560,
007561,
007562,0.588129 6 22.066214 181.564972 200.893311 344.406738 0.797114 14 28.291128 226.946762 65.075813 271.388855
007564,0.592359 8 132.154678 166.082306 186.282364 317.575989
007567,0.632522 14 115.304367 105.995338 194.544296 268.337433 0.949763 14 103.898117 106.009956 169.183411 278.706390 0.549684 14 157.354919 103.387520 184.482269 132.920502 0.705941 14 153.120193 106.109406 195.218140 246.142212 0.562895 14 228.720688 113.502014 298.779510 218.620819 0.631082 14 225.627747 112.486954 304.217010 244.839935 0.539880 14 155.289856 104.484291 188.521271 171.834976 0.565818 14 229.205307 113.831886 304.106964 305.176605 0.660306 14 237.667938 113.225655 295.978668 170.462494 0.620818 14 78.278778 135.125641 109.238998 165.550858 0.805229 14 265.328064 91.855621 385.066498 232.504028
007569,
007573,0.738873 14 177.240921 252.448151 205.662888 340.695496 0.978225 14 363.000549 204.327286 406.132324 339.537964 0.943273 14 20.626797 207.187546 42.443214 265.462219 0.582586 14 180.932083 252.959335 205.923340 303.562164 0.616544 14 405.476013 72.320534 426.660614 101.413773 0.589100 14 249.057281 250.178421 279.638153 340.411224
007574,
007577,0.569214 14 133.053421 41.957249 338.930725 223.496521 0.500807 6 1.607891 161.663773 60.345169 205.298813 0.867744 14 328.354126 32.472374 461.250122 262.511566 0.969475 14 435.131958 60.404835 471.974243 112.784828 0.783741 14 131.215546 40.452652 242.006866 223.274063 0.510047 14 1.179293 73.644638 29.346197 149.711319 0.823461 14 17.735027 52.834629 146.400635 186.144379 0.508077 14 14.443569 42.533710 242.050583 222.712341 0.779093 14 56.155769 53.991825 96.531746 134.752228 0.794447 14 1.259938 70.041199 24.090099 122.221725 0.517500 14 4.975125 51.574150 145.505157 260.043915 0.897171 14 4.331104 82.573830 32.110703 120.584175 0.806812 14 214.453934 42.878220 336.735413 221.387314 0.727428 14 330.585297 32.227257 440.611969 212.067368 0.713764 14 325.985260 31.194006 445.207245 260.061401
007580,
007581,0.846881 14 271.792480 85.623230 293.588409 104.497360 0.669331 14 105.009552 55.367226 122.912476 70.032928 0.874805 14 440.184845 141.402054 459.898468 163.930389 0.921211 14 343.856293 112.462677 365.207703 135.166428 0.666468 14 100.641464 93.319244 119.364372 119.145416
007582,0.513350 14 49.172611 48.672138 251.423355 459.376099
007583,0.897548 14 429.598969 19.840845 479.285858 60.942047
007584,0.861968 14 3.130362 3.055528 231.245865 375.941376
007587,
007588,
007589,0.883289 14 228.463104 137.198227 250.635803 166.360855 0.893317 14 206.746536 124.380997 232.965576 166.568695 0.929408 14 312.789764 163.202454 339.973053 263.880157 0.822602 14 284.833557 159.716492 335.841705 264.946808 0.617637 14 175.170151 140.708359 205.806702 205.778488 0.724007 14 227.380508 135.790405 253.289078 192.129486 0.833777 6 111.926331 161.806488 268.251251 291.158173 0.886652 14 179.910751 141.692001 203.234283 169.132187
007591,
007593,0.887427 14 4.130173 63.267120 40.447052 109.156738 0.926826 14 34.589409 61.915955 63.195095 106.432404 0.659779 6 2.788387 38.313427 200.565002 185.302261 0.833595 14 80.426399 60.242451 105.975494 104.917816 0.560242 6 2.944411 47.121742 146.476425 186.762695 0.863633 14 99.690369 61.553532 126.879074 103.752037 0.675866 14 69.093124 20.385445 304.830078 289.060944 0.630458 14 121.816025 61.063873 152.819901 103.916588 0.842148 14 61.206284 61.894127 91.914055 105.498497
007595,0.776719 14 100.032120 46.713352 339.223389 333.597626
007596,
007597,
007598,0.626460 14 304.576111 21.451157 451.707672 302.023621 0.554255 14 307.449982 86.101433 382.343170 273.064972 0.819846 14 86.744118 120.813721 194.622894 228.070419 0.697067 14 309.817657 85.371994 396.221985 311.688019 0.894425 14 88.563606 120.457535 145.349289 229.298721 0.576160 14 283.724152 85.074028 415.459076 311.987549 0.601277 14 308.727142 67.064812 413.842682 309.723694 0.834519 14 301.169128 24.811975 444.528778 312.519623
007599,
007602,0.816894 14 39.310844 123.487427 66.290337 159.523575 0.559624 14 151.021729 2.377409 458.884705 375.675842 0.786980 14 249.576538 2.114262 453.158173 375.174744
007604,
007607,
007608,
007609,0.782675 14 87.902618 173.385468 173.102341 419.244385 0.758286 14 85.877518 174.691711 221.034714 416.812164
007610,0.909638 14 121.230431 196.197296 140.821609 263.255188
007613,0.542633 6 21.299929 62.692722 457.511780 248.824402
007616,0.873906 14 158.825165 30.152422 240.906509 249.871246 0.706672 14 99.868538 29.643484 248.241272 326.426117
007617,0.517275 6 1.681296 83.390503 58.984695 135.689590 0.791723 6 1.608990 83.551682 135.202621 236.965256 0.558902 6 65.842331 83.623520 437.504242 277.066406
007620,0.694954 14 63.385620 101.102310 158.531265 343.803986 0.809510 14 202.841965 262.485809 218.247314 351.021423 0.675441 14 66.713547 99.789520 161.084671 347.699371 0.729264 14 65.408447 100.858582 163.041595 452.458954 0.736170 14 80.466278 102.122368 157.860703 455.458710
007623,0.610115 14 122.624779 9.091280 196.139923 96.758621 0.693309 14 115.902245 9.801343 206.773758 117.710426 0.509086 14 121.223007 9.004195 197.208252 95.003426 0.786056 14 122.186440 9.998098 201.231461 115.935966
007625,0.962622 14 121.316689 80.524185 230.640488 323.459717 0.979630 14 274.512207 87.274857 376.244507 374.162903
007627,0.971477 14 20.682171 43.623203 157.329742 306.406647
007628,
007630,
007632,
007634,0.921525 14 469.655487 86.907257 500.218994 272.070526 0.759923 6 49.387787 132.419495 168.039856 168.357452 0.736625 6 445.214172 142.407822 475.361206 172.433716 0.500476 14 235.800446 51.843536 307.359222 210.613037 0.520393 14 25.980856 117.783226 45.310978 174.402206 0.894615 14 11.513676 116.877159 42.075687 178.554626 0.955774 14 154.374771 63.702026 249.524948 333.710968 0.709234 6 70.162659 133.247803 162.778198 166.505432 0.913031 14 230.757797 53.242420 313.484467 326.924347 0.644521 14 269.490662 61.811462 455.892212 329.326660
007635,
007636,0.618915 14 97.347252 106.778053 176.434830 468.315796 0.664528 14 92.581070 107.025230 177.462891 471.743866 0.604488 14 87.681915 106.512321 180.019775 441.380493 0.631188 14 111.999268 106.814590 174.439758 442.459839 0.510504 14 72.488739 106.003189 186.437561 467.389008
007638,
007641,
007643,0.614083 14 92.076599 20.209871 126.988541 146.495514 0.504225 14 95.443840 125.994026 116.879379 153.510040 0.905464 14 62.914444 118.892982 85.434357 152.450363
007644,0.671663 15 232.094254 115.649139 265.538879 150.639587 0.722779 15 86.184830 126.814476 138.671921 188.934647 0.637222 15 347.834198 98.912033 408.885834 153.649887 0.574660 15 309.757935 113.531738 343.322052 151.218643 0.507274 15 312.459595 118.171745 341.786743 147.485291 0.524423 15 109.078575 127.003929 139.687653 185.098129 0.551178 15 53.575424 168.402435 91.985756 210.304794 0.602399 15 85.786026 126.324547 138.682602 186.983490 0.660118 15 48.451897 152.573410 90.046165 213.131027 0.628989 15 267.293030 118.897034 294.729980 155.801071 0.528677 15 268.174530 118.746490 296.504486 161.962204 0.500547 15 272.759369 42.335632 339.711151 84.170547
007645,0.774089 14 312.443848 5.294844 336.259430 49.589283 0.934070 14 411.998352 5.806647 443.314697 90.973656 0.692550 14 330.467743 0.315056 357.596710 66.839249 0.768139 14 362.993652 0.905802 396.151245 86.039085 0.842995 14 302.578003 1.791802 328.169617 72.458176 0.778574 14 328.881042 0.045044 363.432922 95.769501 0.525219 6 49.977108 45.302246 343.501282 177.942200 0.507192 14 420.285248 7.094027 443.081757 64.984146 0.673116 14 204.949219 40.080818 230.040863 64.129005 0.688562 14 356.578247 0.406394 397.935852 95.896149 0.745423 14 325.135254 0.465162 349.794708 64.250526
007646,0.510676 14 286.986359 112.404823 408.908539 283.337006 0.831653 14 350.036652 111.012383 408.726471 225.272324 0.662190 1 238.862610 216.667053 408.984100 315.897064 0.921330 14 286.145081 112.360062 411.012939 275.813507
007648,0.932843 14 324.113495 128.084396 437.324341 236.518448 0.631937 14 281.780853 115.163536 338.435822 184.468536 0.811457 14 39.469631 123.651733 287.673431 268.391144 0.784127 14 325.124756 111.501740 348.406738 134.152084 0.845077 14 36.989101 121.809441 196.312637 267.353516 0.543657 14 312.465546 128.042023 371.957886 265.605713 0.881956 14 318.062927 129.395432 439.072052 266.087830 0.927005 14 290.596344 114.561325 335.711456 155.388733
007651,0.507292 14 56.813786 107.244881 201.220840 278.572144
007652,0.659861 14 9.979039 54.701141 493.464203 301.444672
007658,0.928710 14 127.196594 41.924122 251.360596 351.973694 0.944299 14 250.979034 77.313622 383.487305 287.986542
007659,
007660,0.906417 14 70.872734 121.586563 92.296982 146.482422 0.763735 14 339.442505 117.758362 359.545837 140.182526 0.597032 14 174.432480 118.975349 191.757675 139.057800 0.627890 14 98.304756 120.936752 115.102913 142.127289
007661,
007665,0.871855 6 432.826416 136.727982 500.265717 210.996567 0.922532 6 157.406891 146.963989 380.043701 220.772003
007669,
007674,
007676,0.881161 6 18.394728 237.081100 104.853584 268.558319 0.686688 14 1.205243 248.053665 20.437420 274.160461 0.590208 6 15.306480 234.585526 115.517326 267.986725 0.822440 14 0.901512 245.774979 24.058147 332.362640 0.556211 14 65.145828 232.971344 80.438202 268.540649 0.879619 14 67.946800 231.781754 85.058502 268.332306 0.584851 6 0.712080 252.628845 28.852730 327.699829
007681,
007684,
007686,
007689,
007690,0.923111 14 1.048238 120.482506 21.773617 215.369888 0.950738 14 21.659319 114.026161 45.170013 213.916031 0.762908 14 1.233609 85.434258 25.235439 215.525757
007693,
007695,0.614448 14 299.813629 51.218281 328.103546 75.225700 0.503884 14 51.670803 1.259139 301.743683 260.882538
007698,
007700,0.801724 14 147.599747 97.107994 164.396500 140.084869 0.913362 14 28.900995 326.057678 54.471447 439.552185 0.557385 14 24.783611 324.126495 57.911236 484.252991
007701,0.899087 14 137.154587 182.406357 156.685165 234.649139 0.953641 6 4.139934 184.339905 121.299683 254.454056 0.719809 6 149.199646 179.278046 390.865387 272.593048 0.724307 6 148.678146 180.979889 391.307037 273.412476 0.798506 6 150.292908 184.345917 254.018250 252.075775
007703,
007706,0.522916 14 213.326874 63.051918 340.217773 334.703186 0.870786 14 218.647476 0.003967 448.138184 340.182678 0.757361 14 315.988647 161.112747 374.194733 292.863129 0.717388 14 249.061310 219.509476 307.764618 323.668793 0.591306 14 225.061508 1.693256 446.950409 300.059174
007707,0.523548 14 144.558075 163.638992 174.985535 282.480957 0.549239 14 145.764526 162.423615 172.931732 212.755676 0.848740 14 167.393188 179.536667 199.572845 279.679474
007708,0.554417 8 195.842087 207.284439 240.811325 286.589264 0.612731 8 193.482376 208.689713 237.037354 288.590546 0.584677 8 193.651993 206.122864 236.023773 289.029449 0.557186 8 193.378998 205.971161 237.822876 287.536530 0.602619 15 276.088104 174.176758 298.952148 201.608017
007710,
007711,0.663741 14 230.189362 207.684799 249.630554 228.872223
007714,0.693432 14 227.635651 166.403412 256.780365 195.557938 0.975416 14 469.275787 148.223068 490.577118 208.511581 0.957096 14 1.153134 177.863754 30.552670 253.993576 0.741176 14 1.323977 176.485168 27.613773 215.110886 0.788736 6 176.233200 128.321579 328.199188 269.289551
007716,
007717,
007719,0.810878 14 0.900334 206.925644 32.435760 311.163116 0.651015 14 0.904599 205.312851 32.117260 320.916901 0.964870 14 30.414906 256.550659 62.693642 398.892456 0.946435 14 85.063538 149.998215 101.195869 239.143494 0.731390 14 31.461067 257.424530 55.669296 397.544922
007722,0.525514 15 132.244751 204.268173 157.841873 225.263611
007725,0.597255 1 139.336304 147.470016 347.799530 243.021759 0.967810 14 188.885818 100.053528 318.799683 240.447754
007726,0.627958 14 5.150428 272.369202 16.047417 307.973206 0.875779 14 248.865173 290.265411 262.499847 377.503296
007728,0.587501 14 154.347488 47.196507 241.212265 203.389984 0.872589 14 350.200684 168.909546 380.685181 201.111252 0.670766 14 90.475769 47.121906 240.957474 211.748077 0.895879 14 213.715179 51.353378 381.390106 218.043930
007730,
007733,0.747184 14 2.259895 3.312180 476.921265 383.249847 0.579751 14 211.624252 2.262416 477.190125 382.257690
007734,0.799018 6 279.217163 130.028458 372.433441 208.063202 0.765341 6 32.742939 120.230591 275.136017 283.380066
007737,0.846125 14 100.179970 328.694794 119.851913 362.299591
007738,
007739,0.552162 14 61.344501 70.956367 285.900604 482.558502
007741,
007744,0.667742 14 173.204987 110.831009 215.671097 199.330414 0.668302 4 144.786316 168.097855 177.908524 302.541138 0.538353 4 342.500793 150.101776 365.114929 210.325851 0.527603 4 342.009888 153.326920 370.709656 299.113159 0.643653 4 182.193451 140.084808 207.389771 209.848526 0.612073 14 175.630600 111.174042 215.676331 164.821732 0.541285 4 250.593628 129.529770 287.210480 306.453094 0.620783 4 310.881561 133.674927 357.232513 308.195984 0.535733 4 95.969810 143.757843 139.742722 305.137238 0.567697 4 174.085938 127.393616 216.215042 309.872437 0.611936 4 342.861633 145.808609 373.098114 302.309692 0.630558 4 275.414917 154.262512 305.241547 301.928497
007747,
007750,0.644031 14 96.430870 88.236694 192.455124 458.174927 0.586767 14 78.286217 87.616409 227.889587 455.936859 0.809045 14 131.270996 87.839081 195.263123 338.665070 0.590461 14 86.268356 87.857376 200.137054 343.309723 0.833142 14 77.114807 87.686333 199.352600 467.913727 0.602134 14 125.983170 54.875179 236.515717 454.867340 0.821885 14 174.756729 48.928200 233.277237 338.454834
007752,0.968369 14 189.654068 85.128113 306.047913 194.420929
007755,0.862929 14 66.776108 40.632011 281.493317 494.469635
007756,0.584113 15 249.816315 160.805634 285.162628 197.319321 0.639609 14 192.190231 89.966164 215.638809 115.542969 0.951812 14 68.390923 183.889954 235.442062 283.032318 0.524802 14 68.992027 184.168198 193.826141 282.524170
007757,0.934867 6 340.529785 23.074301 499.275452 73.952286 0.943709 6 4.564643 7.245460 209.122208 90.622871 0.524149 6 408.187683 22.849617 499.181274 70.078697 0.849146 6 18.538908 22.145086 485.906647 251.027588
007759,0.640371 14 237.603821 180.022781 259.686646 208.804153 0.885158 14 344.823486 -0.588474 488.362671 324.283203 0.711781 14 350.025665 0.527768 475.354553 208.197083 0.734717 14 71.250000 51.121410 274.745300 322.371124 0.734161 14 222.540863 52.184982 271.757721 210.466492 0.815582 14 70.962212 49.604801 269.185455 323.559448 0.834371 14 27.809381 1.623347 181.748779 213.697617 0.889930 14 277.778564 69.560539 360.886322 212.792999 0.921159 14 265.927124 69.488129 357.007080 311.603607
007761,0.942997 14 20.482450 0.939961 63.513992 83.846657 0.816284 6 11.805534 18.187723 494.424469 217.399841 0.814365 6 10.854751 18.945906 499.974152 309.490143
007764,
007766,0.507241 14 240.320831 24.615368 300.507538 90.484795 0.730898 14 189.169250 21.990988 378.966248 213.748016 0.619346 14 193.879623 22.096230 305.804199 100.976028
007769,0.903976 14 144.334351 114.818367 206.266479 408.316101 0.925224 14 48.659824 38.326145 204.098740 475.336182 0.652238 14 48.314770 37.433163 164.153763 473.635803
007770,0.868200 14 13.600961 6.574527 380.724609 332.509216 0.534174 14 9.761423 6.665184 236.832428 321.084717 0.723846 14 218.815002 2.390872 396.363647 333.102325 0.755359 14 221.224884 2.796245 501.275116 332.991150
007771,0.579437 14 1.618082 91.360580 37.569126 134.901306 0.753713 14 303.937714 193.429382 360.531647 357.549866 0.685991 14 156.735474 105.205078 182.808868 138.953094 0.667839 14 44.126266 57.406147 76.695534 133.679474 0.854856 14 303.848877 177.095627 431.784149 374.877502
007774,
007778,
007780,0.657838 14 2.594408 154.847443 79.647537 223.880615 0.803578 14 3.359139 39.234348 253.926102 376.507233 0.564057 14 1.996767 157.117371 83.154099 352.222717 0.635839 14 5.079105 39.301067 255.200684 283.056946 0.822847 14 3.910482 39.655933 257.908447 375.060364 0.787742 14 2.341829 38.507713 168.798325 374.927582 0.699702 14 330.641357 72.977043 470.774078 231.037308 0.903686 14 264.378937 72.109795 474.569641 372.699951 0.942732 14 263.355865 71.113182 472.092621 262.740021
007782,0.644795 14 99.451500 62.149654 340.926483 375.028625
007783,0.628152 14 215.408554 0.319272 287.149933 102.708588 0.538915 14 180.957413 -2.511760 294.287018 134.725418
007784,
007785,0.514539 8 79.167870 209.285431 176.760910 372.088379 0.786046 14 87.541534 147.502670 172.799835 275.001312 0.652448 19 292.950958 60.781326 379.277924 175.767532 0.654194 14 89.769928 149.454987 174.296738 368.789490 0.925843 14 89.651047 147.346878 147.380264 267.751373
007787,
007788,
007789,0.622661 14 254.424698 140.260269 279.591217 211.338562
007792,0.783826 14 181.250015 136.283997 198.943558 163.739197 0.696949 14 77.368401 149.038757 114.963646 237.528412 0.955051 14 77.076050 148.879990 129.416046 238.983734 0.794068 14 121.641350 134.233795 139.177429 166.901917 0.796543 14 81.334610 148.462234 118.496597 204.578934 0.652406 14 121.153015 132.805878 139.379669 165.536041
007794,
007796,0.598421 14 274.480255 120.212410 317.858246 157.262878 0.668577 6 194.390121 126.647934 360.830475 190.566483
007797,0.518866 15 278.420685 146.661850 304.504211 190.110947 0.532422 15 31.910278 164.828018 68.006790 202.498550 0.821483 6 63.823341 129.991531 317.125671 335.179657 0.986203 14 323.745850 89.795555 416.880920 372.880463
007800,0.950688 6 242.568848 179.707855 404.780029 230.474258
007801,0.683657 14 220.601440 103.598404 265.611603 192.516449 0.629203 14 178.641113 143.022461 322.973236 374.521057 0.700364 14 161.981339 144.359314 267.475159 289.524384 0.671644 14 222.510681 102.513786 260.151550 151.847382 0.729064 14 380.605988 154.823441 406.942200 178.476944 0.813214 14 223.616699 104.164635 280.722443 239.242920 0.847687 14 165.498566 142.956131 272.774139 374.403442 0.800629 14 239.464874 151.973755 286.350372 239.702866 0.569772 14 233.461838 151.814758 292.117218 373.814240 0.861212 14 238.806229 151.390656 324.566711 256.674622
007802,0.678426 14 43.839306 4.998598 274.053711 374.635986
007804,
007805,
007806,
007807,0.579861 6 31.224951 123.303955 456.719696 324.751404
007808,0.728366 6 305.033630 156.286743 444.258881 229.970901 0.956185 14 218.421844 142.522339 309.613922 334.264709
007811,0.928113 14 160.039368 34.561672 413.831177 375.782593
007816,0.873959 14 170.023148 165.768311 203.254730 222.561996
007817,0.676904 14 5.845365 37.952541 285.504242 483.984955
007818,0.795126 6 1.396708 170.427155 49.674980 237.003784 0.848810 6 88.075211 126.709801 131.878204 153.926605 0.514889 6 2.386343 124.738365 122.498337 183.910675 0.800198 6 144.440140 123.955360 180.916336 152.057739 0.781014 6 149.163757 124.295700 228.390549 156.483231 0.874478 6 43.253391 123.501755 131.720963 155.235535 0.932419 6 1.661390 130.141693 40.936417 156.210388 0.689940 6 2.231002 162.741150 109.640038 247.158401 0.719489 6 43.579498 126.886894 77.726730 154.516281
007822,0.980249 14 176.464737 108.663597 240.803116 233.832428 0.540404 14 227.969894 110.557182 267.690826 208.666916 0.829051 14 230.007950 111.941078 289.546082 254.765778 0.967203 14 255.037125 127.110130 303.678040 254.469376
007823,
007825,
007827,
007828,
007829,
007830,0.714787 14 195.108902 32.655716 498.477753 375.289581 0.514070 14 199.269226 33.642658 488.551270 375.109802
007832,
007835,0.534438 19 141.796555 91.315666 260.099426 201.373642 0.603805 19 139.312363 90.570221 260.164795 202.267914 0.895151 14 173.511734 109.879929 205.382416 172.041977 0.577025 6 387.741364 19.211466 450.501404 39.727051
007837,
007839,
007842,0.625002 14 394.386322 249.968353 415.998077 277.579590
007844,
007846,
007848,
007849,0.632265 14 415.213654 105.571869 473.519501 258.051758 0.604386 14 391.001404 80.628143 422.456146 117.147820 0.655232 14 378.952026 82.372963 438.418335 268.451477 0.540595 14 440.532898 103.364441 470.165100 211.001053 0.897003 14 425.534454 104.759186 470.249268 245.026260 0.604602 14 382.293701 82.414207 431.064362 207.105621 0.932489 14 390.593109 82.002739 427.762268 176.860367
007850,
007851,
007852,
007858,0.966633 14 403.131470 88.039154 455.551514 211.974136 0.539969 14 156.734909 79.205101 193.971725 126.586258 0.643851 6 397.433289 84.905647 472.667328 165.183868 0.537141 14 156.031067 79.585045 194.126572 122.945076 0.821233 14 157.487183 79.715797 192.736084 114.201225 0.953808 14 339.351379 97.248909 381.473938 200.016251
007860,0.962440 14 78.969643 95.365776 167.614487 294.471863 0.600997 1 51.301739 186.589935 194.274048 351.032867
007861,0.594694 6 127.349823 13.062842 329.807800 59.726894 0.792323 6 125.947777 37.448380 370.561432 90.099564
007862,0.564621 14 281.953217 64.707787 428.562592 251.004608 0.674608 14 247.861328 56.326435 359.222351 251.936447 0.725779 14 113.174370 65.670532 284.749817 234.183228 0.512308 14 339.249298 66.458885 427.150452 172.278000 0.676275 14 239.990982 33.270885 306.589935 150.905106 0.646723 14 161.027679 28.137074 211.156921 102.799026 0.726120 14 60.696423 35.201626 253.289551 232.099899 0.882317 14 104.292648 28.661116 157.754257 97.671745 0.812736 14 174.045242 50.507671 429.616821 251.988770 0.856525 14 78.466240 28.831467 157.120331 199.234055 0.823068 14 164.149307 29.865093 209.096848 78.123482 0.754545 14 187.094803 65.663445 281.708313 233.678299 0.866357 14 344.678802 67.347260 422.954834 145.451630 0.683358 14 179.716599 53.851223 429.958405 252.145798
007866,
007867,0.626939 14 394.901154 30.964672 442.271576 74.594482
007870,0.858262 14 7.692209 235.215424 21.289721 264.459412
007871,0.934056 14 144.534973 101.752754 297.015778 374.453430 0.891364 14 287.464844 61.626312 442.087280 373.944519 0.734068 14 78.318451 76.446144 169.134705 373.071136 0.568831 14 2.183057 157.861969 80.026962 301.500122 0.762052 14 2.133239 156.138382 82.350731 370.281128 0.527681 14 6.608069 76.953659 257.631195 375.319580 0.947478 14 4.337765 75.936302 161.264771 374.506439 0.675856 14 195.781433 102.622543 298.272552 373.982361 0.910861 14 286.796936 62.507473 441.981842 306.145447
007874,0.592643 14 133.199280 101.921944 187.272186 316.048035 0.731076 14 199.873795 20.258781 321.068451 322.838196
007875,
007879,
007880,0.711369 14 316.633545 120.250404 347.917542 149.967102
007881,
007882,0.618734 14 47.798290 45.901943 70.165924 98.986725 0.536139 14 47.179520 44.033031 70.222137 102.518158 0.943916 14 66.847519 42.593605 91.970009 96.221176 0.706994 14 49.221146 46.103745 69.732071 93.791061 0.606688 6 52.663059 90.321449 448.123718 243.465378
007887,0.650361 14 165.219238 141.096161 330.764832 324.966888 0.683384 14 314.759583 0.654605 436.275879 175.154129 0.732212 14 3.515571 2.825741 284.310181 326.698822 0.724250 14 1.740210 2.707901 198.920853 326.403931 0.683386 14 181.101303 1.945268 500.533112 325.718231 0.573524 14 164.869614 139.472549 341.412140 324.607910 0.733859 14 308.602020 1.469439 501.561768 325.209045
007888,0.943097 14 88.866409 53.711315 195.438538 169.707428 0.941988 14 284.454834 37.710812 429.032196 154.638077
007891,
007892,0.960596 14 138.207214 95.129501 233.571548 479.488312 0.599668 14 144.813156 97.285805 233.328705 321.639374
007893,0.878601 14 308.297180 141.358505 335.305603 162.416428
007894,
007895,0.922340 14 5.385995 56.921684 289.683350 376.065369
007896,0.534266 14 229.085861 70.246002 277.967987 143.575394 0.650453 14 233.649597 69.751579 280.327881 127.556175 0.907490 14 203.666245 60.010197 246.371979 150.480515 0.712005 14 47.435066 112.214226 171.607910 324.636017 0.970492 14 318.503235 97.582275 476.061859 331.877319 0.597409 14 86.884392 86.893539 171.548508 231.500854 0.500302 14 358.078003 96.020866 474.718445 196.281586 0.830089 14 131.113419 82.826149 208.829422 229.193069 0.665900 14 89.340385 85.783493 184.757797 226.119156 0.871273 14 357.732025 86.862144 427.067474 178.862183 0.833338 14 285.130981 73.471809 341.543549 148.734497 0.842083 14 135.099152 81.914207 192.123016 177.004227 0.595534 14 217.868240 70.086365 285.554077 196.653839 0.965468 14 223.409424 70.033302 284.544403 159.937515 0.795511 14 137.149963 81.747810 190.525894 162.473099 0.798097 14 90.081635 85.414841 143.605942 183.972534 0.932700 14 46.775261 110.897964 183.265152 315.860596 0.842147 14 134.310989 81.729973 190.314301 163.769104 0.639074 14 282.243713 74.546410 386.793732 319.122040 0.836058 14 90.227264 86.443398 163.899765 231.037964 0.521117 14 344.620026 87.385284 429.650940 261.047668 0.624976 14 91.757324 83.752815 136.836716 146.857071 0.774856 14 286.887390 72.820862 333.890717 132.209778 0.738717 14 308.038239 97.168144 479.438354 331.866821 0.860510 14 284.059753 73.593636 341.334747 161.679810
007903,0.862753 14 312.791809 106.975792 444.711853 293.933929 0.867400 14 16.212337 68.713028 165.674988 374.253662 0.845757 14 313.150085 104.332123 407.310699 239.217728
007904,0.975105 14 413.345612 109.026909 446.151093 175.891327 0.946867 14 322.021027 118.192413 348.826721 178.331680 0.970062 14 346.731445 115.236305 375.869476 178.184082 0.977588 14 91.628601 124.697922 143.093109 250.241287 0.784797 14 156.873306 124.529533 169.244308 154.714798 0.712060 14 129.663788 124.614746 145.680328 160.939728
007906,0.602513 6 261.518738 10.838926 340.707581 51.116890 0.563084 6 390.662415 22.685162 440.083771 59.475315 0.715837 6 463.543182 45.232487 493.694427 104.315681 0.821290 6 463.229919 45.271580 493.630310 104.853264 0.656491 6 3.271587 7.629325 222.625977 149.618866 0.958004 6 415.727936 28.360212 484.351013 72.568878 0.733685 6 320.464600 19.932064 445.241028 60.723553 0.765533 6 11.454791 5.988132 182.398636 67.763481 0.713064 6 393.760071 22.308649 443.752594 59.405540 0.649377 6 61.666176 65.306664 472.565704 284.110779 0.785039 6 209.526535 6.922338 353.636993 54.732906 0.937111 6 318.316437 20.565645 401.681641 60.085003
007907,
007912,0.681248 6 1.177955 153.073471 60.793465 252.558044 0.984716 14 365.787598 181.142883 405.558258 285.529205 0.631968 6 79.142731 78.429634 449.758698 295.061920 0.909642 14 294.592407 134.701324 316.856293 162.860443
007913,0.970959 14 18.089779 96.707581 108.752449 280.081665 0.967535 14 216.766586 92.024422 350.615021 280.130951 0.575153 14 215.530075 92.316788 356.127899 375.085907
007917,0.555834 14 195.358795 58.405479 394.538757 375.482452 0.902023 14 21.888733 107.887779 232.808411 375.876282 0.905465 14 214.778397 59.558552 460.288269 374.732910 0.530923 14 217.109756 59.239101 420.310211 323.952972 0.809394 14 220.495880 60.862587 497.776154 374.469940
007918,0.779856 14 244.188965 227.652130 261.123810 247.297531
007922,
007927,0.945666 14 480.780121 108.062447 500.187225 176.250931 0.964948 14 452.158600 110.305054 490.861908 179.995560
007929,0.596707 14 200.154022 140.825058 257.186432 264.561768 0.540000 14 65.101006 162.554855 212.851639 461.377472 0.954498 14 139.197998 155.540009 214.633530 459.021851 0.677167 14 130.395081 141.590408 184.892471 457.985565 0.636770 14 28.369568 175.450577 145.385925 424.646912 0.948115 14 199.673080 142.855850 261.748871 446.557220 0.893269 14 112.952789 142.708405 217.949478 460.262329 0.979927 14 59.205719 175.072189 140.148697 421.196594 0.730669 14 198.555618 148.640640 364.154968 449.748108 0.612089 14 129.101288 140.614868 180.636719 367.898926 0.957586 14 244.630219 154.931686 360.969116 451.761169
007930,
007934,
007936,
007937,0.571666 14 371.943787 236.995255 387.427277 275.123657
007938,
007941,
007942,0.850939 14 276.101898 152.179459 331.306885 323.620667 0.928636 14 238.673050 150.212784 342.373230 324.725891 0.518339 14 262.062531 63.562244 320.280884 172.636719 0.933518 14 243.507477 63.637833 342.985535 326.673401
007944,0.733107 6 24.353086 70.353775 439.067444 139.035202 0.929595 14 71.418625 57.429798 89.319962 73.467331 0.623174 14 351.263275 54.904362 370.900635 65.942245
007945,0.738612 14 427.344543 222.070465 440.552277 256.864349
007948,0.821148 6 80.105988 120.967598 485.415894 255.606506
007949,0.767823 6 327.821045 183.483963 406.506317 277.859772 0.589799 6 154.273285 175.397476 239.598969 308.766602 0.610906 6 2.386242 157.836639 160.229538 360.590698 0.688434 6 236.998627 177.629425 330.893341 294.508118 0.757009 6 238.171982 179.765244 405.612457 288.749969
007951,0.825684 14 260.985321 103.992889 288.995697 129.305481 0.883655 14 472.487427 151.228699 495.033112 209.123672 0.660359 14 122.800705 125.431587 192.002243 243.919952 0.596692 14 179.245377 90.684807 204.551514 117.771065
007952,
007955,0.503973 14 2.886474 3.644284 468.930237 375.521729 0.675591 14 223.616028 50.983006 471.351715 369.560333
007957,0.580569 14 216.457077 36.337326 315.240387 330.902252 0.556394 14 131.284027 91.263977 213.327560 251.532440 0.580674 14 78.739326 144.230301 139.384491 276.413452 0.680093 14 73.509361 92.471039 209.748566 330.762970 0.718981 14 6.372847 92.603508 214.712891 332.167603 0.877228 14 2.993114 137.126877 134.153549 320.751617 0.550891 14 182.990646 35.279873 314.054230 331.743927 0.598376 14 57.336777 141.785934 138.809204 300.201385
007960,0.824051 6 74.916977 149.810242 466.854034 275.298248
007961,0.723359 6 405.660370 172.905777 500.488983 269.698181 0.980547 14 163.700912 127.666290 247.843948 332.736481 0.792861 6 57.099762 166.546768 171.678757 250.814713 0.547425 6 0.530936 259.089264 83.885071 333.409576 0.842846 6 330.816528 158.301468 448.453583 196.958878
007962,0.957433 14 161.252762 177.918900 267.445007 374.375336 0.747836 14 98.301399 178.050766 271.046692 375.452942 0.882571 14 92.933044 164.953217 176.813553 374.607697
007965,0.572314 14 42.291290 77.584526 66.024246 132.620041 0.943086 14 15.435328 87.119904 275.649750 502.395996 0.532701 14 13.882144 86.294502 168.857285 500.361084 0.874453 14 145.254929 111.805527 280.755920 499.776764 0.914407 14 270.939117 121.846046 300.594391 162.406265
007966,0.700159 14 109.940308 81.839973 260.411957 308.975128 0.791686 14 226.472366 93.348709 347.024902 310.109711
007967,0.760195 14 473.759399 1.479803 499.996887 116.463951 0.935216 6 195.305176 36.825073 322.180573 88.131668 0.977064 14 62.347397 11.794796 124.559151 151.451508 0.963430 6 402.130737 51.520836 474.802490 88.186554
007969,0.607587 14 150.468231 137.996033 170.668732 260.889587 0.610690 14 153.643539 138.079559 169.439987 190.696060 0.978002 14 96.512611 117.331398 162.849472 376.834320 0.980832 14 34.510170 181.469498 91.319359 421.043884 0.979552 14 158.329208 123.936859 237.190353 386.401031 0.940924 14 255.685104 143.047546 273.068146 204.604691 0.818872 14 224.991898 147.914291 241.472946 192.076767
007972,0.639759 14 10.169983 60.709545 268.565857 286.271210 0.766610 14 5.145952 61.221577 250.427124 286.489807 0.531861 14 5.331710 58.812588 207.228622 286.288635 0.509522 14 263.558258 34.573956 431.794586 256.116486 0.606472 14 260.509125 42.508305 377.129547 245.663635 0.568545 14 242.355103 39.445816 381.093079 282.605804 0.757162 14 259.611938 37.277283 474.929840 275.570953
007973,
007975,0.965724 14 393.134491 200.095413 457.235809 287.751068
007977,
007978,0.805710 14 257.314209 104.090385 330.991913 167.138504 0.938147 14 251.492233 104.708298 331.012451 204.088013
007981,
007982,
007983,0.875876 14 114.194725 105.968933 143.462341 219.565155 0.690364 14 84.525528 112.528641 101.530174 146.782288 0.736700 14 127.411949 105.918289 147.595169 164.922333 0.666082 14 81.777214 109.832535 130.688873 245.187973 0.853564 14 17.194145 95.341209 131.486328 323.748901
007985,0.978323 14 228.398178 76.670822 304.154358 247.758102
007986,0.859423 14 57.285984 375.404724 90.537552 482.881134 0.608288 14 231.918427 388.903412 249.657898 437.336426 0.819097 14 183.315002 290.602142 214.341766 365.506409 0.505133 14 35.301632 130.634109 97.648727 482.632172 0.946643 14 74.181801 60.811443 221.221069 500.106384 0.703158 14 181.498795 288.633759 239.664185 499.385773
007988,0.961281 14 116.815910 214.976486 162.709930 250.361252
007989,
007990,
007992,0.819118 6 211.174301 127.322449 325.229523 214.779877 0.943102 14 39.917656 27.624125 55.354370 66.835609 0.668654 14 1.718821 39.890507 16.973455 66.039352 0.928329 14 18.313494 27.993111 34.626396 66.311394
007993,0.883757 14 61.582058 197.148178 89.544106 224.211975
007994,0.709733 14 187.582916 115.339958 285.496796 260.165192 0.969435 14 398.245117 141.156830 441.308838 270.489929 0.863074 14 179.713257 126.125786 215.704300 268.167267 0.809590 14 197.724731 115.243950 242.993561 260.879272 0.922779 14 178.206619 126.130486 208.665192 202.681442 0.980785 14 73.803375 146.130325 110.046127 269.228027 0.913840 14 305.951508 149.397614 358.503418 291.957947 0.629674 14 301.719940 149.098343 354.869568 292.627411 0.981087 14 349.098145 149.982040 389.519867 264.880981 0.951596 14 303.293884 149.196381 390.480988 291.857300
007995,0.685755 14 308.757111 139.183090 325.924774 151.808014
008000,0.703001 14 210.267990 197.258316 328.094757 299.334534
008003,0.649928 14 170.743347 4.745532 309.122894 198.675110 0.709293 14 167.792557 6.437469 309.875305 261.484772
008006,0.959274 6 19.817244 268.015320 111.717361 347.707886
008007,
008010,0.600722 14 242.471710 63.473503 292.084747 188.892960 0.934090 14 248.343796 64.483208 337.095123 189.302933
008011,
008013,0.558240 14 92.939781 78.658653 174.936478 198.532394 0.554007 14 0.858844 3.841281 51.825676 309.282288 0.775507 14 89.659492 81.022453 183.741074 373.180267
008014,0.820327 14 150.848343 141.785172 174.573929 195.363022 0.524908 14 151.325684 138.871368 173.282745 176.850708 0.511050 14 171.431183 10.020800 260.818512 224.931961 0.523215 14 46.322983 162.713272 76.165367 224.353027
008015,
008016,
008018,0.630006 14 129.516861 108.726318 322.394135 337.789093 0.611505 14 212.157501 109.841827 318.101898 337.618439 0.587575 14 223.780319 109.511459 264.727051 189.694992 0.509462 14 218.992859 108.752640 316.943909 249.711319 0.606354 14 218.306381 109.794762 317.384064 249.912018
008020,0.916671 6 11.244360 147.022751 133.979202 216.756973
008021,
008022,0.803766 14 184.096222 95.054176 288.927094 331.781311 0.667053 14 290.147766 25.886749 462.797516 332.528381 0.824487 14 287.343140 7.713465 496.688599 332.592316
008025,
008027,0.791050 14 55.819931 117.429214 135.077103 421.576447 0.858613 14 2.878730 119.247078 133.648193 489.290588 0.820191 14 2.730800 118.990135 133.657410 500.038208
008028,
008030,
008034,0.919670 14 93.978111 39.040165 227.379501 203.334015 0.793518 14 253.069336 40.808399 414.810059 228.022095
008035,0.742521 14 23.722712 357.006744 37.397087 437.338013 0.909148 14 41.007893 203.169357 59.857449 254.428452 0.904331 6 228.665985 364.691223 281.598175 468.858032 0.519159 14 95.079262 355.210938 137.970825 490.014526 0.743916 14 164.326675 377.733643 181.187943 425.644745 0.953907 14 11.320053 360.323181 30.736280 421.055206 0.866346 14 97.719818 351.663330 120.767700 381.623474 0.848853 14 41.893131 361.075867 54.281406 391.545776 0.661042 14 62.783337 336.126862 73.257217 368.307587
008038,0.957960 14 198.499100 104.107750 268.319672 282.245514 0.642824 14 131.999649 96.334198 271.106049 281.041931 0.971048 14 127.877831 92.066437 216.174988 283.004791 0.922015 14 254.575729 100.968040 318.725220 283.202423 0.969176 14 289.442383 93.741661 392.228027 283.763916
008039,0.732190 15 119.234467 130.894913 169.430878 201.764877 0.683426 15 320.348541 168.535492 340.722534 195.296021 0.632333 15 236.368027 143.494476 274.850647 195.130020 0.978199 14 44.115997 139.062988 84.932617 221.693893 0.517184 15 120.634201 134.304504 165.380356 200.747787
008041,0.606384 14 64.642998 27.793705 229.976151 498.826569 0.571324 6 180.615982 0.547944 280.684906 44.470169 0.589339 14 58.787708 30.232473 279.104645 499.851990
008045,
008046,0.501354 14 157.652145 202.899399 183.321564 257.665131 0.510820 14 84.659279 187.634064 110.400993 234.238556 0.964950 14 75.518669 187.417236 115.096939 265.417267 0.712262 14 0.681654 221.673737 15.209749 307.936890 0.682007 14 87.111244 187.370682 115.617493 241.998947 0.906731 14 193.329590 156.823029 245.920975 246.003433 0.689889 1 57.159828 228.720840 123.270622 306.867554 0.561167 14 75.284790 187.014664 105.662140 261.638336 0.597399 1 57.510021 245.988113 122.773109 306.635559 0.941435 14 0.833927 220.896454 16.312540 280.260162 0.768882 14 192.417404 159.662552 248.015503 350.963654
008047,0.701576 6 21.282225 56.372845 48.394695 84.097008 0.540547 6 229.706375 0.547011 278.132904 14.163947
008050,0.919615 14 206.398483 114.442596 259.565308 179.338669 0.799404 14 290.891571 120.132919 353.528290 201.133560 0.682445 14 459.125885 108.806915 489.381561 168.119858 0.839625 14 207.778671 114.637146 254.353851 154.317993 0.902734 14 357.959167 45.522129 398.035126 77.490753 0.903205 14 290.287476 120.371330 338.008484 163.332153
008052,0.911964 14 197.011444 22.847088 245.037888 100.588104 0.862647 14 198.088989 22.170818 243.467819 90.562653 0.788002 14 306.660767 75.261063 336.974030 93.947571
008054,
008055,
008056,0.584971 8 185.621094 215.818649 259.852753 330.320374
008058,0.964187 14 134.085724 66.650818 233.889771 375.636932 0.975863 14 1.623720 52.697407 110.571548 375.292236 0.982911 14 304.104889 71.440872 405.260895 367.687225
008059,0.768893 14 235.030212 90.404755 250.805176 107.904488 0.782772 14 272.851501 91.802841 290.900848 157.271042 0.660645 14 273.463074 91.647446 295.599243 170.816879 0.687096 14 233.672638 90.211548 251.122284 119.057915 0.746079 14 273.212341 91.255852 288.495056 110.419785 0.932822 14 130.782501 14.529589 204.746704 167.225311 0.783300 14 232.966385 91.061646 252.654343 145.363937 0.844455 14 276.846436 123.766129 287.820709 157.107574
008065,
008066,
008070,0.947157 14 57.320065 114.550873 96.111092 287.665833 0.941564 14 13.371156 116.765030 49.928650 283.223846 0.577044 14 93.987564 123.338730 119.054550 203.653152 0.918623 14 10.835831 116.421974 73.006836 281.514313 0.578725 14 95.933655 123.265869 119.017754 175.436935
008071,0.545315 14 87.888794 313.081635 178.962784 457.388519 0.519190 6 120.916260 319.567078 312.695648 441.858948
008073,0.509925 14 86.773270 36.851227 167.749023 230.871078 0.607047 14 94.459221 35.693821 169.916550 197.599274 0.681326 14 90.547768 36.825912 210.479675 250.437759 0.538483 14 91.087982 35.359890 169.335709 146.720383 0.838898 14 92.026772 34.721050 166.888779 232.296326
008074,0.550195 14 19.214418 190.248993 48.174885 334.326660 0.869282 14 110.813309 128.367172 206.331223 394.723877 0.917512 14 19.454063 188.163300 51.516579 330.868530 0.580068 14 17.093468 111.993599 50.334110 333.562958 0.809699 14 47.392460 183.561234 73.819145 325.735291 0.786147 14 47.040478 183.912750 70.923996 276.991974
008077,0.540157 14 300.689178 160.240341 420.208252 361.270660 0.907885 14 393.002716 93.164001 493.710236 371.515350 0.506462 14 317.988403 160.407608 417.594269 345.754791 0.662911 14 3.227972 113.889214 141.502594 265.179352 0.531500 14 315.441711 160.303543 417.727203 343.301727 0.715406 14 272.460388 162.165161 415.865601 344.534485 0.785997 14 395.876099 94.476021 490.413605 318.823059 0.830438 14 243.653427 104.595085 267.613190 131.573334 0.868724 14 323.769897 103.441673 349.829987 140.921524 0.659495 14 445.864502 10.640164 488.584625 95.069099 0.942227 14 295.700470 100.044365 327.513794 140.330521 0.713499 14 2.632387 113.056778 101.071754 245.886414 0.796100 14 3.200911 115.414772 139.133774 310.983704 0.689995 14 447.111328 10.928498 485.475555 69.473190 0.947846 14 2.640791 113.606071 139.705566 375.189575 0.562464 14 194.639771 103.589012 217.760773 131.317871 0.546966 14 277.004547 94.905785 493.708740 348.345520 0.806190 14 251.681961 159.189377 421.811310 371.971741 0.613064 14 208.177094 94.624794 493.558899 374.543854
008078,
008080,
008081,0.880112 14 57.212681 0.041915 120.561111 127.643692 0.535119 14 380.038147 13.566829 406.916321 55.658810 0.699263 14 475.853027 39.824753 500.178802 158.997086 0.530869 14 324.026825 9.535094 360.065277 76.496422 0.753086 14 429.565796 6.320961 473.131226 165.143723 0.922605 14 443.393707 37.130444 479.634338 166.692184 0.677915 14 402.339569 29.927134 438.735260 172.641006 0.708777 14 367.951477 11.749434 395.171387 64.016083 0.524007 14 397.966461 18.611124 428.848999 86.689262 0.889696 14 299.058899 4.858358 323.971100 48.864502 0.537666 14 271.217285 0.341180 295.838898 47.256153 0.808442 14 113.864433 0.333242 177.068512 96.380241 0.509054 14 114.686493 0.384218 162.246017 93.559196 0.503291 14 398.816132 14.012588 422.777496 54.212334 0.878004 14 53.116119 1.753014 172.582474 291.321167 0.942258 14 395.661163 21.999411 436.378967 173.794449 0.881906 14 324.552551 12.591699 357.701813 57.697300
008088,0.800421 6 1.086203 226.299759 25.790550 258.228424 0.895962 14 312.008057 211.105881 340.984741 256.691437 0.611650 14 315.716522 211.818649 345.785156 257.266815 0.791902 14 80.530815 177.742172 108.620697 242.153809 0.584220 14 81.925751 176.929886 101.978645 202.919144
008089,
008090,
008092,
008094,
008097,
008099,0.930135 14 92.809128 218.750946 118.116264 267.373596
008102,0.977987 14 245.724121 73.853676 333.704102 183.051147
008104,0.911207 14 236.557175 200.103500 264.708130 284.554626 0.977552 14 408.696808 191.857071 446.182098 311.616302 0.868880 14 377.897858 189.070480 403.961731 308.935577 0.942614 14 370.941864 189.029434 402.886627 309.526733 0.836812 14 352.470154 189.360382 380.971313 261.176117 0.794988 14 351.972626 190.021408 382.758728 303.859955 0.884819 14 432.480682 190.463974 455.036926 267.159546 0.912166 14 450.251648 192.253708 485.346863 272.879913 0.894473 14 410.508545 191.396072 438.961761 308.998444 0.625418 14 352.279144 189.654846 384.537140 305.695801 0.885694 14 360.202759 188.881958 392.657593 305.565033 0.956559 14 464.708923 193.775940 495.251892 274.508423 0.566132 14 448.294159 191.857925 472.767303 268.433594 0.512610 14 385.266296 188.480240 407.377136 308.143097 0.584814 14 341.487732 189.900024 364.648956 258.415405
008109,
008110,0.580655 14 64.848022 138.313736 259.126678 426.271881 0.861223 14 57.746296 135.895721 267.519135 426.526917
008111,0.953138 14 228.783279 93.819183 342.774078 452.253693 0.603610 14 24.740419 21.143272 260.603668 483.878082 0.717404 14 72.713188 28.504774 258.239471 481.660309
008113,
008114,
008118,
008119,
008120,0.569663 14 1.765227 143.265167 66.978554 438.277191 0.901031 14 3.296879 140.751663 126.556877 438.206726 0.890018 14 151.622955 68.700089 285.247223 436.734741
008123,
008124,0.956950 14 312.477936 37.023540 369.304047 212.445999 0.647537 14 316.890289 37.498619 460.275299 293.847992
008126,0.869215 14 191.832962 164.046478 210.461823 190.010101 0.965895 14 145.215698 154.200455 183.647476 196.534164 0.807551 14 163.991226 156.227219 187.508423 193.254974 0.796366 6 87.949112 200.873413 366.646362 317.848083 0.951745 14 291.208435 22.688656 458.224945 300.932068
008128,0.614503 14 95.501694 42.002209 254.464951 259.547180 0.561362 14 93.553322 41.506149 219.845245 261.532867 0.663267 14 94.652336 40.981964 256.180115 297.025635
008129,
008131,0.940658 14 79.840355 82.347939 252.498322 366.748718 0.967595 14 292.962158 41.665646 500.529755 374.679657
008133,
008134,0.552621 14 216.086044 192.576675 265.802582 321.286682 0.560561 14 317.764069 194.066849 367.191406 318.847229 0.534433 14 367.341919 202.912720 399.594513 317.296844 0.666899 14 167.081558 192.549683 215.167679 319.216522
008135,0.899064 6 416.072723 21.178669 450.693604 72.463608
008136,
008143,
008145,
008146,0.967624 14 105.801155 379.270416 131.298386 467.106964
008147,0.721576 14 92.078644 32.500404 134.712997 136.470016 0.624147 14 108.850571 32.005886 133.398972 71.962128 0.873340 14 137.427765 34.533405 189.389862 122.227112
008148,
008149,0.524152 6 266.488373 14.387548 403.491425 180.617249
008152,0.682394 6 1.358472 84.660309 64.761589 207.737930 0.675447 6 1.453284 84.124687 66.387489 205.406189 0.832874 14 424.606262 90.664207 454.866119 171.656433 0.835011 14 423.597107 88.781982 454.310760 152.109375 0.961424 14 8.686599 82.778053 49.555897 211.674194 0.986358 14 226.765472 42.253441 347.783783 375.907288 0.880947 6 69.603142 83.497688 453.685760 322.648834
008153,0.562108 15 148.458633 295.640228 178.181320 354.389557
008154,
008155,0.600249 15 337.031616 160.375076 366.985504 199.174454
008156,
008157,0.800899 14 258.161102 87.642052 407.972656 330.132874 0.959161 14 360.249084 68.771873 488.116699 313.914032 0.562272 14 308.867706 87.906433 405.189087 328.964233 0.615257 14 428.617401 109.804695 487.854462 205.911133 0.911943 14 423.600433 110.603249 490.170013 311.406281 0.537185 14 256.147766 88.492813 370.299072 265.185181 0.841589 14 262.575806 83.486832 475.481018 330.001221 0.560610 14 261.376160 84.406166 494.756836 325.778381 0.502279 14 337.709045 75.471329 435.246094 322.504242 0.612349 14 259.019348 87.338165 409.918091 330.394348 0.759702 14 362.932831 69.023056 453.338776 215.120087 0.756058 14 279.608093 87.495232 410.213074 329.960663 0.699508 14 318.455231 69.529907 490.691833 319.377441 0.535854 14 334.922913 87.740997 375.173096 134.608582
008158,
008161,0.915796 6 0.965847 172.497650 37.082462 270.673187 0.800638 6 23.274506 199.612106 179.380081 379.868286 0.929036 6 188.850403 266.516388 247.762711 318.124115
008162,0.642977 15 285.935120 139.475616 354.878113 177.352371
008165,
008167,0.634618 15 103.342407 188.299881 153.512009 265.374542 0.590044 15 104.147713 138.974487 158.514938 265.455566
008170,0.848591 14 223.609055 66.984428 256.323273 144.866074 0.742014 14 169.926407 66.777428 192.501724 92.724762 0.599012 14 2.448395 19.456051 168.340439 374.305145 0.592532 14 227.962738 66.565514 255.238205 110.962494 0.548019 14 2.204463 18.472105 158.180374 374.018494 0.579493 14 234.097321 100.260048 313.598053 204.401001 0.682179 14 223.484589 67.024529 260.101196 218.608948 0.664692 14 3.347762 18.308514 220.017319 375.659729 0.866665 14 3.715985 19.804504 200.821335 375.162018 0.614350 14 227.565979 0.217393 381.270020 346.985382 0.539914 14 232.219208 94.529694 333.595917 273.438538 0.777668 14 275.540680 102.554924 311.068848 156.415405
008172,0.899058 14 47.568649 18.368279 370.929016 489.343353
008176,
008178,0.709298 14 324.986267 64.330070 425.756866 256.507751
008179,
008181,
008182,0.851224 14 192.880722 96.146873 219.606155 133.685181 0.701143 14 128.698853 21.490515 157.404221 59.443562 0.524874 14 29.791134 8.447237 59.530815 133.241562 0.894202 14 193.749374 97.000511 222.638641 164.752182 0.640492 14 116.797539 87.886993 139.853500 137.025391
008183,0.931088 14 30.302950 20.063040 103.676636 275.483398
008184,
008185,0.529512 15 194.521622 183.927383 283.387634 325.776672
008187,
008192,0.964084 14 144.438141 56.177067 244.954788 269.284851
008193,
008194,
008195,0.903551 6 1.654426 17.169725 54.245136 71.708069
008196,0.950282 14 149.366211 106.311066 297.168182 257.849640
008198,0.531465 15 184.329636 119.607864 239.075363 174.056961
008201,
008205,0.900868 14 143.966751 23.323700 210.344971 183.797806 0.763487 14 141.535583 23.549854 229.479248 185.089142
008206,
008207,0.527421 14 264.307617 35.713688 319.001190 123.343994 0.600051 14 135.158051 268.035431 197.615036 393.057251 0.592848 14 93.424644 48.277073 193.198853 202.547836 0.798117 14 9.631403 243.786469 139.964111 408.347717 0.843829 14 330.219177 14.952587 438.364594 408.309845 0.553326 14 17.682783 52.393051 144.473587 213.085907 0.931892 14 317.325775 242.847305 414.775482 414.777618 0.832244 14 247.225540 268.621643 304.397858 400.476990 0.903484 14 198.990189 262.153107 274.545441 401.341797 0.629382 14 336.590240 12.282043 432.872406 158.173889 0.818552 14 123.740318 264.630463 276.649811 415.241913 0.746995 14 34.745567 93.779991 98.667076 204.086929 0.774531 14 8.970235 93.046341 111.242767 406.696564 0.615013 14 146.830673 37.069736 205.013214 138.482407 0.791424 14 261.259216 33.349449 350.453888 198.782974 0.835159 14 89.494873 242.689255 144.442566 397.257294 0.642978 14 90.771469 243.183823 144.689667 351.960449 0.840207 14 245.535187 268.365845 291.527557 363.978790 0.657575 14 181.428665 43.014076 277.859436 368.329926 0.861739 14 141.787048 37.478203 207.792221 196.784256 0.874073 14 95.461014 51.562607 151.878540 202.193329 0.853849 14 121.588409 267.313202 212.746506 409.127075 0.860389 14 11.205517 56.659122 150.697296 406.338745 0.834924 14 265.332825 306.884949 312.835327 400.179718 0.690545 14 319.011078 242.378204 436.167725 410.364685 0.761877 14 199.048309 262.854095 251.601578 356.076141 0.620611 14 259.531982 33.645599 351.008545 360.484222 0.712731 14 333.503174 15.166947 436.598663 346.241760 0.708483 14 268.175079 242.954605 414.563049 420.281921
008210,
008212,0.618849 6 128.607117 196.133560 189.201859 249.730911 0.628639 6 128.661224 197.622345 189.213684 259.848419 0.633300 6 127.784615 195.812180 209.209335 267.846313 0.561782 15 57.879902 114.199715 91.904404 195.284149 0.512885 6 127.864601 196.181564 190.707947 271.965942
008214,
008215,0.959619 14 78.975029 133.034103 174.751007 403.209015
008217,0.906094 14 290.852356 184.329498 307.031036 212.485855
008219,0.946447 14 150.272903 115.760216 190.129257 160.556976
008221,
008227,
008228,
008230,0.784891 6 1.334867 174.811951 59.783997 262.284943 0.963072 14 60.934006 142.006699 83.557411 199.702377 0.587349 6 1.492815 166.259094 62.024258 263.041077 0.933879 14 117.354118 124.326134 142.614273 181.981262 0.934807 14 95.425911 137.199127 117.715408 188.388260 0.816743 14 33.519974 158.200897 59.194920 189.086594 0.589688 14 96.534584 137.322937 120.460350 201.025894
008231,0.693639 14 288.017670 57.109863 304.462280 87.234459 0.746329 14 189.248352 74.528740 211.373184 97.198807 0.667746 14 16.279627 62.936954 36.912666 85.650383 0.751089 14 448.489960 55.991924 467.884766 92.450264 0.911074 14 255.876846 52.401863 278.430573 87.332611 0.805097 14 316.969238 56.627480 335.468689 87.416412 0.728901 14 423.050232 58.384464 439.794495 79.920158 0.895318 6 1.662519 77.206711 48.893417 117.415520 0.926353 14 335.674530 49.949841 366.932037 89.151138 0.893885 14 61.208717 136.945374 84.865059 159.925781 0.827924 14 448.926727 54.236332 467.646881 89.323547 0.766279 14 15.160591 63.620125 43.557144 122.773155 0.754262 6 4.993320 40.544762 501.829803 287.225372 0.885003 14 225.806671 55.164131 245.515457 87.848816 0.904874 14 291.276947 62.078930 316.508850 87.495628
008233,0.517594 14 139.376434 49.821877 364.095886 362.842987 0.796774 14 385.099274 38.810566 421.897736 117.767014 0.774643 14 361.420074 39.279552 419.611420 109.004852 0.820465 14 119.891617 51.738808 493.992828 374.567474 0.560815 14 196.546463 50.932388 494.926788 373.923859
008234,0.589316 6 8.400597 82.717682 192.264084 245.741776 0.947113 14 190.341141 120.171097 253.839737 207.375641 0.951803 14 91.904396 102.627899 126.522720 143.838776
008237,0.953278 14 291.181488 166.735748 305.539642 223.240707 0.590445 6 1.130408 182.630783 170.478516 293.033295 0.794317 14 195.989914 171.160645 228.375031 245.487549
008238,0.535638 4 342.293762 235.685165 378.119324 294.150604 0.627074 14 395.117554 39.771156 417.695129 82.288185 0.890153 14 52.258968 87.437683 307.882812 333.810974 0.694691 14 49.815327 86.325768 392.721497 333.918793
008239,0.945316 14 122.638725 55.969341 232.144562 280.014282 0.544670 14 217.873093 42.989731 393.216614 307.520691 0.716151 14 220.460342 43.886951 389.275848 308.845093 0.504918 14 46.736862 107.496933 72.721504 131.629639 0.631844 14 83.219246 95.305634 111.560699 129.125366 0.840401 14 220.936325 43.416580 388.852509 239.128952
008240,0.527428 6 251.860077 66.799431 437.570923 140.902695
008242,
008243,
008245,0.706477 14 44.762714 219.943573 74.468117 271.591553 0.613768 14 75.848221 152.842422 147.720016 229.408356 0.846522 14 245.086136 152.550034 293.849884 248.664886 0.518248 14 206.837387 159.792496 238.438599 232.921982 0.516788 14 76.078850 154.899017 149.271973 265.020203 0.567818 14 242.625656 151.207230 293.129272 249.311127 0.952740 14 26.623886 170.313141 74.367462 262.458374 0.803934 14 20.448246 169.750748 74.455864 296.795135 0.903315 14 164.855347 150.195831 207.969345 240.089096 0.959370 14 207.120255 160.806885 254.293060 247.297928 0.898214 14 164.860352 149.969208 199.081436 216.730713 0.949020 14 78.767868 153.139175 147.779236 224.037766 0.816685 14 32.306599 168.906342 71.605446 225.215347 0.544745 14 244.923630 153.494843 310.247620 313.087921 0.770712 14 243.882553 154.238022 311.691345 318.767883 0.596606 14 242.646561 156.613220 345.724976 353.904663 0.760889 14 82.643509 154.007233 125.338287 223.298477 0.970534 14 282.262054 164.312836 344.888062 302.425049
008246,0.657627 6 176.222107 49.219215 326.129791 154.692368 0.957369 6 421.983459 84.261475 491.889038 114.144470 0.540561 6 9.322516 45.383018 177.628906 182.700165 0.807258 6 307.226105 53.352055 428.863922 129.430344
008247,
008249,0.696553 14 335.897400 26.892889 437.646454 228.589340 0.671998 14 222.579147 60.391422 238.985535 76.586578 0.629375 14 244.550873 55.988319 353.931854 149.149551 0.817955 14 337.921204 25.612455 432.670837 145.343765 0.520019 14 244.013428 55.473736 322.159424 147.752884 0.636177 14 350.511322 26.219301 435.025513 116.899063 0.700539 14 9.420976 54.762672 32.686108 77.328148 0.777862 14 244.572998 56.621918 381.686096 199.209259 0.941492 14 337.859924 26.611229 434.780365 193.150757
008255,0.903848 14 94.929771 115.585632 155.657257 342.462402 0.612655 14 42.834312 115.602997 164.834427 344.902679
008256,0.959905 14 177.962036 37.851597 271.290558 172.220886 0.839353 14 294.105469 35.057846 371.921173 209.491760 0.684502 14 291.101746 49.161770 362.081787 206.814407
008257,0.697675 14 180.944092 43.829792 211.279480 92.268188 0.687670 14 106.499542 49.959454 128.039566 75.047882 0.569995 14 151.817841 45.819168 172.641678 75.137970 0.864266 14 151.427765 46.556065 176.846008 120.088211 0.863474 14 179.635483 44.702057 212.520020 135.481064 0.645798 14 106.886139 49.242584 131.390411 118.570610 0.630125 14 153.548645 45.894772 176.537292 88.717812
008259,0.567434 1 86.489601 183.445511 244.787979 318.827423 0.711907 14 151.253677 48.551472 259.471802 343.865631 0.934573 6 2.652012 38.482742 124.519592 132.961838 0.630041 14 324.637329 116.855927 437.498962 359.529602 0.640110 14 200.224747 119.457619 232.648422 172.674240 0.791766 14 126.397804 41.388096 256.107819 209.599152 0.767297 14 155.791809 140.265823 193.291229 207.321213 0.836730 6 265.661987 20.518101 500.097748 177.414062 0.705209 14 144.230545 49.961277 218.802277 208.479767 0.844986 14 127.688911 45.340286 258.813843 340.708405 0.632039 14 126.203537 33.070328 287.886688 346.417480 0.689412 14 216.739182 128.818146 302.440582 343.654266 0.514336 14 298.043427 2.520762 441.952240 360.931213
008264,0.764045 6 50.969524 80.240219 480.416595 345.466248
008265,0.667660 14 2.712041 33.711700 497.533722 375.833374 0.831973 14 4.686929 37.305000 206.121826 375.873108
008266,0.907514 14 372.770782 159.307007 396.146667 195.173096
008267,
008270,0.524934 6 52.923649 54.961349 474.990875 173.095184 0.684476 6 24.141088 100.269379 480.897186 273.766266
008271,0.976729 14 237.140717 166.346497 274.561371 292.370728 0.859641 14 92.497307 220.724548 111.282532 260.186310 0.620910 14 141.191818 212.668991 152.265564 256.078583 0.566402 15 113.753784 206.080231 133.492294 253.005173 0.896446 14 57.749947 195.687073 79.334534 266.273682
008273,
008274,
008276,
008277,0.717777 14 23.301060 49.122505 138.937439 214.850372 0.566878 14 42.644478 69.808960 140.077026 211.430435
008278,0.758948 14 83.279732 250.873505 104.588470 284.624451
008283,0.867604 6 80.760704 63.069599 422.410248 173.684433
008286,
008287,0.703057 4 281.958984 206.933594 342.648926 374.334808 0.637587 14 81.470055 88.903900 283.450592 296.151398 0.627346 14 83.263275 89.064240 286.504456 372.286011 0.523227 14 165.423874 270.229370 287.573151 374.420166 0.812532 14 300.666168 55.265656 485.787323 374.181213
008288,0.655956 14 133.767654 198.070679 180.314819 309.434387 0.562485 14 132.734116 197.109039 304.696930 374.390594 0.733928 14 11.828169 20.760029 301.298553 377.259460
008289,
008290,0.814861 14 106.470764 153.365402 126.741035 183.919861 0.827002 6 135.825455 16.591618 381.985321 100.841011 0.569440 6 399.401917 37.892235 499.965668 100.189445 0.786433 6 103.906181 92.491814 377.496307 248.070450
008291,0.913957 14 455.507263 155.338028 485.911743 189.524292 0.928118 14 479.784729 156.857422 500.106262 188.482620
008298,
008303,0.952231 14 166.938293 44.522358 256.524536 234.983917
008304,
008305,
008308,
008309,0.792521 14 171.266434 176.787079 311.893311 372.116638
008314,0.825883 14 233.483292 34.522083 308.470032 147.223190 0.680857 14 235.009476 33.077896 421.505157 191.199326
008321,0.744332 14 1.984110 21.833643 215.044373 500.219574 0.571450 14 1.954655 21.600128 143.909668 499.590027 0.692260 14 8.262202 24.154007 218.989594 499.540863 0.520327 14 122.879417 241.441833 218.787216 498.768463
008324,0.588443 14 17.817392 221.208145 68.816788 335.105011 0.728335 14 24.812038 220.923904 70.098206 354.361420 0.597397 14 0.919045 287.605682 18.186815 354.083832 0.858592 6 11.827193 183.942810 155.656250 275.271179 0.730038 14 11.625545 142.110001 38.540627 183.792160 0.569388 14 11.543244 143.516449 41.033363 215.496567 0.667184 14 277.012573 198.320480 302.411682 230.993942
008325,0.596415 14 184.912064 75.458252 398.277344 374.848938 0.593758 14 1.392461 225.380722 59.354404 374.430725 0.958005 14 19.561134 64.686630 202.646408 375.424866 0.577648 14 183.299423 75.804649 451.522949 374.698029 0.652517 14 246.084808 99.927231 437.467102 344.594299 0.601971 14 171.956024 76.815994 256.591980 337.834198 0.859805 14 246.488754 96.449318 444.869171 374.183502
008328,0.847904 14 71.644882 175.729935 109.960648 219.687515 0.812586 14 139.131226 182.120224 177.941452 222.446335 0.698946 14 146.642944 163.899323 252.128769 425.302917 0.847504 14 161.935165 165.251389 247.903946 425.809204
008330,
008331,0.661050 14 209.417038 111.614296 235.619995 139.256195 0.664745 6 368.547394 153.480331 456.855713 302.283295
008333,
008334,
008337,
008339,
008340,
008343,
008344,
008347,
008348,
008350,0.765804 14 102.504784 135.538910 157.954407 377.299927 0.769847 14 77.750076 70.165474 160.694443 379.537537 0.711105 14 80.018257 136.525757 109.798508 240.684692 0.531227 14 78.650009 136.549713 133.509308 379.004791 0.779549 14 79.548126 135.898956 113.048782 313.517883
008352,
008353,0.902534 6 133.773483 111.984192 299.488190 185.419617 0.948239 6 2.035920 74.883530 68.042320 121.996376
008354,0.515324 14 185.539398 44.209881 250.517792 150.461182 0.546814 14 182.528763 43.971348 254.661255 253.077911 0.876081 14 184.103973 44.341114 253.805969 190.306854 0.616518 14 182.157318 45.598309 302.409821 261.717010
008356,
008357,0.945847 6 425.730042 150.537354 459.128723 171.517990 0.780907 6 1.518581 107.414993 67.609993 173.002640 0.589299 6 34.438179 149.603592 62.819084 172.466934
008358,
008361,
008362,0.606608 14 36.479191 1.102323 309.740021 329.272034 0.771143 14 131.376862 0.541894 311.808960 326.521606
008363,0.635834 14 360.251160 6.165675 383.585419 67.166260 0.755657 6 166.666504 82.693596 240.638016 112.249199 0.857440 6 406.191986 102.070267 446.847900 137.733429 0.534632 6 133.564896 81.879883 244.218552 113.513008 0.982920 14 21.353342 36.397945 174.410400 376.198242 0.776740 6 38.366856 87.997330 446.035675 301.112152
008366,0.755841 14 219.060547 18.592604 253.902466 115.354866 0.539746 6 49.660370 14.374975 451.107849 302.712952
008367,0.914648 6 44.379147 38.107277 141.635986 113.325722 0.912329 14 483.140533 130.241730 500.160156 189.394485 0.976668 14 118.274261 21.767445 217.229813 286.754486 0.575832 6 471.440277 55.899555 500.086365 95.032318 0.690672 6 36.528755 46.316689 64.559624 70.079079
008369,0.546995 14 330.420990 197.469131 361.213043 234.252853 0.534318 14 329.793793 199.457642 364.770569 258.948181 0.531828 14 331.615662 197.906830 357.315857 224.956558 0.880395 14 330.050232 198.572708 362.031403 245.827286
008371,0.503340 14 256.551788 39.607620 366.672394 374.805389
008373,
008375,0.941499 6 182.407196 448.231110 237.919174 488.405060
008377,0.623654 14 138.228989 122.804100 256.634735 367.211792 0.569298 14 1.097653 2.529860 123.749763 336.495026 0.618144 14 139.223923 2.898261 436.238586 374.915100
008378,0.867953 6 78.784706 102.745811 470.553223 270.411011
008379,
008380,0.576813 15 296.844269 110.246719 332.919678 188.506332
008382,0.525476 15 155.660614 238.222626 198.141586 314.794434 0.544231 4 145.049606 46.206398 163.816696 104.162498 0.552892 15 369.333527 162.285950 395.845032 201.328979 0.535389 15 329.270142 104.639473 371.095337 191.717392 0.543114 14 31.453754 47.763393 53.886971 105.026611 0.512818 15 94.403000 197.585266 120.741692 237.548203
008383,0.734334 6 29.374392 101.993408 492.712158 228.442184 0.834882 14 327.192261 129.809448 351.958618 171.873611 0.955076 14 428.425812 69.650696 467.523132 165.315292 0.918825 14 1.256632 135.609787 27.447870 213.567444 0.860920 14 219.627716 131.971039 248.343033 168.884659 0.953217 14 398.525574 94.204857 435.958710 162.463928 0.886925 14 413.050140 64.075943 450.255615 161.545700 0.669302 14 279.938416 77.161522 314.934509 170.475601 0.966981 14 42.553185 105.878052 72.263672 177.796310 0.567476 6 32.763481 102.368454 340.754059 220.490524 0.901706 14 365.193420 93.484741 404.980469 161.058212 0.565047 14 1.180298 77.969482 22.269617 217.540070 0.846481 14 136.459747 60.357559 172.656906 110.772720 0.967549 14 347.524628 63.411121 394.294525 158.389008 0.744157 14 131.726059 60.446049 171.835953 172.396515 0.948656 14 56.524994 134.232269 92.229561 175.329407 0.639454 14 268.336395 131.739166 294.202484 168.624237 0.809202 14 133.885834 61.046467 172.307968 148.321548 0.969382 14 92.156036 59.705944 131.728622 157.007309 0.603951 14 134.994019 95.543037 165.336212 156.362595 0.638554 6 3.358126 101.303261 498.637451 310.418335 0.636304 14 327.992920 130.798233 350.407959 162.824310 0.849522 14 283.446899 77.126381 313.448914 114.602943 0.751415 14 89.899818 131.073593 123.346397 171.660614 0.639885 6 26.902512 187.339142 501.125275 337.604309
008389,0.598967 15 211.458572 273.790375 239.708969 334.284393 0.664004 15 201.066315 273.320801 241.337357 371.562531 0.626135 15 180.601471 267.084503 219.920181 345.680603 0.620789 15 434.389587 1.014705 499.171265 92.273476 0.641216 15 226.000015 226.193283 276.107178 330.004333 0.571256 15 228.305847 264.476044 263.706818 330.042297
008392,0.937168 14 215.199707 97.281616 340.767670 252.130829 0.703826 14 196.485138 97.075226 347.576111 303.329773
008393,
008394,
008395,
008396,0.852040 14 346.832092 0.513431 499.556427 204.284454 0.675092 14 78.458130 71.999115 340.387543 356.715820 0.610527 14 80.478996 77.719803 308.046021 356.958191 0.775257 14 275.316528 -4.371386 500.458893 353.692261
008399,0.861857 14 137.187988 110.896835 242.465866 303.408478 0.543613 14 90.402023 111.804024 243.505630 343.675995 0.629102 14 136.489243 109.971497 248.209808 479.761505
008400,0.920009 14 419.140503 62.146225 500.341644 370.533966 0.587947 4 167.208862 233.781387 186.716599 278.628418 0.552062 14 22.910223 3.755607 474.781738 375.511841 0.593625 14 53.171040 116.707306 197.067703 372.685974 0.871248 14 178.325958 2.441414 456.869659 374.813751
008401,
008402,0.690795 14 238.168671 145.003571 288.272430 212.846268 0.582332 14 304.284515 152.658752 335.778107 188.529343 0.949973 14 380.672333 156.527878 499.924194 332.605377 0.541456 14 332.445831 164.809433 372.639862 219.770462 0.840232 14 333.745941 167.758026 382.641296 284.992096 0.943134 14 333.472748 166.598251 388.157745 331.975586 0.954191 14 161.144440 134.662201 262.417053 332.351410 0.812973 14 397.665741 151.261765 500.107758 332.587311 0.841422 14 369.454529 165.183716 421.249908 280.551727 0.797088 14 160.346634 135.914307 316.664673 333.003265 0.557301 14 236.518326 147.753250 292.296814 276.190277 0.916327 14 237.515991 145.220535 310.228302 332.247040 0.794952 14 56.193844 143.572388 257.052002 333.341248 0.939733 14 52.299007 145.596329 192.756760 332.173035 0.504570 14 329.983398 167.798340 380.694794 276.925476 0.669410 14 56.048908 147.071106 155.643768 306.876038 0.923725 14 365.828217 163.906540 423.297241 331.813690 0.913494 14 283.308014 173.287415 358.322723 332.564972 0.921495 14 284.337036 161.339478 401.958466 332.932831 0.522359 14 285.610291 157.702194 335.028931 272.161377 0.698436 14 281.919006 173.254883 327.939941 250.136032 0.553125 14 303.956665 154.882401 340.754364 224.133408
008404,
008405,
008406,0.880426 6 132.740021 261.020172 318.121307 340.952271
008407,0.933484 14 145.594009 130.582336 353.681519 374.548279 0.624922 14 249.067810 130.732483 354.584137 373.104340
008408,
008411,
008412,
008414,0.789883 6 1.376290 105.981232 76.568604 186.378860 0.786045 6 46.712788 81.603249 435.962219 329.576843
008417,0.842146 14 31.220444 146.605896 46.681042 189.971466
008418,0.501122 14 78.885948 33.504784 128.665070 91.258667
008419,
008420,0.716357 14 10.259189 104.240158 180.032578 316.003387 0.591440 14 10.135658 101.468742 181.059235 357.229950 0.501019 14 1.902401 5.278380 398.644775 357.736511 0.548538 14 98.614845 102.990585 180.393723 221.753220 0.501399 14 3.814176 34.024151 316.202271 358.390442 0.646468 14 3.290281 103.899033 163.337326 321.454041 0.511762 14 24.103098 103.737572 132.083450 317.393372
008421,0.783428 6 100.420876 84.564629 399.655396 236.092209
008428,
008431,0.581880 8 251.952225 127.585167 341.671600 222.512207 0.528726 8 253.757660 126.694611 338.946533 217.523987
008432,0.801377 6 35.934223 243.693024 210.476715 439.054352 0.710188 14 74.979118 339.175537 93.740936 368.952759
008435,0.670364 14 260.353821 264.569702 279.877502 285.246796
008436,0.746155 14 101.950996 14.389034 315.123016 375.118561 0.823786 14 45.124481 38.188671 134.506393 186.716476 0.708697 14 104.635071 68.659798 315.859955 374.786499 0.623064 14 205.130341 12.929963 254.759109 145.378723 0.636303 14 51.806061 19.666235 317.486542 374.556580 0.784771 14 44.258804 37.411362 145.784363 375.327240 0.704036 14 80.446442 15.436303 314.781769 375.204712 0.603636 14 326.398712 35.691360 384.857758 177.312027
008439,0.532698 14 56.500008 80.572365 238.156693 500.495544
008440,0.606876 15 207.217850 18.417646 230.665695 44.990173 0.631488 15 291.031372 9.403915 321.540131 40.778164
008441,0.578275 14 149.638031 41.364922 226.143066 191.410980 0.594408 14 67.136917 14.790254 227.044815 192.725067 0.545756 14 160.380737 20.990372 465.751587 233.132370
008446,0.607129 14 74.996284 200.862213 194.082367 456.653229 0.706188 14 69.655472 41.381241 194.795517 447.934509 0.884102 14 61.997734 41.377605 197.061447 461.178375 0.508950 14 78.175209 207.629684 194.197739 440.795074
008447,0.788964 6 29.677629 42.092731 500.844238 138.997131 0.511706 6 23.678333 42.487583 499.285675 207.995316
008448,0.857578 6 373.369385 249.598190 452.361298 328.844910
008451,0.972775 14 251.009918 26.283592 420.693848 227.344757
008455,0.572591 14 79.243553 219.732376 124.022552 311.914124 0.931190 14 58.993988 220.913025 123.992867 414.220367 0.754708 14 82.100433 218.846893 114.277161 279.507721 0.834260 14 60.140091 219.388550 95.198631 412.538177
008457,0.715172 15 19.974398 302.349976 40.973083 368.964722 0.577479 15 80.726913 234.830780 97.218872 276.610626 0.731946 15 72.672943 307.045013 99.270157 371.527344 0.511016 15 50.511169 141.216049 67.739777 173.238983 0.532311 15 59.994633 433.910309 77.835052 480.688110 0.733503 15 23.802732 178.183701 46.132225 276.360718 0.621154 15 44.719723 298.028046 69.527687 367.330566 0.693996 15 76.703308 229.883270 98.293854 277.716949 0.514773 15 48.411129 232.217285 67.291916 278.917511 0.689088 15 19.618471 412.800476 44.094612 485.028625 0.511606 15 59.333683 230.054138 71.513847 276.064819
008458,0.521748 14 234.055984 106.024925 276.308685 153.075928 0.894430 14 111.888245 40.661907 243.690384 230.706558 0.828146 14 236.318008 38.683937 400.367126 240.390793 0.864766 14 263.532410 38.920765 397.515472 230.445023
008459,0.816859 6 1.315203 268.623505 36.671669 302.942932
008460,0.678078 14 162.898285 18.521742 434.650421 333.465973
008463,0.927055 14 43.053391 150.852783 125.336067 374.184906 0.570475 14 43.068855 106.474289 129.058746 375.279938 0.906642 14 112.264740 149.393082 211.140732 374.029602 0.546495 14 1.108089 150.679932 19.877209 276.244232 0.820263 14 40.301121 143.049530 209.586853 375.077972 0.605866 14 86.610466 140.402176 120.702164 217.612244 0.591282 14 53.509773 149.525665 78.171921 237.021332 0.729227 14 51.448109 152.012726 122.331711 315.849823 0.584580 14 54.563858 149.277130 76.502075 205.276474
008464,0.869480 6 35.252651 288.254547 67.630859 308.117340 0.877750 6 143.860916 267.398743 185.263947 305.036102 0.680295 6 188.712585 284.525879 210.988953 305.179657 0.638029 6 145.098053 267.011200 206.081421 304.610321 0.719993 6 1.739096 284.741272 61.207329 309.912109 0.859564 6 75.072952 284.518341 101.859787 306.683868 0.543153 6 2.030134 283.649323 67.832474 309.217163 0.750228 14 105.035004 283.904633 117.630409 305.262268 0.958039 6 308.972229 282.340302 386.768829 325.119141
008469,
008471,0.570350 19 296.022705 148.074722 406.829468 259.505920
008473,0.869975 14 173.444397 47.001759 200.287216 70.130676
008474,0.935778 14 65.403000 27.239756 237.629898 500.561768
008476,
008479,0.847053 6 136.955048 100.126106 397.578339 265.884155 0.797701 6 413.187012 142.771332 500.228455 215.504807 0.736918 6 405.909973 158.968750 452.826935 204.783417 0.907706 6 2.814118 111.189034 98.750351 214.724442 0.551340 6 453.630615 151.015961 500.280090 216.176971
008480,0.820662 14 17.520086 224.040863 33.408642 321.875458 0.824788 14 55.338779 186.425583 119.699257 498.967529 0.722660 14 97.414314 140.438828 122.273491 229.067291 0.929657 14 167.345032 230.456665 183.883041 300.905212 0.920677 14 0.748770 220.202789 14.413148 330.513489 0.944917 14 28.553118 217.803970 47.705875 308.715515 0.941620 14 5.157518 217.876190 24.584541 325.159302 0.895427 14 106.996552 228.453049 128.176605 325.157104 0.783637 14 99.675018 142.344681 125.734451 328.595612 0.760237 14 55.326347 186.905853 119.279762 365.563324 0.833372 14 155.054520 232.616333 169.605789 300.587372 0.930144 14 142.581894 234.166473 156.691055 300.700867 0.698405 14 56.034634 77.628181 134.245255 495.714233 0.540519 14 24.828032 221.233002 37.251904 297.906250
008481,0.508157 6 104.015236 5.455711 145.615692 24.879957 0.835953 6 322.543579 3.667364 408.553345 23.502613
008486,
008487,0.811728 14 420.861298 174.512863 487.570770 281.020966 0.598243 15 436.703033 109.166290 476.842529 142.711060 0.936188 14 10.872267 175.557816 83.717644 277.059509
008488,0.545683 6 224.371811 92.745148 408.948730 245.634628 0.577465 6 2.020869 153.893234 120.839195 253.027756 0.551901 6 1.824155 151.874985 112.565491 193.443451
008489,
008490,
008491,0.977492 14 122.863564 98.560959 178.809052 207.474457
008493,
008496,0.961623 14 112.794189 110.290062 186.326874 455.964691
008497,
008500,
008501,0.596717 14 54.334305 283.599213 63.500141 311.323639 0.759216 14 100.031090 294.230255 109.645271 325.911835 0.872940 14 127.625076 299.916687 138.126038 335.588043 0.737851 14 110.761261 295.976929 121.791954 328.389587 0.894502 14 87.889931 288.383057 98.079887 320.142853
008504,0.622770 6 233.060593 9.671363 356.261444 62.777454 0.887889 6 25.822441 0.633823 117.079285 25.999777 0.885037 6 347.484100 77.560226 441.150970 129.893600 0.816911 6 297.713196 39.163296 386.480774 82.668518 0.812122 6 433.660309 26.902618 499.470612 76.651985 0.825228 6 108.776772 41.459419 179.001572 76.421326 0.823214 6 152.414505 81.777359 305.403076 159.718399 0.733468 6 166.280762 0.464910 230.811081 13.080932 0.639381 6 109.031181 43.930161 242.221680 93.920311 0.843018 6 396.089600 0.349161 441.755463 18.901058 0.522400 6 235.293900 11.240849 390.708893 75.550323
008505,0.826533 14 75.574524 124.142303 203.263077 324.779449 0.564599 14 307.072144 106.089500 399.103851 303.535858 0.534362 14 78.530052 122.783440 204.790497 263.480011 0.767796 14 73.118340 121.096832 209.263382 353.902985 0.751724 14 217.988297 116.620255 477.264893 374.606598 0.924097 14 212.374741 119.034904 329.761810 314.791107 0.971369 14 305.143738 105.346764 473.425720 373.472382
008507,
008508,
008510,0.534139 14 424.116455 88.527962 463.114594 121.864174 0.894822 14 270.855896 80.148941 498.845154 169.643082
008511,0.558706 6 108.495026 15.171313 175.660965 46.709637
008515,0.590613 1 49.495377 151.571747 236.847763 262.595093
008516,
008520,0.707363 14 200.928879 10.058026 301.272827 158.578247 0.507611 4 95.789131 289.602661 131.894653 356.548828 0.783862 4 289.841705 209.297867 324.992523 324.979492 0.531240 4 251.529190 112.542984 276.330383 168.799500 0.817030 14 200.392105 9.760916 301.580048 251.348953 0.628275 4 287.349976 200.739334 326.231201 338.646667 0.637110 4 246.248627 113.475677 292.067505 253.235062 0.925006 14 7.360548 56.486977 209.385345 370.745758 0.599216 4 161.801819 308.752838 203.104370 374.106415 0.639946 14 197.692841 8.433379 303.362213 348.139160 0.615400 4 352.028687 249.432526 382.454010 312.388428
008525,
008527,0.752329 14 290.589813 95.732597 349.750214 216.864151
008528,0.779668 14 232.374756 90.473000 277.774139 164.271851 0.914027 14 349.682739 71.987663 416.963043 252.199493 0.823449 14 51.542141 75.008301 172.801697 239.578796 0.682511 14 350.719788 71.677467 413.962585 178.199890 0.880504 14 231.985565 91.866478 279.452393 212.163269 0.545117 14 283.494904 61.105873 336.998596 230.767120 0.800279 14 284.014008 60.707912 331.967621 180.569199 0.603000 14 216.874161 91.882721 281.784180 245.790665 0.974760 14 169.865768 98.545944 217.038742 213.813812 0.554036 14 145.612366 177.612915 186.363937 235.858368 0.839979 14 280.044342 59.956604 325.317474 143.170242
008531,0.883366 14 185.245895 137.334457 208.124130 159.259048 0.939209 14 231.687943 131.270264 258.326843 158.141052
008532,
008537,0.597148 14 343.922607 211.560349 435.440247 311.204407 0.906833 14 384.732697 217.644653 433.670959 303.842255 0.537568 14 381.764130 215.073334 445.155304 304.368042 0.966278 14 348.054474 187.783707 389.967316 310.215118 0.964597 14 405.289124 185.804321 444.761230 303.002258
008538,0.561349 4 177.546112 388.825104 212.027908 464.611755
008539,
008540,0.611423 14 281.040863 6.366516 436.769409 326.539337 0.508263 14 206.750397 1.638253 437.665344 307.631287 0.658225 14 86.566025 63.457642 117.253189 173.212479 0.697458 14 291.146820 6.106910 433.794922 204.978363
008543,0.679722 14 229.994125 103.359688 250.998642 133.453018 0.677308 14 331.026001 323.196198 367.229126 374.812988 0.829917 14 132.494217 144.101181 158.975571 279.177399 0.667905 14 63.218571 215.741608 93.165871 280.877441 0.854061 14 67.263908 215.444794 92.890465 247.260941 0.500811 14 64.373405 215.288025 87.811577 244.465942
008544,0.944662 14 419.692047 181.803497 476.249756 232.250671
008545,
008546,
008547,0.592375 15 332.240601 170.336227 422.766602 297.372101 0.602726 15 163.862778 43.776402 245.271835 298.345612 0.527867 15 156.762070 183.757141 239.217484 296.810425
008548,0.838787 14 391.076324 11.686452 411.422668 81.792686 0.935673 14 373.047272 11.412444 395.806885 83.179146 0.518615 6 423.124817 19.603737 499.144775 100.786522 0.682983 6 1.108845 35.950340 16.868196 61.576870 0.848876 6 434.143372 27.387978 499.798523 112.343651 0.963034 14 404.748291 6.173026 439.718506 110.664444 0.854723 14 46.914658 4.615201 69.452232 71.461952 0.600039 6 54.097683 35.856411 375.770966 161.226578 0.935060 14 388.434723 11.310985 411.161865 93.745094 0.901558 14 27.521317 11.963040 43.911514 69.982155 0.511475 14 358.538788 13.892418 380.869293 83.444244 0.523976 6 440.893921 17.682680 497.541351 44.810612 0.525758 6 49.826206 40.942692 473.529205 333.777832 0.708097 14 361.700165 14.590622 378.496521 43.163559 0.589600 14 362.346558 14.420100 381.258270 75.283707
008551,
008552,
008554,
008555,0.516948 4 181.980179 386.956177 199.727280 452.531128
008560,0.804052 14 255.965118 102.747948 283.343567 130.109955 0.905954 14 164.258514 129.618423 183.154129 173.373856 0.909231 14 386.525909 187.630905 489.238007 267.343384 0.519633 6 186.408310 59.736263 329.115540 200.962036 0.856101 6 395.609741 140.908508 499.914062 191.875946
008561,
008563,
008565,0.561044 14 56.377430 127.525597 138.118362 468.418976
008566,0.927724 14 170.367065 45.196766 364.346924 273.732788 0.583351 14 79.826637 97.628204 118.883881 129.980560
008567,0.940401 14 94.890480 6.710500 221.705902 499.336395
008569,0.762430 14 97.125389 15.918474 224.664062 252.450592
008570,0.563720 14 33.857246 200.386002 55.585918 256.979401
008571,
008574,0.632959 14 157.407059 172.351028 221.831436 298.336334 0.960460 14 151.827545 173.680817 222.545029 495.821014
008575,
008577,
008578,0.971804 14 241.891922 128.015472 266.477692 202.969193
008579,0.654329 14 35.786385 162.256363 71.189613 233.820587 0.807203 14 68.439293 160.054199 101.337341 235.798401 0.866862 14 64.995743 159.638214 86.941605 211.316345 0.979589 14 177.017044 180.968536 218.582672 324.174927 0.787948 14 63.828430 159.432007 87.821777 230.840088 0.574386 14 75.711136 159.452026 102.015190 224.801590 0.882939 14 39.527023 161.933014 68.006935 218.450439 0.896189 14 138.050308 163.061646 152.690430 194.597992 0.827961 14 167.669998 163.770096 182.231110 195.482391 0.732028 14 49.744328 161.043472 71.665871 219.403061 0.975237 14 210.330093 180.395157 265.217865 335.973114 0.667170 14 75.693024 158.535446 100.052567 214.041290
008580,
008583,0.501967 14 4.019290 99.169662 337.723724 376.490265 0.596588 4 320.826416 168.961975 342.204865 239.189606 0.833823 14 2.229288 4.132669 342.225006 375.351288 0.588559 14 108.114281 98.582077 343.886200 374.363831 0.766606 14 310.708313 42.285236 357.456665 241.112045 0.830123 14 208.986938 193.174347 341.778107 373.807983
008589,
008590,
008591,0.537163 4 190.817520 -0.132009 219.371872 103.399704
008593,0.515885 14 213.575256 93.190033 256.296570 162.661133 0.933228 14 302.188995 104.631340 332.871399 250.539551 0.610204 14 454.911469 109.867653 480.140869 229.955353 0.560522 14 1.259568 111.294281 31.240196 179.915787 0.704378 14 447.427887 108.348366 480.192139 245.464478 0.836020 14 125.939613 104.623650 162.561905 260.585114 0.916906 14 214.399536 94.412598 258.555023 253.124008 0.516418 14 336.591461 111.417488 372.180695 243.809967 0.853869 14 1.155726 113.378250 32.103073 287.742706 0.599795 14 44.306805 88.001968 129.150116 263.503052 0.850590 14 279.201080 110.806572 317.306183 249.639603 0.511359 14 126.778893 105.100517 187.152451 259.972809 0.752976 14 1.414933 112.509171 30.496799 171.439423 0.969081 14 69.432419 87.467125 127.446442 260.449066 0.900817 14 126.380264 103.072212 155.041595 140.522812 0.646631 14 456.965698 110.121468 480.082275 207.376099 0.962235 14 342.009216 111.691658 377.176849 246.045410 0.530616 14 85.486061 87.002434 121.540291 152.981491
008594,
008597,0.596353 14 186.235977 162.377274 227.344879 229.769333 0.507818 14 251.900070 102.234680 332.620209 238.106216 0.699186 14 247.637100 102.699936 330.327515 292.478577 0.763839 14 247.518219 103.630226 351.130219 290.083893
008598,
008599,0.534508 15 0.958305 76.211655 35.312073 216.145813 0.541285 15 38.685410 86.065010 57.581524 135.780609
008600,
008603,0.640995 14 22.920078 12.184874 167.251129 406.250305 0.816404 14 155.432693 12.169138 212.449921 250.812592
008605,0.789516 14 125.101372 56.293365 163.333069 93.188065 0.795202 14 122.332916 55.879215 162.591980 143.061996 0.915701 14 233.559296 54.492592 275.356567 95.386497 0.622580 14 232.329681 53.391701 277.614990 148.791489 0.517162 14 122.755615 55.220558 164.932602 105.727646 0.527162 14 122.571709 55.363010 163.222702 104.772232
008609,0.672555 6 143.138168 74.117966 344.002411 144.554230 0.775795 6 21.858185 69.831490 388.212677 327.453278
008611,
008613,
008614,
008616,0.674091 14 45.172787 56.020123 192.659027 325.502991 0.777533 14 48.424961 64.839996 142.057877 308.795166 0.544733 14 79.278030 44.455151 106.108688 68.874649 0.843225 14 348.622375 52.769421 427.125519 331.547791 0.710477 14 121.594620 80.272499 218.875656 234.369400 0.512868 14 34.577229 39.443985 78.740150 118.573029 0.955315 14 439.857666 72.752144 500.150452 189.442856 0.600349 14 353.697052 54.755520 479.033356 217.127594 0.675264 14 127.139572 84.181068 188.167450 194.030090 0.545500 14 350.154846 54.600117 402.481049 135.437454 0.506608 14 44.717613 39.323582 80.598473 111.263290 0.939377 14 170.675369 79.248901 214.710114 142.305603 0.584268 14 50.391899 63.937172 195.937515 261.465759 0.837366 14 223.913666 114.875847 251.407349 146.079575 0.622659 14 221.567596 113.499603 252.977936 161.906921 0.756849 14 39.881550 49.959213 154.795883 307.877747 0.764591 14 149.404007 86.455055 183.736694 139.210907 0.947796 14 227.509262 25.885956 429.364014 333.251129 0.681041 14 53.151623 67.808739 140.098221 253.582993 0.658984 14 48.353668 39.403168 79.165894 94.627983 0.547781 14 354.696075 55.126808 500.869263 331.816803 0.785565 14 221.343109 27.771004 370.058105 278.552856 0.756403 14 347.818359 55.491947 410.033051 227.902435
008619,0.930666 14 462.500702 20.311441 500.084106 193.249100 0.546494 14 286.209106 4.891173 379.783813 199.040039 0.525198 14 285.914581 6.797008 417.107544 280.305267 0.743755 14 295.138580 7.805214 341.238892 78.261971
008622,0.900708 6 114.483551 137.686798 279.407440 241.559952 0.814551 6 100.980682 63.262001 153.354568 110.276031 0.892259 6 4.616037 61.019215 150.711243 141.241409
008623,0.955381 14 136.793030 165.064346 222.994217 348.464539 0.769905 14 195.598923 196.303741 214.396194 228.306122 0.769156 14 140.195038 165.670822 193.442322 348.258942 0.688660 14 274.296387 200.172684 285.923035 226.274643 0.739226 6 229.089554 202.382980 273.479095 233.099854
008625,0.895468 6 1.404561 198.162582 72.922043 255.416855 0.937120 14 365.418701 183.168121 384.430511 229.975922 0.942814 14 435.315125 185.890213 454.390289 226.656647
008626,0.721786 14 341.617615 127.258347 363.592163 164.020172 0.599695 4 158.009598 258.982788 174.267670 307.012390
008627,0.696738 4 229.099213 109.921585 278.029449 213.354309
008629,0.802687 6 150.132980 124.345657 194.205521 152.977493 0.749247 6 141.717697 122.254288 206.443588 152.920990 0.508165 6 149.599060 120.729576 207.847168 151.075729
008630,
008631,
008632,0.895511 6 160.399139 123.775589 428.831879 240.366501
008634,0.783140 14 372.516113 143.164429 411.946564 274.505371 0.626323 14 273.572144 231.265076 294.310638 276.353577 0.590907 14 239.395203 232.420227 254.922684 266.627014 0.878299 14 222.492096 231.553711 244.110977 267.257599 0.739069 14 368.311157 138.996918 420.161957 365.421143 0.890886 14 250.206772 231.962036 273.750061 275.395935 0.974348 14 369.473145 125.278275 411.608856 273.622101
008637,
008640,0.651301 14 416.872772 207.469238 468.044922 304.207916 0.886074 14 408.992157 220.426941 442.096069 283.450867
008641,0.837917 14 65.818382 3.523506 425.723541 376.014496
008642,0.909078 14 1.592443 199.643829 24.115828 256.513916 0.879420 6 20.936802 125.751305 486.068237 291.979370
008643,0.813877 14 299.321381 123.556381 322.988525 146.669205
008646,
008648,0.792319 14 24.966833 184.678345 103.468674 331.026947
008649,
008650,
008651,0.811860 14 140.353760 37.655014 271.416901 336.728058
008652,0.711880 14 57.475632 238.231003 83.255066 329.625061
008656,
008657,0.778258 6 1.742084 141.383179 87.643654 193.353134
008658,0.605736 6 9.651300 48.850342 244.479126 305.284454
008659,
008660,
008661,0.629924 15 288.180115 161.991150 330.877533 241.398651 0.666110 15 167.633896 169.282578 200.281555 202.004578 0.547688 15 1.739947 158.424271 46.829567 232.089127
008662,
008664,
008666,0.773956 14 45.227474 60.689941 328.574188 451.095642
008668,
008669,0.787350 14 444.965057 125.731926 487.220337 261.904846 0.961227 14 170.606949 163.979126 207.793335 249.920700 0.979677 14 445.528015 150.805496 485.364594 262.099335 0.577163 6 1.568228 117.047623 100.175842 189.996170 0.971131 14 341.736176 164.610245 373.044952 249.332306
008671,
008672,
008673,
008674,
008675,
008677,
008678,0.916314 14 76.890656 159.572372 179.822266 445.452087
008679,0.672370 15 224.547165 224.529373 245.937302 247.196411
008681,0.637250 14 44.739128 154.052887 225.581467 331.723358 0.688261 14 240.078476 55.394566 385.131104 331.811127 0.530449 14 242.152405 55.437756 383.708588 229.177612 0.888288 14 239.461960 55.480003 419.729401 332.026947
008682,0.689131 14 83.420250 41.123146 141.696350 170.338699 0.949836 14 42.658882 49.921295 91.086952 160.059967 0.648495 14 41.424603 52.464096 97.161133 224.555695 0.792189 14 50.334957 42.118156 142.623978 182.048111 0.661288 14 90.050041 40.468090 140.275421 109.590790 0.503715 6 19.241005 56.582073 488.158203 260.566345
008684,0.765581 6 4.891142 100.255974 433.144226 274.642487
008685,
008686,0.713630 4 293.398499 221.132324 322.947021 280.525482 0.515302 14 331.282074 0.467439 371.381470 67.243217 0.589888 6 137.664383 72.963898 193.021179 115.366760 0.636030 14 320.617645 0.350464 371.042633 129.736816 0.584198 14 331.663422 0.427648 374.677551 75.662827 0.571196 14 323.255890 0.686500 373.006927 97.932159
008689,0.507107 14 171.843552 34.213211 202.078430 103.361366 0.940474 14 128.105988 29.185669 179.790359 102.419998 0.734675 14 60.147041 26.934874 98.704063 112.156929 0.584010 14 129.748611 7.326652 171.516724 98.995255 0.909398 14 184.301407 2.479834 398.585480 257.636475 0.699360 14 381.925201 -0.824717 422.269135 104.117798
008693,0.506336 6 43.902428 83.225594 447.204529 245.574310
008694,0.795418 14 198.424393 126.895126 233.459793 172.438156 0.951590 6 389.146210 176.733749 498.276947 239.522690 0.632140 6 304.398041 175.112656 385.433777 214.117676 0.949143 14 197.454391 126.884979 234.005981 183.618958
008696,
008697,0.640516 4 152.858566 13.499618 187.941864 239.770172
008700,0.878556 14 13.993591 67.836578 221.394119 376.173737 0.507541 14 210.763016 64.100670 361.591278 291.104309 0.775656 14 215.914902 62.511341 364.607513 374.816193 0.818687 14 219.874359 63.514912 473.368500 374.790466
008703,
008704,0.666485 6 236.743347 135.621658 296.444702 181.606903
008705,
008707,
008708,0.966074 14 119.253181 178.292740 260.625366 375.446350 0.976318 14 257.142975 168.121628 401.732971 374.363770
008711,
008712,0.779180 14 187.368530 134.487671 214.957306 226.410767 0.590113 14 212.805237 122.932304 246.529694 227.972778 0.635381 14 189.534576 135.147217 209.082581 158.204010 0.806268 14 215.388199 147.534439 246.259613 226.205887
008714,
008715,0.635008 6 75.146400 127.831551 313.770813 256.393768 0.942223 14 443.644958 261.864258 497.012573 332.465546
008719,0.716835 14 459.074005 71.638794 500.186493 238.430450 0.558638 14 457.986542 71.778618 500.064209 252.490753 0.591552 14 110.404907 3.252748 399.655579 325.673248
008721,0.943675 14 3.629595 59.480690 218.083801 316.531433 0.639913 14 299.802399 69.708351 495.197388 232.979309 0.950462 14 296.492310 69.788666 499.501740 373.523987
008724,0.807088 6 275.645599 83.149399 464.764343 212.101562
008726,
008729,0.684554 14 215.404724 128.699463 266.978729 195.430618 0.804458 14 211.682739 127.154343 268.651398 207.578339
008734,0.623831 14 268.543915 1.165527 290.691833 47.686722 0.871612 14 59.592804 21.797045 76.568748 72.267609
008735,0.677928 15 154.880402 230.499969 186.872452 265.895416
008736,
008737,
008740,0.731845 14 27.669624 3.139850 352.358643 333.712677
008743,
008745,0.943306 14 55.038952 149.658188 108.869949 284.977814 0.722390 14 208.098068 146.374008 276.298584 263.985565 0.824084 14 62.702946 148.418518 106.095726 214.386108 0.763870 14 52.124580 150.261658 106.958534 317.802338 0.957705 14 206.286224 145.252335 289.145721 374.051117
008746,
008751,0.872069 14 235.328461 139.938110 261.705597 181.885605 0.714540 14 114.589851 144.298737 141.586884 180.237823 0.963689 14 368.048218 79.314484 456.271484 312.692505 0.875582 14 53.839043 146.402786 80.381233 223.417709 0.894388 14 53.876720 145.794830 78.906647 188.824829 0.554403 15 263.428467 208.388260 304.059296 275.008484 0.602880 14 1.254648 150.457108 32.890251 253.490005 0.579550 14 1.253313 226.540512 27.003265 302.515930 0.530633 14 155.613358 267.719360 270.239532 374.430328 0.789251 14 98.790718 145.102966 145.460968 259.934906 0.607844 14 236.144287 139.931580 262.990326 218.213867 0.768333 14 32.406197 149.497513 63.952766 247.809738 0.584822 14 225.779282 205.989090 283.020325 374.281311 0.639792 14 1.332926 150.281921 34.024277 301.581848 0.699169 14 137.252335 137.088043 181.798401 259.359039 0.882815 14 217.320755 193.554535 267.440308 259.095367 0.555703 14 120.286789 141.290665 151.517990 259.231201 0.844862 14 80.973824 144.831070 111.051704 202.764893 0.725444 14 1.421209 149.271805 32.251247 210.720047 0.541205 14 112.711914 143.745224 145.006332 224.270721 0.576803 14 144.575577 135.204742 174.069000 179.480148 0.837574 14 26.105946 149.978348 50.677559 218.877304 0.671442 14 80.203911 148.275223 115.302109 270.316986 0.768405 14 79.309341 145.157501 111.676079 217.254105
008754,0.608331 8 105.040863 186.402679 157.851685 260.477020 0.530197 15 96.564034 162.694321 133.788498 207.058197 0.562956 15 281.810822 259.417877 336.031677 320.074493 0.518129 15 279.825256 231.183975 345.192841 320.635010 0.787701 8 109.985588 184.282730 165.819916 265.000763 0.701210 15 174.297333 244.932312 202.874100 280.351410 0.697326 15 232.012604 269.716064 262.679504 312.558502 0.565460 8 123.450104 185.794434 164.445221 259.794525 0.655506 15 226.658554 203.964584 265.136475 312.442719
008758,0.967566 14 340.158508 50.683826 460.229218 323.419647
008761,
008762,0.621095 15 25.628191 189.306122 62.202461 301.170837 0.957512 14 65.272247 118.040367 182.767288 499.812897
008763,
008765,0.944254 14 178.222977 81.818489 223.233871 160.488083 0.956197 14 385.170685 88.268066 482.830933 262.952820 0.569354 1 115.375381 131.908310 256.770081 230.584518 0.636924 14 149.490631 90.893951 203.968857 191.298462 0.835405 14 150.169525 86.488556 208.382996 163.083328 0.849255 14 153.360321 92.675522 188.607376 154.625443 0.942018 14 1.751086 17.421370 44.998020 62.892673 0.935701 14 193.311234 94.038910 292.172638 234.643982 0.890742 14 304.747742 114.948166 403.521759 215.827835 0.860190 14 306.618073 92.087982 473.962708 261.006989
008767,
008774,0.706178 14 100.269127 98.572220 249.543655 375.438080 0.913797 14 98.435623 98.110847 242.827316 298.731323 0.864599 14 240.179382 166.696060 328.825897 374.739166 0.511582 14 312.207520 98.754799 432.805969 320.387115 0.548924 14 249.470139 96.240875 439.724609 375.152710 0.973721 14 309.737213 95.468605 435.313110 374.259735
008777,0.502971 6 51.384239 88.782043 436.797516 276.058777
008778,0.509940 14 1.014542 59.987480 94.953300 377.162537 0.818379 14 0.383526 3.088709 96.704506 375.899445 0.609605 14 0.555553 2.321798 140.342499 375.356659
008779,
008780,0.832119 14 153.601257 94.254356 283.608154 332.376801 0.689154 14 5.874157 92.445709 273.872040 333.377808 0.665301 14 152.892303 94.247307 413.214203 332.192963 0.957582 14 432.447540 214.299423 500.017456 332.072632
008781,
008782,0.550384 6 117.351204 125.403610 345.185272 272.233887
008785,0.630048 14 9.139465 65.400246 43.883667 171.243393 0.537632 14 60.219273 50.483631 116.000160 270.671417 0.931638 14 64.770592 50.524982 104.805542 161.045227
008786,0.660717 14 123.272018 151.736176 144.861389 177.038635 0.846493 14 64.179657 148.331711 85.485909 178.652802 0.949573 14 420.313873 113.566742 457.771973 193.050980 0.904178 14 120.173119 151.389908 145.732147 188.468872 0.872915 14 421.470764 112.767296 456.012482 173.151627 0.919677 14 54.721867 147.881958 84.901436 210.066422 0.756703 14 73.097816 148.933578 102.085701 215.554153 0.927566 14 198.663132 152.380371 220.014908 183.849152 0.952875 14 228.193512 131.824371 275.767242 202.891617 0.519170 14 230.471375 132.456116 269.162933 185.850845
008787,0.580484 6 3.332101 4.628366 138.463852 80.581238
008788,0.737702 6 3.405750 172.987000 284.880066 379.619751 0.906360 6 274.665070 278.029083 365.417358 442.103577
008789,0.705521 14 352.986328 205.188538 392.988556 268.470795 0.749493 14 268.150055 185.639725 291.082886 222.027023 0.525030 14 355.498993 203.021469 379.350281 227.220581
008791,0.610813 0 11.269554 111.563828 482.588959 224.025787
008792,
008795,0.931866 14 4.123226 68.721626 233.415771 278.435455 0.824637 14 220.351227 0.278591 426.146393 312.320251 0.681601 14 233.699692 -0.676968 417.834808 298.170807
008797,0.842770 14 144.378296 12.389341 173.772171 88.677391 0.718217 14 119.197243 18.917349 139.825531 50.762718 0.946943 14 58.830887 9.330011 99.978912 88.376373 0.713728 14 62.744164 10.504952 92.716133 71.776474 0.818621 14 146.995605 13.579683 172.448303 42.864918 0.804231 14 1.438733 32.472607 30.174807 116.531334 0.634063 14 99.472771 18.847794 135.024963 111.651657 0.910721 14 40.901936 30.481148 61.977253 90.650696 0.957226 14 1.544619 67.482491 43.154785 121.312523 0.571567 14 128.688110 10.986264 173.138748 94.520477 0.771780 14 76.630348 13.911268 107.324966 69.169479 0.888916 14 9.775378 32.436291 35.678005 89.529755 0.682770 14 119.631226 17.572432 142.280762 59.825268 0.698617 14 134.224823 14.348945 156.540405 47.830112 0.571111 14 35.689957 31.412086 54.057396 89.232300 0.828348 14 96.897827 21.252148 127.230911 67.990845 0.601639 14 75.102623 12.932391 103.202827 82.127869
008798,
008800,
008802,0.880916 14 114.904343 13.927925 217.859100 148.940491
008803,
008804,0.914798 14 116.198883 10.524066 191.759521 162.857239 0.694505 14 114.478683 11.212406 206.158264 206.913849
008807,0.764658 14 139.512573 34.675068 174.970154 142.108414 0.971162 14 222.224304 78.262543 285.243622 206.590042
008808,0.545881 14 0.516518 139.150497 13.155869 197.389481 0.617882 14 114.007248 158.437759 133.785919 199.739380 0.765488 14 183.139618 46.488701 260.395355 199.178085
008812,
008816,0.523989 14 244.463028 55.361320 457.715698 373.401581 0.604805 14 117.097420 56.058872 463.070404 374.831482 0.848357 14 155.466599 55.043758 455.807343 374.588654
008818,
008820,0.856487 14 63.186409 59.816940 214.313904 397.520721
008821,0.502658 15 195.807556 196.610886 290.949921 262.295624
008824,0.867955 6 379.165283 268.687744 500.530884 377.226166 0.920741 6 372.896454 118.461426 499.277985 166.465164 0.864848 6 127.831535 145.197357 214.126389 214.371658 0.972620 14 126.528770 193.272827 205.516876 301.560486 0.921222 6 315.050659 141.135834 420.906433 210.156952 0.766518 6 214.077774 125.697685 422.027710 212.569214 0.849527 14 197.579102 233.056244 230.970963 305.432648 0.851868 6 213.266861 146.944061 326.055115 212.561447
008825,
008827,
008828,0.944802 14 123.744514 336.238617 156.520493 433.083466 0.882935 6 58.036705 173.539963 104.113052 294.039307 0.870995 6 73.316925 93.413971 111.138885 145.547592 0.836019 6 58.560978 147.059601 93.850533 230.314301
008829,0.939053 14 167.150345 27.990973 214.333618 65.132759 0.930632 14 78.587395 17.614544 121.652725 76.195152 0.511177 14 85.951355 18.206163 120.406525 45.610512 0.618717 14 384.066071 36.980595 407.613495 62.888573 0.680188 14 380.785431 34.939884 414.636414 131.597458 0.721597 14 460.712799 10.589279 498.130035 81.594009 0.512409 14 351.730408 36.855103 390.421692 82.828186 0.845912 14 426.604950 28.602858 457.554901 81.125717 0.607611 14 429.018219 30.117208 454.581543 64.236534 0.861802 6 35.694645 65.012619 391.006836 170.943924 0.584559 14 380.751892 36.601494 406.688599 80.485962 0.513385 14 377.916565 36.469135 405.923950 84.757599 0.925621 14 134.217392 44.829655 161.405670 70.003693 0.624042 14 453.005341 34.021976 473.138062 78.850189 0.789147 14 396.696808 35.286484 425.430908 97.212601 0.900581 14 353.685089 38.617401 387.729156 65.998711
008830,
008832,
008834,
008839,0.805854 14 102.377090 153.435181 157.383835 268.697113 0.965448 14 100.850777 47.399876 228.089432 248.150879 0.767701 14 1.667902 7.127660 136.916931 332.709290 0.528125 14 3.699683 43.618221 190.326782 333.636017 0.567467 14 98.197220 47.574711 211.997772 332.154419 0.783228 14 6.308250 10.829546 186.731369 332.991730 0.596975 14 104.257240 152.421921 138.106033 197.711731 0.528212 14 2.866648 31.539022 157.180817 332.576080 0.508694 14 103.103592 152.560074 140.505081 219.842438 0.630167 1 299.980042 143.676987 454.632690 323.006714 0.970599 14 331.759460 55.818474 443.777924 311.196655
008842,
008844,0.541975 14 3.997274 87.186470 220.225327 501.421875 0.699507 14 2.791708 223.654678 24.549463 252.137390 0.819626 14 13.504263 186.709412 111.915695 360.342438 0.505066 14 2.790107 186.792465 134.110703 500.352753 0.923123 14 3.818136 18.892883 225.836060 502.216095 0.522363 14 70.811447 183.454758 107.322548 248.286224
008845,0.850282 14 34.960224 18.796610 249.793747 344.210663 0.587073 14 36.874756 19.276279 166.384308 339.305695
008846,
008850,0.688028 15 304.212097 2.217833 401.947021 143.338196 0.715696 15 218.158310 166.782913 276.133423 220.643906
008851,
008852,
008853,0.769581 14 75.366493 213.677979 97.224121 266.470551
008855,
008857,
008860,
008861,
008863,
008864,0.749162 14 40.154076 168.469696 76.605301 250.683289 0.945680 14 143.097382 74.062729 208.954178 192.976227 0.552347 14 102.320206 149.955139 179.965744 304.011688 0.784588 14 44.475983 149.502930 113.081810 332.375580 0.982172 14 329.055756 108.355644 462.439209 325.726562 0.517142 14 61.125061 146.829727 94.604034 190.323257 0.895393 14 88.049454 148.973679 186.644928 326.179962 0.735984 14 38.106316 167.587036 70.155968 240.993729 0.656687 14 99.445549 149.700989 183.498077 303.033325 0.560662 14 97.883018 150.637085 185.678391 308.490662 0.553252 14 44.057011 148.149872 104.634705 255.677292 0.688876 14 94.987465 74.960983 206.849564 314.140289 0.734743 14 37.181549 149.640305 88.070908 290.577667 0.561434 14 150.943619 74.101898 198.494247 128.574203 0.652322 14 45.434544 149.407501 184.992218 326.376556 0.549868 14 54.238522 149.638016 100.336800 253.617111 0.604997 14 40.978619 77.743088 194.145508 329.487885 0.764587 14 58.062397 147.664490 114.709908 243.495285 0.850934 14 36.711224 148.932678 174.548035 325.700928 0.902368 14 234.132019 67.336075 350.620850 318.878693 0.768340 14 56.141376 147.910141 121.510506 299.722565 0.608485 14 60.627541 146.647919 103.954323 204.888138
008866,
008868,0.980142 14 365.318512 129.500229 444.725006 315.062775
008869,0.973169 14 117.405243 252.222198 140.255768 323.757019
008870,
008875,
008877,0.507462 6 42.761597 -0.145249 263.910187 93.959122
008881,
008882,0.698467 14 55.984482 75.129860 159.865417 310.278229 0.889392 14 55.299889 75.333855 159.915131 394.765808 0.509859 14 56.743092 75.010155 121.633530 395.234863
008887,
008889,
008893,0.789537 14 247.130524 119.822334 289.649628 187.927917 0.644515 6 371.656403 105.584091 485.965576 190.691422 0.677570 14 31.904076 94.164040 59.512901 177.889969 0.791997 14 27.205618 93.860344 57.202042 175.238586
008894,
008895,0.755555 6 207.870621 168.314270 231.251968 194.657990 0.531444 6 9.271399 196.018326 147.430023 304.951508 0.875085 6 242.264328 161.927948 286.531555 204.264801 0.650095 6 15.374914 241.833176 155.978836 306.411133 0.980199 14 39.872066 191.333618 93.154266 336.217865 0.530600 6 243.586029 164.004074 374.599548 238.873734 0.914893 6 257.813232 193.420120 374.474213 249.645081
008896,0.925524 6 191.436569 119.364426 385.602051 196.976685
008897,0.894628 14 180.692993 81.373047 358.572510 329.286743
008898,
008899,0.670687 14 286.841003 17.216152 333.886139 190.132736 0.835427 14 220.973938 17.168674 332.671661 201.247665
008901,0.666818 14 209.536896 126.336517 272.651276 374.292419 0.919661 14 321.158783 138.101685 342.899780 181.952042 0.534936 14 212.285126 126.099556 259.482300 180.742722 0.685325 14 159.114716 133.551407 259.364685 274.790863 0.906169 14 213.303848 128.161041 264.453247 243.567383 0.646078 14 161.269943 135.302811 237.348724 246.921677 0.828913 14 253.650970 124.032104 387.825775 374.251984 0.531402 14 252.467239 124.688339 337.994202 240.289490
008902,0.748966 14 99.771202 56.480335 386.952911 376.073334 0.794058 14 153.700073 56.920834 384.847412 376.022461
008903,0.742867 6 1.649428 137.656479 49.979012 176.860214 0.907427 6 231.165604 146.295563 339.826111 227.623077
008904,
008906,
008907,0.527415 14 5.106911 3.003529 485.038635 359.933807 0.787859 14 6.861500 2.908179 240.886475 359.893372 0.681726 14 247.388840 20.368832 487.530640 358.492706 0.861444 14 247.148270 2.264557 490.213501 358.988861
008908,0.505836 6 3.759161 88.209229 401.216675 281.397827
008910,0.783502 6 187.181458 177.126617 220.206726 209.879547 0.931863 6 237.695221 155.065811 268.260651 184.557816 0.559052 6 108.610374 163.118134 144.241699 215.326599 0.813898 6 219.189911 96.798950 236.537292 114.382500 0.522584 6 28.407473 176.484390 69.882233 218.836563 0.561709 6 89.959694 133.057373 140.762100 185.985565 0.643135 6 188.683990 203.036362 244.905975 241.592407 0.906726 6 163.735748 146.660248 193.461777 183.398682 0.832665 6 184.237488 87.028046 210.105423 106.185860
008912,0.533397 14 283.755371 181.904968 321.801666 240.274445
008915,0.928001 14 11.546823 281.900635 32.131470 362.508667 0.716459 6 27.066198 102.221642 224.533752 396.851318 0.668181 6 189.649490 299.113678 221.598450 382.826080
008916,0.537012 14 314.127167 178.045105 346.143982 206.301102 0.964669 14 97.903664 29.429451 209.888931 211.152390 0.651303 14 200.888687 46.348396 301.652954 202.105148 0.973872 14 294.117767 60.414280 401.688660 226.037094
008918,0.872986 14 162.866165 163.342239 302.679718 373.812531 0.912233 14 3.248848 13.244883 233.709122 376.225372 0.955668 14 276.081512 3.552295 460.984589 374.372284
008922,0.632606 8 1.836188 209.321289 93.261581 374.467316 0.540907 8 29.352995 209.800125 90.869003 373.753510 0.962824 14 318.411102 146.561829 360.470947 202.219788 0.630037 8 37.198921 209.657623 94.230057 373.919495 0.531694 14 253.056915 143.672379 371.076202 208.367188 0.603324 6 255.615265 153.554428 370.768402 236.412735
008924,0.508599 6 284.116821 238.874466 329.037506 273.645569
008925,
008928,0.972363 14 369.547974 58.786903 485.704407 254.603149 0.842865 14 463.308197 72.941452 493.876678 135.442886 0.923707 14 142.996078 61.103046 219.726349 252.411209 0.514857 14 447.498810 50.783875 480.124603 102.834763 0.896918 14 14.514673 72.597084 122.274727 254.076401 0.612709 14 357.077484 49.008286 398.380585 96.117104 0.819285 14 209.968719 59.822727 293.002686 250.864243 0.797776 14 53.955547 61.754475 211.385727 251.863632 0.879709 14 12.557141 69.988319 163.777206 252.000473 0.917207 14 315.590363 60.195084 384.909180 253.496292 0.699012 14 464.568756 70.547836 490.881165 105.999069 0.902398 14 253.758636 53.364246 340.020508 252.045242 0.773500 14 360.875854 52.180500 424.682007 253.427551 0.815496 14 255.654755 57.484577 389.662933 254.635651
008934,0.607907 14 92.764763 78.830940 138.376297 300.190613
008935,
008937,
008938,
008941,0.725186 14 321.412079 110.934860 446.702667 331.503021 0.586532 14 320.786743 107.081619 445.836334 352.122284 0.862482 14 155.531662 99.346741 202.719818 203.987000 0.867162 14 185.446564 55.609344 338.916534 265.481262 0.925360 14 326.661804 108.935280 442.480957 274.585602
008945,0.911029 14 482.848846 202.235672 500.124146 229.531525 0.605536 15 161.377167 161.437546 197.042526 202.114822 0.612053 14 153.134476 26.884169 321.331268 225.211487
008946,0.966354 14 228.880386 147.144348 351.733856 307.398132
008947,
008949,
008950,0.526155 0 114.932800 55.315796 289.580658 142.769241
008952,0.917428 14 235.287338 109.498108 272.825500 161.697876 0.739389 14 234.509033 110.315727 279.105133 206.276733 0.714576 14 246.670837 118.711510 313.748718 217.970459 0.717609 14 238.728119 118.638710 320.102753 221.734268
008954,0.853345 14 294.975342 169.042496 326.975586 200.676132 0.641502 6 88.789742 101.416885 152.200760 133.670486
008956,
008957,0.696531 14 183.319656 62.774368 244.408875 195.971359 0.783126 14 225.658417 79.907578 382.734772 374.819366 0.596787 14 360.608185 155.555344 417.396332 270.695099 0.747369 14 108.797340 100.349220 380.813019 374.957764 0.660375 14 182.724731 64.349388 259.659302 250.053757 0.912173 14 105.032372 102.425842 247.050598 374.576935 0.782181 14 368.412567 15.205130 401.201416 73.847794 0.932315 14 231.079193 77.933952 446.987885 374.909027 0.578916 14 185.925491 61.193806 240.443359 140.802124 0.571243 14 297.113434 144.165024 330.124542 186.839508 0.977087 14 300.847443 49.849625 449.141418 374.543701
008959,
008963,0.810678 14 243.810104 63.688351 449.225250 374.358734 0.730646 14 244.168976 63.432175 449.150696 374.684357
008964,
008972,
008974,
008977,
008981,
008984,0.568586 14 123.662163 0.274479 253.541779 301.460114
008986,
008990,0.619904 14 1.912556 3.345251 199.752548 498.870789
008991,
008992,
008993,0.870565 14 161.462585 130.359283 297.179474 371.247406 0.558551 14 182.727509 319.595093 235.346405 374.721802 0.734802 14 164.089050 85.560379 378.816467 376.253082 0.525678 14 204.034439 128.570511 295.016907 374.332703 0.953134 14 251.812042 83.853745 377.531006 374.823608
008994,0.612276 6 1.911595 114.597198 132.223572 263.244110 0.608517 6 151.549850 141.450333 389.215393 264.049225 0.732497 6 150.309021 166.014633 387.367554 263.156342
008996,
008998,
009001,
009003,
009008,0.503202 14 256.055603 40.082676 281.522766 64.517143 0.666812 6 286.681091 20.200939 328.229034 36.306404
009009,
009010,
009011,
009012,0.603571 14 28.337555 0.350304 77.781830 164.624329 0.584218 14 77.673111 3.226846 246.170486 499.722443
009013,0.526088 14 36.175102 210.323318 66.190979 315.630829 0.713613 14 52.365868 211.790192 84.991859 371.790497 0.732418 14 36.938179 209.476974 62.063137 259.560150 0.929177 14 393.040344 93.656616 424.882080 140.706497 0.550516 14 37.341255 208.907379 68.057854 278.826904 0.542291 14 56.825298 210.882782 86.786644 301.763611 0.758984 14 52.664047 210.723145 85.047371 319.878906 0.542327 14 95.550034 227.010635 117.625908 283.188690 0.567357 14 55.646999 211.017715 85.801926 311.701782 0.816586 14 37.753868 209.274948 61.674530 246.839249
009014,0.926437 14 84.350647 36.444305 102.581039 78.939690 0.945880 14 114.381104 36.097599 131.660889 81.647987 0.772290 14 69.641975 52.117493 86.334778 77.366699
009017,0.606247 14 219.243195 14.225264 460.527283 325.427856 0.921158 14 100.444580 58.096260 186.545578 187.334290 0.632833 14 93.942108 57.704636 206.703690 199.878708 0.560161 14 187.945374 18.870850 465.971222 277.784943 0.675550 14 196.473389 63.585861 310.220642 208.899307 0.671481 14 224.714813 14.369510 458.518860 219.553040
009021,
009023,0.648839 6 53.077267 48.692326 388.784637 162.445694 0.661691 14 129.613373 24.284197 149.394394 60.226768 0.595624 6 1.767699 23.327297 112.108887 167.929184 0.894222 14 419.697296 31.319099 457.320557 133.426788 0.898150 6 394.054565 49.208649 476.211517 123.125885 0.904772 14 68.430168 27.188314 86.786491 57.152519 0.762501 14 372.169434 32.242352 397.935760 68.578705 0.547260 14 361.088440 31.587252 391.343201 82.825768 0.860905 14 208.023575 32.453526 226.661209 59.176544 0.707377 14 128.497177 23.756203 153.124756 99.564606 0.561565 14 421.536774 32.752956 457.566833 90.298607 0.893111 14 237.194839 30.637058 259.420288 51.659233 0.942538 14 24.084084 15.876116 58.923683 98.274620 0.683202 14 366.132690 31.817629 396.812256 88.547340 0.654174 14 17.404808 15.426462 62.100052 139.207809 0.646357 14 362.688965 31.159454 395.711487 81.752304 0.853510 14 175.159714 16.240135 217.490753 118.275368 0.513496 6 55.904152 56.163422 109.462265 113.845154 0.531774 14 206.413132 30.470699 230.786453 110.687225 0.739917 14 153.732605 11.724300 177.453430 72.860931 0.675133 14 424.831940 33.683632 455.782104 68.799515 0.879856 14 97.281700 24.022814 118.041481 81.120262 0.751511 14 140.041077 21.027906 161.474258 68.829941 0.647419 6 47.207253 45.014458 407.105560 202.502335 0.758289 14 360.650421 30.917295 395.999298 100.133186 0.889762 6 2.280064 24.624220 112.344231 123.010239 0.886729 14 176.556442 18.405897 200.487823 63.299900 0.728179 14 369.243195 31.546139 401.593140 128.742737 0.606155 14 67.299431 26.876162 88.032982 82.825676 0.917854 14 281.179352 32.258324 301.227356 51.702141
009025,0.608102 14 50.193756 24.469561 391.751556 332.641785
009026,0.802520 14 449.140503 209.411835 473.111511 238.763916
009028,0.919210 14 156.723724 30.114334 318.008972 273.030548
009030,0.609430 6 330.108490 292.706299 441.004242 372.138855 0.724545 6 279.377686 282.443512 444.824280 373.608002 0.830669 6 127.373787 313.076843 342.561066 374.731323
009031,
009033,0.554767 6 126.844513 327.740784 198.330566 378.354553 0.527879 6 134.852982 328.506744 173.163254 372.262451 0.655697 6 78.678650 326.301971 163.368790 390.149506 0.858333 6 181.516495 325.696198 248.867020 363.276642 0.930108 6 2.395785 333.231964 89.832161 413.876556 0.502095 6 129.422867 326.856323 193.072922 378.109467 0.680145 6 133.041458 327.442413 215.614563 373.553284 0.571407 6 136.510162 323.398804 248.148651 372.617920 0.524849 6 179.640259 326.681946 223.746231 365.431335
009038,
009040,0.570330 14 158.384293 147.401886 216.174072 350.504242 0.924193 14 162.424545 145.863968 251.279526 351.360809
009041,0.543052 14 162.614731 120.744400 203.945190 241.146820 0.514019 14 183.420334 182.872131 213.216400 232.655075 0.814706 14 162.126129 71.572426 238.251541 228.498886 0.588724 14 163.437408 70.082848 261.012726 226.963638
009043,
009044,0.505129 14 145.516312 0.625720 254.047775 155.893219 0.675795 14 108.585518 69.488503 129.462097 98.307640 0.681376 14 64.429497 61.343422 87.708122 99.516098 0.640804 14 394.963379 36.681595 440.817413 76.650429 0.563151 14 473.739502 57.537659 500.019440 122.004570 0.837911 14 450.883545 58.635986 493.774445 159.836838 0.847657 14 103.623741 68.346191 157.113220 166.221100 0.768549 14 398.225067 34.823097 443.234253 162.920898 0.952442 14 34.152931 54.357822 73.351921 166.394669 0.895820 14 1.216870 63.456650 38.256424 269.473419 0.813318 14 472.467529 58.740913 497.943878 103.997459 0.550141 14 83.213028 64.603355 114.773560 122.078850 0.938514 14 1.173304 62.664211 33.314236 176.751755 0.715031 14 29.696241 55.765072 103.758011 264.102264 0.591234 14 472.136017 58.216698 500.103058 158.521027 0.890875 14 69.197906 63.532848 109.693527 160.143066 0.920894 14 358.760773 33.762527 450.289917 163.853363 0.652238 14 73.528450 63.824398 103.252861 103.857292 0.858323 14 339.446136 77.521889 359.164581 106.094048
009046,0.682653 14 110.577728 4.614353 247.983124 500.097290 0.820992 14 222.451904 180.395477 272.987854 290.658997 0.527654 14 28.639120 4.971921 281.602142 501.235779 0.834299 14 42.287830 5.580619 249.271286 500.157959 0.705139 14 92.822159 4.682317 282.035095 500.316010
009047,0.645886 14 246.865067 5.436986 271.396912 47.496643 0.557602 14 158.299896 1.257714 183.889694 42.053284 0.768530 14 85.882050 17.783154 108.217957 48.203648 0.804060 14 236.056747 2.827430 257.574646 47.103142 0.590709 14 453.920776 -0.140446 496.805084 144.179672 0.914958 14 404.088104 8.034670 441.535980 81.266243 0.896792 14 172.964233 0.758592 247.466080 179.698395 0.576151 14 346.624695 29.253286 376.911133 74.150146 0.556475 14 163.664322 0.698379 194.760757 110.879471 0.566299 14 100.778946 -0.122314 242.771271 200.841965 0.666455 14 459.970764 -0.220674 494.661987 82.958138 0.632594 14 107.312401 0.595611 163.711166 97.128120 0.924212 14 97.591805 0.438766 168.317780 147.881241 0.736420 14 438.024567 67.050316 461.537781 86.387291 0.688951 14 269.068573 0.349815 327.787415 160.126007 0.894159 14 335.621460 0.577198 403.039490 168.383926 0.588383 14 275.382263 0.316543 320.018799 57.785965
009050,0.596328 14 266.426941 0.204754 290.441772 39.837791 0.781654 14 163.390076 10.054334 177.430298 62.231956 0.778390 14 85.832901 30.896736 114.236465 86.766136 0.873200 14 344.217194 21.245556 364.373627 52.089092 0.821516 14 479.092010 12.185787 491.139404 45.500904 0.840469 14 456.498016 12.579655 468.545959 44.506096 0.536784 6 1.574583 44.357521 115.308746 166.774323 0.610457 14 81.069557 31.033899 116.148247 113.712898 0.887693 14 174.688293 12.027954 189.766983 63.129448 0.622087 14 84.955963 81.256256 108.789726 106.696419
009052,0.807069 14 232.112503 196.792786 256.855530 223.037354 0.781117 6 211.281036 107.552795 383.957062 165.071762 0.862431 6 191.040878 122.053352 413.600983 286.863159 0.943824 14 295.071472 129.750076 329.207733 165.601334
009054,
009055,
009056,0.552840 8 90.666061 212.655243 210.563187 329.321869 0.528972 8 313.717163 216.636047 425.427643 325.552338 0.646096 8 310.941162 208.162460 392.485016 313.254333 0.505091 8 137.970978 209.543686 208.833542 322.955353
009057,0.730348 14 44.707512 120.228630 107.812569 332.050934
009061,
009062,0.667204 15 48.796497 226.783813 76.192299 264.585938 0.674758 15 345.167572 210.989182 369.812836 245.588638 0.709402 15 303.037628 209.446945 328.935547 247.424759 0.626255 15 391.493042 211.103760 410.989899 244.031937 0.652025 15 148.209549 216.882034 171.575851 255.735046 0.668335 15 94.247490 216.205780 119.227470 256.826843 0.715872 15 253.935699 215.758728 276.998169 252.451797 0.557544 14 286.674683 185.967224 318.487061 237.829010
009065,
009067,0.557424 14 157.557831 81.005821 202.721970 163.283798 0.901380 14 155.920868 83.033585 247.798828 254.351578 0.704384 14 115.711723 83.644966 254.507782 287.015564 0.604051 14 92.460609 98.183914 156.214218 290.670837 0.594054 14 323.077911 58.417171 386.383636 350.335602
009069,0.930205 14 1.248542 1.881039 81.033234 178.040405 0.594824 14 1.916669 1.165336 81.940140 134.952850
009070,0.765801 14 1.143176 37.650856 41.390327 189.035614 0.849789 14 1.474921 37.632629 39.899914 90.373482 0.915687 14 399.113922 111.595322 434.927856 184.763702
009071,0.699875 6 64.400764 87.037514 469.301666 226.372025 0.562745 6 65.419792 86.694046 470.444427 277.088470
009074,0.904070 14 162.696930 93.315598 241.620255 319.967438
009075,0.649612 4 97.581734 236.984726 135.585251 329.541931 0.635718 4 335.692017 226.526093 383.266785 343.875885 0.675745 14 303.792725 96.881981 416.384033 372.946869 0.510466 14 268.500305 63.543545 339.967102 301.520752 0.542633 14 185.687012 150.512085 280.683289 288.320190 0.802574 14 295.187866 94.518265 500.342621 374.679932 0.655283 14 268.627167 63.169018 338.854248 282.942200 0.518307 14 37.313099 115.646248 126.758011 302.058167 0.934211 14 125.989349 32.381683 283.245148 306.868744 0.664795 14 268.296783 61.482254 347.775452 374.227692 0.593995 14 273.500549 55.060688 499.757294 355.147644 0.544898 14 272.278687 55.754105 424.221313 374.871307 0.947027 14 270.959015 55.511456 499.482208 373.693054
009076,
009077,0.739872 14 28.247431 140.051346 49.671963 187.195114 0.869358 14 122.779716 33.325012 147.980637 69.740791 0.981515 14 395.789856 97.032341 464.683533 238.767670 0.558642 14 295.972778 103.784416 379.896942 164.701965 0.563931 14 303.184906 105.065735 339.585449 207.496185 0.814181 14 301.088867 106.140625 348.289551 260.389679 0.521345 14 409.609100 97.863701 452.745514 235.895218 0.538521 14 304.317566 104.215027 342.756897 162.675705 0.918002 14 40.977798 137.531708 71.172279 185.393387 0.961422 14 152.942673 116.612801 178.930511 196.431503 0.813733 14 90.623322 122.152580 129.672134 207.699646 0.671776 14 281.022583 101.246872 321.174530 243.598663 0.783941 14 28.782486 138.344727 52.801609 186.726517 0.510349 14 277.474152 76.915985 391.617188 261.810364 0.862756 14 305.915192 105.905045 377.847076 260.460693 0.846204 14 281.135376 105.174286 386.917816 260.893585
009081,
009082,
009083,
009084,0.620783 14 27.444786 220.174133 67.814934 288.422089 0.910598 14 381.421509 24.039522 411.469391 106.740372 0.907845 14 429.832703 16.200073 463.551392 134.560852 0.793332 14 123.359261 76.956261 238.239594 254.097168 0.797665 14 1.374230 221.663116 65.178764 374.797760 0.855949 14 366.266998 41.813950 388.859070 109.534065 0.691844 14 70.139526 222.103363 102.083534 295.500885 0.576943 14 1.273345 219.494980 66.792297 367.820099
009088,
009090,0.650781 15 162.044174 185.602676 182.494247 229.531799 0.579222 15 128.315323 179.439331 152.032730 214.273804 0.536358 15 236.089828 177.337021 284.125458 248.280731
009092,0.969610 14 191.310028 146.294571 210.069672 183.665909 0.772072 6 403.529175 147.096359 435.196106 200.701202 0.851263 14 266.462891 112.173538 286.332642 135.763168
009093,
009095,0.756261 14 154.338470 169.176910 173.538483 204.671738
009096,0.540674 6 19.837561 25.450569 90.277855 48.138649 0.504830 6 9.388832 33.599041 332.933624 134.625290
009097,0.654468 14 108.637466 80.844017 123.169205 122.607384
009101,0.622377 14 232.729492 90.214775 319.753296 318.261261 0.976241 14 370.192291 83.879967 475.394104 317.054077 0.798213 14 80.512505 17.547823 192.110077 318.347168 0.551731 14 81.873322 19.357464 150.456207 142.168549 0.923728 14 5.372314 17.259727 190.712158 318.764160 0.794211 14 149.915192 106.033913 172.146866 133.109924
009102,0.714940 14 105.376068 152.539078 193.701096 254.007233 0.874715 14 69.872849 151.886017 232.492752 375.825897
009103,
009104,
009107,0.555858 14 372.577332 164.143921 411.562347 214.266144 0.680982 14 285.022858 1.154104 320.717987 57.001041
009109,0.626716 14 163.544708 35.153324 180.589523 57.937035 0.568475 14 415.302643 8.697414 451.275482 82.862633 0.579565 14 411.468140 6.889033 449.068237 101.858734 0.921150 14 413.274780 8.852715 449.707764 51.093662 0.846715 14 162.339264 34.978962 184.530640 100.609032
009110,0.693822 14 148.577057 62.813713 249.065903 254.463654 0.567710 6 132.840332 85.129326 257.263245 171.862762 0.572492 14 134.906204 9.037804 253.431625 255.609467 0.815831 14 132.136475 59.934441 254.429169 254.534119
009111,0.848237 14 405.029449 185.938278 428.174896 233.702148 0.907967 6 458.657776 173.704208 492.731903 198.668213 0.842430 6 153.406464 202.166443 350.107483 278.106598
009115,0.977395 14 128.261368 56.028774 263.355957 372.789124
009118,
009119,0.828218 14 243.935028 151.134659 266.769897 177.985626 0.911762 14 311.973877 162.216721 331.466309 206.301071 0.914597 14 367.041931 140.334503 392.702393 222.718033 0.755404 14 368.463104 139.540833 391.044434 183.801590 0.801745 6 129.212952 165.123840 364.603027 302.779785 0.551111 6 175.469025 123.744247 309.479248 212.933304 0.528298 14 363.452881 139.707993 391.833923 228.325226
009120,0.882149 14 298.671875 97.831863 321.637848 114.505997
009122,0.559416 6 191.757919 281.275146 296.696136 342.448212 0.825521 14 75.113609 294.431976 88.187378 327.398041 0.658882 6 192.068207 282.589417 254.280685 337.769989 0.697715 14 89.025780 290.729767 104.362640 322.976196 0.733371 14 217.338272 261.280609 239.630951 342.214996 0.646691 6 19.803024 264.023590 183.184830 332.743317 0.827228 6 113.110420 294.136719 176.677795 334.644958 0.872606 6 198.963516 261.562286 444.906586 358.031891
009124,0.974035 14 219.831421 187.273041 290.695831 323.055328
009125,0.597944 14 246.995895 178.082321 284.919006 223.719025 0.648481 14 58.717556 164.686646 183.711502 374.945251 0.908796 14 58.683018 164.990814 166.212479 374.445770 0.764063 6 100.589592 178.430038 259.020813 239.586548 0.579211 14 60.018547 165.616714 273.005585 375.378418 0.668298 14 57.147747 165.355515 189.682312 374.874298 0.899053 14 156.678055 173.329849 394.609955 374.164886 0.517685 14 215.674149 179.362778 301.626740 374.075348
009127,0.925512 14 60.909344 175.636887 169.386200 374.159637 0.552624 14 3.020667 165.769409 167.337296 374.346344 0.897668 14 421.576630 204.167252 500.342377 373.741638 0.783984 14 334.633514 204.495453 404.825256 306.972778 0.869935 14 333.255310 204.666779 411.905487 372.822510 0.503903 14 4.476800 28.603748 357.777649 375.957184 0.861708 14 145.914795 33.219540 377.110901 374.745178 0.561523 14 332.649048 204.568222 404.605316 308.454651
009130,0.968337 14 91.497177 76.587021 188.421432 303.022156
009132,0.672967 14 92.626335 45.519253 413.040985 290.260406
009134,
009135,
009137,
009139,0.686829 6 33.561310 48.555119 52.762070 98.276718 0.966689 14 347.674438 2.197132 448.377136 374.084351 0.960912 14 58.659386 0.322435 94.575600 98.328751 0.582298 14 1.740461 -0.055147 37.903690 97.255959 0.862841 14 136.083832 2.597898 181.547775 202.339905 0.954623 14 0.851497 2.560616 41.426647 203.130600 0.872877 14 341.710571 2.297572 384.898529 72.893532 0.546257 14 347.713593 2.728374 381.257660 48.567139 0.528233 14 8.749187 0.386154 33.970367 45.083096 0.930418 14 59.737701 0.938505 153.805298 196.157272 0.863891 14 141.468033 3.309692 180.774200 78.091385 0.713235 6 37.728344 19.586567 71.199226 58.076988
009140,
009142,
009143,0.593924 14 3.727745 148.258652 150.684189 497.459686
009145,0.539350 14 95.610535 54.734890 127.432899 104.008072 0.880399 14 49.357300 49.145340 129.359726 139.741501 0.853440 14 54.230965 48.276745 94.248497 90.514595 0.581646 14 49.129204 46.855125 99.810165 100.121880 0.587792 14 50.518169 46.337456 99.853065 108.657631
009146,
009149,
009152,0.878642 14 90.647995 135.137436 160.266129 243.278671 0.788099 14 126.735970 202.155685 188.941971 321.188843 0.863326 14 92.923714 135.690628 166.715256 319.186371 0.665877 14 94.011017 135.476151 154.610397 319.224762 0.711532 14 93.947205 135.023773 141.862198 242.888794 0.557037 14 124.213188 142.813522 188.933914 322.862976
009154,
009156,0.939639 6 20.221859 79.010521 84.065498 101.034386 0.563339 6 204.846237 68.397385 261.622406 92.483971 0.947641 6 404.202423 70.525894 479.249939 98.433014 0.950745 6 285.714325 71.914146 387.104340 105.960052 0.886915 6 37.863895 72.668480 302.077118 193.998322
009158,
009164,0.621702 14 166.295975 229.931915 221.326538 377.062286 0.768528 4 139.362839 329.788391 159.601227 398.332764 0.711278 4 140.238358 301.685547 159.227936 395.126129 0.648918 14 41.350784 141.732513 152.107605 378.194397 0.653146 14 2.891438 213.527695 107.052078 496.108765 0.717637 4 138.202255 302.474213 157.220123 397.919891 0.563034 14 135.116730 228.159210 218.483490 391.525452 0.933082 14 39.083618 141.251663 150.569122 412.552307 0.572462 14 36.530415 140.208633 148.468018 493.050537 0.633194 14 140.916809 229.244446 222.730316 400.348083 0.528840 14 155.550461 230.324203 221.829819 402.117065
009165,0.608050 14 305.833496 131.098801 348.553101 181.893021 0.676634 14 307.766693 132.446777 344.475250 160.290527
009167,
009169,
009170,
009171,0.570977 14 249.130646 90.023613 287.879974 127.774178 0.828821 14 177.574448 99.107635 227.498276 148.550476 0.570393 14 111.438721 96.874954 145.169464 131.044479 0.926872 14 39.595325 87.719719 90.651291 183.819382 0.909389 14 428.216034 92.833984 460.150604 157.799072 0.970787 14 248.043045 91.665695 291.378632 170.110764 0.782025 14 1.651322 98.046120 49.569138 202.193024 0.946233 14 303.526337 93.452263 364.998810 161.562759 0.776648 14 174.843430 100.039848 228.436798 178.557678 0.950242 14 107.926445 96.690178 146.970673 154.591049 0.814727 14 1.693964 97.304619 41.435944 160.387375 0.617651 14 300.768402 94.002342 366.205902 186.067093 0.819013 14 180.387375 98.709122 222.419388 138.047989 0.888288 14 298.523071 94.844566 339.533142 176.611847
009172,0.679283 15 369.276550 242.498474 429.766022 326.935028 0.678311 15 306.659790 226.246292 367.956665 317.360748 0.531068 15 195.649124 203.075165 237.328918 269.998993 0.580297 15 239.827209 134.046341 306.087372 282.478149 0.533997 15 154.393295 139.303192 214.145996 255.936493
009176,
009182,0.594877 6 20.753325 71.662331 380.060730 352.137299 0.703863 6 458.945831 0.574047 499.459351 14.328689 0.785679 6 363.762543 0.473137 461.803131 14.543521 0.588066 6 233.919968 25.539368 498.218109 137.677750 0.659394 6 312.376068 0.525733 460.455231 14.796392
009183,
009188,0.867169 6 18.211290 57.205227 488.100342 286.566284
009190,
009198,
009199,
009201,
009203,0.568882 14 394.396729 244.964081 417.106262 277.002045
009204,
009206,
009207,
009210,0.933448 6 222.370438 165.060226 335.641479 221.064606
009211,
009216,0.560038 14 308.448914 64.006287 410.866272 331.761383
009217,0.672200 14 125.697258 50.979782 149.172516 82.526138 0.717825 14 91.356461 54.406837 122.044380 145.962494 0.504212 14 96.078934 53.324944 117.200401 83.225792 0.500026 14 90.421989 49.600201 119.077431 143.903305 0.666918 14 123.018456 49.381977 150.371750 102.596878 0.570501 14 91.753899 55.414970 122.638702 148.482895 0.854295 14 93.217918 56.971684 121.498848 100.789772
009219,0.964173 14 190.744324 72.220970 270.481445 283.350342 0.569220 14 6.725311 45.948723 134.988220 331.814362 0.900746 14 122.819351 91.654816 195.016190 322.357910 0.526736 14 42.304878 48.732029 117.899429 187.825089 0.525133 14 18.540487 45.180412 134.202545 325.426666 0.505441 14 19.666656 48.293709 252.962357 335.302368 0.850623 14 28.788872 46.462399 139.626617 330.739319 0.708080 6 212.333618 0.505672 363.631775 27.775288 0.730321 14 281.424652 61.406494 346.785431 297.724091 0.956610 14 268.391418 58.984715 373.286499 361.918945
009220,0.884088 14 63.084900 225.346695 87.415886 247.436569
009222,0.541746 14 36.566288 101.428909 293.487610 376.075745 0.771722 14 36.093937 67.132805 290.464508 376.547089
009223,0.985267 14 291.743866 67.334557 334.623352 179.309692
009225,
009226,
009228,
009229,0.950704 14 400.769653 44.863464 475.944580 229.273163 0.583197 6 318.455597 123.298782 461.841431 210.242203 0.922641 14 400.170471 43.852882 469.157440 157.690628 0.965662 14 1.511622 81.505333 66.739456 266.282837 0.852228 14 374.817535 47.841946 408.518402 154.146637 0.638837 6 314.510681 115.869331 468.674164 251.523727 0.796780 14 17.875544 304.339050 57.641304 374.649445
009231,0.782128 14 171.493469 56.880489 230.160568 222.904327 0.560285 14 137.422867 58.329609 312.682587 320.462280 0.573251 14 113.088135 63.464310 184.054764 137.674576 0.509894 14 326.234833 59.135098 378.384277 128.921829 0.547201 14 399.115753 76.373566 448.414795 145.556763 0.595695 14 121.394020 59.790512 235.437439 338.622864 0.664428 14 110.242378 63.584480 189.579086 237.561371 0.532147 14 320.381104 58.855484 376.827484 132.929520 0.639132 14 120.794189 57.007267 314.045563 329.528046 0.504909 14 3.089473 3.962409 141.419891 329.166229 0.616438 14 136.741318 57.147938 227.581406 233.763702 0.590546 14 18.737911 60.170086 315.456970 341.494690 0.616644 14 96.989151 55.364746 146.376816 152.079224 0.886823 14 21.094471 59.624420 204.676712 336.936035 0.792165 14 199.029526 26.343922 371.577972 319.903717 0.788095 14 30.585129 58.138325 150.921036 331.588867 0.544848 14 197.848999 56.884850 314.864838 318.735077 0.903268 14 267.630066 58.748695 380.503815 300.894196
009232,
009233,
009234,
009235,
009237,0.576104 14 84.655594 178.523972 160.617371 460.126160 0.929991 14 84.930840 177.517731 151.580948 422.021973 0.887621 14 136.471939 145.863266 174.908173 314.208801 0.708951 14 84.610962 173.600647 160.673080 416.437408 0.511275 14 84.874290 223.639435 149.650711 454.668030 0.700393 14 169.957123 134.675339 218.258911 286.572998 0.901610 14 162.055862 61.121964 224.563461 301.410645 0.725711 14 167.637665 132.234192 220.883438 310.485107 0.517509 14 163.837585 59.748680 222.173401 170.247467
009240,0.619961 14 260.068787 85.970268 498.405457 252.102798
009241,0.675226 6 53.972321 141.746613 87.759033 157.052765 0.899555 6 137.489410 142.922989 240.995651 177.439301 0.825942 14 83.885582 137.452621 100.294067 154.314636
009243,
009248,0.742777 14 101.475296 34.657494 425.213989 374.968262
009253,0.941049 14 35.139030 21.960365 231.713272 391.205109 0.705173 14 144.063324 102.844284 178.513199 146.084579 0.877776 14 243.350708 51.205025 349.872131 389.462891 0.636511 14 249.032684 50.723476 470.687805 387.978088
009256,
009257,
009258,0.555163 14 19.315510 2.100915 243.321915 493.410248 0.753354 14 68.590897 3.344729 241.284225 418.479279
009260,0.561552 14 42.395580 118.773857 74.568764 151.358276
009261,0.708326 6 238.319611 312.621002 261.671082 331.593018 0.529180 15 409.836884 192.059113 433.956970 228.403488
009262,0.570346 0 7.922143 94.790642 489.553009 240.434555
009263,0.779045 14 4.068412 91.855354 115.118050 374.420898 0.901995 14 2.558630 93.432304 114.082710 370.347137
009264,
009265,
009266,
009267,0.907115 6 300.752594 239.097427 463.638000 299.438721 0.896024 6 482.767578 268.670044 500.118439 294.721893 0.928356 6 202.734924 245.055801 292.973969 283.536285 0.918089 6 22.923182 231.699448 72.046028 256.627960 0.579472 6 293.631134 250.790924 332.323608 299.751801 0.702078 14 290.222839 163.031036 318.528259 193.219116
009274,
009275,
009276,0.729935 14 40.877113 126.686813 59.558140 188.441071 0.593857 14 19.361063 124.258530 43.921989 189.657501 0.538698 14 74.109283 140.391891 101.960312 192.261093
009277,0.961794 14 113.549477 104.466278 228.436142 302.975311 0.808289 6 50.892784 156.057251 113.763031 216.597458
009280,0.683213 14 168.611023 0.487763 335.797577 327.362915
009284,0.570864 14 234.122421 133.776733 258.314514 150.365875 0.946791 14 474.534424 129.568817 500.174042 186.293518 0.938051 14 447.046051 132.543121 484.538422 181.775848 0.653682 14 137.284363 109.459831 214.569412 193.243835 0.927666 14 1.540551 182.443909 46.793842 248.432587 0.881028 14 197.485184 125.957947 229.287949 172.120056 0.956154 14 136.373230 117.973938 176.634781 191.164993 0.568609 14 414.928253 130.676910 441.361481 158.878754 0.934464 14 413.688904 129.258942 446.051849 165.597015 0.959224 14 70.822495 120.015869 98.854156 187.160797 0.793786 14 1.447886 109.765411 47.934620 248.599426 0.628452 14 160.417175 111.710930 189.308731 146.505127 0.833166 14 367.085541 127.003456 404.430664 152.803452 0.936261 14 143.643372 112.436035 213.262970 183.620270 0.589822 14 65.292038 118.849388 99.000877 185.578949 0.524472 14 190.658768 122.595551 231.828262 183.346146 0.931174 14 1.699105 110.679611 48.610462 206.321594 0.670446 14 439.877502 129.978256 460.444092 162.980225 0.962037 14 96.501816 118.026649 131.907135 188.781738 0.509213 14 160.106827 112.696922 208.681870 179.061752 0.783076 14 113.840919 116.391129 140.109619 187.037964 0.851009 14 446.302826 146.825470 477.071167 179.309357 0.588860 14 249.870148 121.938858 295.244720 152.650436 0.848803 14 274.862579 88.146240 370.853424 153.700851
009292,0.921929 14 225.159851 461.830963 245.575943 500.079468 0.935708 14 183.244034 454.642883 205.558258 498.501007
009293,
009294,0.553792 14 66.341637 196.640350 239.544952 429.568817 0.741191 14 66.586029 196.562027 283.564941 427.555237
009297,0.657646 14 4.610986 70.750237 285.349152 376.718262 0.556019 14 198.919159 68.443619 310.996735 222.062515 0.805981 14 2.922595 90.315163 159.735718 375.037689 0.613409 14 396.284546 48.485165 499.429199 283.174347 0.844388 14 357.082458 115.566147 380.212097 150.592896 0.667584 4 400.801178 153.231964 430.395538 245.476486 0.664305 14 474.670135 73.634552 500.145020 144.950150 0.883915 14 432.648895 74.617104 487.840820 181.952499 0.669735 14 466.177521 77.091354 500.078613 256.646301 0.582456 14 238.727631 137.639435 279.930817 208.590790 0.510460 14 111.943909 71.423874 269.006348 274.085693 0.844858 14 394.739990 72.236221 491.707977 181.538879 0.541268 14 166.391129 69.658073 313.951080 268.299011 0.537057 14 2.975814 88.230499 124.204361 250.409760 0.552902 14 194.590652 69.093422 277.035858 239.328094 0.738346 14 110.484962 71.734314 249.690887 296.104218 0.718693 14 226.664551 136.528397 308.110962 222.282394 0.870321 14 197.202332 69.909668 241.248276 185.391815 0.876581 14 108.849655 69.775543 308.224854 333.871521 0.687059 14 2.433725 21.057173 162.637405 376.469391 0.524405 14 181.225342 69.257980 224.478470 184.574585 0.544751 14 469.212128 76.358627 500.130768 207.860474 0.679914 4 329.700623 156.195633 355.355713 239.201767 0.638151 14 2.715193 110.981491 163.341278 375.934113 0.908377 14 277.246155 143.705902 304.522614 179.947922
009298,
009300,
009301,
009302,0.819730 6 43.847679 134.875076 463.425110 308.233887 0.943022 6 1.882300 122.062965 88.194130 188.672455
009304,
009305,
009310,0.883665 14 170.876770 122.694878 238.043152 242.348999 0.639585 14 156.177383 131.015930 184.677414 195.504227 0.518473 14 199.346176 123.284370 237.339691 242.209503 0.500628 14 156.897217 131.216812 181.462585 179.487442 0.531161 14 153.486252 127.330231 240.552216 241.992279 0.896507 14 112.457184 165.936539 136.659317 217.588821
009311,0.638161 14 1.536146 22.608255 70.381798 133.902374 0.692232 14 1.294307 22.246611 71.220825 234.979843 0.691593 14 1.237597 23.619980 70.969734 269.709290 0.803899 14 351.515259 100.908257 380.072388 124.823975
009313,
009314,0.709332 14 151.676880 207.049759 184.556595 286.351105 0.743757 14 69.255798 208.119522 277.186890 498.902130 0.973531 14 42.848389 229.660172 74.257774 350.071198 0.569999 6 146.620407 191.933685 233.624832 331.090881 0.701826 14 153.526871 205.984253 179.528564 253.463928 0.762659 14 165.723816 255.174393 284.818726 498.910736
009317,0.823023 14 124.966530 55.774197 259.106079 198.467972 0.575056 14 127.019928 55.238873 226.927170 195.419937 0.877768 14 125.244644 54.926792 228.504303 194.892365
009319,
009320,0.881701 14 5.281806 105.336258 295.310669 376.807861 0.595341 14 4.281558 104.615662 189.232620 376.112183
009321,0.786271 6 31.556442 110.686928 305.791260 287.313416
009322,0.861772 6 144.139893 195.462631 189.643021 239.481689 0.934189 6 1.389889 225.508301 44.805614 279.930481 0.668697 6 67.690506 211.711365 117.190674 256.440247 0.750212 6 192.379440 184.256348 219.495392 218.634125 0.929901 6 29.182508 210.397400 116.342453 263.084808 0.916099 14 366.614716 187.039291 380.880920 212.968262 0.952892 14 284.762878 208.712479 335.817963 325.314728
009328,0.701193 14 265.144135 25.756823 374.715057 318.603638 0.521542 14 148.945251 66.592033 185.667404 113.789276 0.555516 14 281.838684 81.579041 302.772614 125.950256 0.864457 14 8.004283 57.735825 257.209198 321.136932 0.645180 14 13.162950 54.194763 170.966614 319.075623 0.753460 14 121.684746 54.292469 151.450546 119.432106 0.543383 14 119.701332 65.707443 257.411987 316.760193 0.538925 14 267.391235 28.000988 309.569733 134.097656
009329,
009332,0.536099 6 1.047627 243.170670 38.461819 323.156586 0.659432 6 1.309291 242.223862 61.640202 342.229858 0.928377 14 114.914909 278.777039 176.805344 395.065643
009335,0.924099 6 100.183846 97.407944 287.002441 142.100403 0.776460 14 164.781921 95.843735 188.781555 113.502640
009338,0.563771 14 126.228172 103.566246 190.125153 232.713684 0.677185 14 143.555634 124.928207 180.545212 170.330536
009340,
009341,0.789576 6 25.373518 90.736328 433.894226 307.670837
009344,0.845110 14 307.629944 3.183570 499.166138 332.766632 0.569951 14 218.525864 97.358147 247.572327 126.787872 0.825042 14 214.552292 97.561241 253.358429 172.260040
009345,0.693110 14 186.719620 70.809715 268.442444 366.161377 0.707222 14 332.193237 89.960640 458.897797 374.686035 0.943538 14 186.551208 71.826584 266.787109 304.749878 0.970784 14 8.873187 111.622383 221.263611 375.481293 0.982087 14 298.020966 88.542137 460.062805 374.483765
009346,
009352,0.701119 14 218.832993 129.135452 311.604004 253.448364
009353,0.507295 14 265.612061 172.004715 284.624817 203.968063
009355,
009356,
009357,
009360,0.642880 6 188.243286 158.953430 446.689423 315.096802
009361,0.577641 14 150.966965 78.586304 269.151672 194.607925 0.505438 14 383.764679 19.662905 420.864227 79.650795 0.605816 14 343.800232 6.031579 387.132935 75.446198 0.680569 14 388.511169 21.332695 419.677795 53.853226 0.688147 14 386.818481 20.915993 419.033936 54.712494 0.743933 14 348.578766 8.112719 382.783722 38.218861
009363,0.676602 14 4.073460 87.274475 205.901825 494.877625 0.752720 14 84.074326 87.434052 204.497833 474.369049
009364,0.629993 14 225.020645 15.242710 250.136734 58.606110 0.794696 14 201.331467 19.663649 241.910339 60.133934 0.634448 14 144.493454 26.260206 179.931046 51.825233 0.828360 14 116.151260 22.644175 142.272339 45.640285
009366,
009367,0.708794 15 331.214752 157.479523 362.042053 224.580994
009369,0.517460 14 129.760162 7.951293 165.482941 81.160080 0.858384 14 143.006927 13.740227 208.504791 89.344154
009370,0.836507 14 85.585129 112.817085 186.501343 340.979340 0.700929 1 49.176216 201.690048 215.734894 370.207886 0.848356 14 74.697380 112.256233 205.699417 340.813385
009372,
009376,0.970976 14 238.656326 70.190559 277.048676 174.055008 0.523960 6 2.163202 94.933952 133.081696 203.324615 0.538045 6 378.246552 111.851807 459.883575 192.637817 0.834675 14 478.563354 84.326370 500.171661 224.204041 0.937298 14 296.025391 103.613892 348.124268 193.401398 0.606187 14 294.781433 100.903061 355.592438 276.077362 0.963715 14 451.232635 85.794716 489.536194 225.358078 0.503244 14 169.905945 147.651764 213.260910 192.158386 0.887456 14 1.372391 136.130692 36.304630 207.634735 0.570415 14 226.823975 161.809036 247.116455 179.268555 0.952854 6 381.743408 111.537537 456.120819 149.111664 0.952679 14 276.510895 72.602844 306.969818 179.338104 0.941242 14 174.136627 149.245865 204.773056 181.036911 0.966082 14 251.023056 106.966072 293.272980 175.130920 0.575966 14 479.139191 82.229500 500.113251 138.864456 0.664828 14 1.579767 136.146378 35.110085 180.607208 0.751004 6 1.523018 123.921234 372.357574 358.054749 0.883898 14 446.584991 140.904022 493.911804 223.993973 0.948290 14 143.339676 150.972046 173.490234 188.675278 0.923935 14 294.899414 68.479538 347.642792 193.720596 0.972556 14 337.604126 95.275116 376.462128 238.937210 0.595427 14 301.212708 67.399254 342.805298 124.697296
009379,
009380,0.866998 14 201.287796 39.876785 290.278961 178.368256 0.805299 14 191.123520 41.094387 293.650909 240.660690
009381,
009383,
009384,0.934638 6 63.330299 298.776733 147.727585 361.934387 0.951389 6 0.993259 295.420471 62.099136 375.422546 0.855572 6 152.875229 293.708740 265.427582 374.500580 0.938312 6 275.599548 309.374695 326.540405 350.418671
009385,
009387,0.636382 6 181.657516 248.448944 210.079346 266.328766 0.874500 6 180.927750 229.776398 354.034668 269.228577
009390,
009391,0.594862 14 55.731583 162.013687 80.357498 231.430954 0.894005 14 81.237473 146.115753 137.397797 304.863098 0.577395 14 83.509697 146.623856 134.646347 256.422791
009395,
009396,0.901688 6 16.681971 451.895203 52.078915 484.023376 0.900084 6 81.120628 417.089600 155.720535 499.431519
009397,
009399,
009400,
009402,0.703226 14 258.901672 30.889174 287.226593 57.621639 0.935000 14 165.787994 48.328640 323.939789 328.921448 0.505216 14 80.662849 33.605240 100.968910 59.849014 0.571565 14 381.878052 21.776173 407.819122 61.174377 0.949213 14 413.773071 87.516472 441.746948 117.038132 0.634660 6 5.465113 109.051064 189.231277 176.741608 0.750845 14 454.815918 0.600698 485.158386 31.133568 0.503156 14 470.557404 120.100182 496.607727 162.529419 0.548641 6 30.017822 110.878738 163.667252 176.679703 0.665946 6 1.579152 135.403839 56.923008 184.220718 0.897809 14 459.702087 175.502594 485.199463 220.156525 0.592655 14 363.302979 20.171152 394.204773 58.351967
009403,
009404,
009415,0.656925 14 464.848663 153.628860 500.459625 310.841003 0.817369 14 466.482208 152.953979 500.303436 271.749725 0.584109 14 28.004765 102.163582 261.849945 321.621643 0.708069 14 22.568687 102.458092 205.913040 321.757965 0.555082 14 465.850922 163.299652 500.197479 263.781281
009416,0.781936 14 35.545269 251.747604 87.641701 374.317169 0.752461 14 401.007446 283.705505 425.870087 368.595520 0.693711 14 327.097443 271.298187 361.492615 323.326630 0.546455 15 272.536865 83.176292 392.584503 176.710800 0.776447 14 2.562277 145.769516 38.557568 195.862213 0.548265 14 39.393433 332.335724 69.681320 374.723328 0.642785 14 374.058411 285.120697 400.435486 363.024658 0.629790 14 329.536865 211.893402 363.843018 259.620483
009423,0.948422 14 285.906219 260.216919 305.138855 299.895813 0.712590 14 233.012711 260.463684 249.831558 297.508240 0.902478 14 255.733902 261.056793 272.895996 299.176605
009425,0.902468 14 207.228058 22.706778 348.910095 371.803070
009426,0.937354 6 162.208878 197.138138 342.560669 302.673706
009427,0.649850 6 89.753510 6.957640 474.523132 222.264877
009428,0.772346 14 44.746265 35.906910 246.363327 501.691772
009430,0.511127 14 104.113304 2.711710 142.267456 61.170403 0.698918 14 51.998653 16.706936 105.021530 68.858597 0.940271 14 56.460648 16.888803 98.035950 59.515530 0.895758 14 368.657318 19.471607 402.399628 45.047672 0.593523 14 476.087158 18.771952 499.992493 64.564697 0.949488 14 443.527435 28.239124 478.097595 98.520500 0.804830 14 1.489183 15.152474 24.825392 64.943596 0.880991 14 474.557251 16.924778 500.029633 100.193001 0.850144 14 194.546051 26.250450 225.802902 48.234741 0.845077 14 414.062134 31.613811 452.682251 92.918999 0.852767 14 346.947815 22.303289 370.883728 43.142338 0.789319 14 416.711853 32.969139 448.918213 72.753227 0.744635 14 423.110596 27.806007 455.849396 87.909729 0.769478 14 286.862640 14.546905 322.908142 42.841377 0.738330 14 153.864868 17.990198 186.163132 49.163574 0.921234 14 104.303688 20.517345 136.669708 58.952030 0.567478 14 1.450715 14.461714 26.014492 61.086594 0.932791 14 129.999725 19.119722 166.125381 55.978947 0.862909 6 1.601636 31.286861 499.713715 264.510101 0.606841 14 359.709106 16.381298 408.256378 102.021454 0.816869 14 156.876389 17.722588 191.414780 49.933075 0.949091 14 23.836754 24.587072 59.906921 62.527668
009431,
009435,0.842402 14 408.768188 194.912399 433.400391 239.029312 0.844971 14 392.642487 194.258743 415.938965 229.343323 0.699270 14 391.478699 194.692688 416.984283 239.173477 0.921715 14 412.052643 197.718506 437.361115 239.267212
009436,0.978570 14 368.784882 148.700378 439.699158 282.736572 0.514701 14 136.024200 181.423874 166.810150 248.299103 0.912453 14 135.517563 179.434418 157.908325 203.903015
009441,0.863321 14 32.678753 3.273647 367.962677 375.840027
009442,0.602638 14 2.098702 28.894697 154.362137 329.013947 0.783859 14 3.594018 30.408085 152.918579 309.984741
009444,
009447,
009449,
009450,
009451,
009452,0.771257 14 5.130656 120.948822 236.372406 333.150269 0.657063 14 1.869019 30.611839 116.940559 331.482300 0.918345 14 415.614807 103.365128 500.195435 327.345184 0.616467 14 0.975356 33.250042 73.939575 332.239716 0.596274 14 1.748700 31.121458 84.811478 236.452606 0.714283 14 1.634136 31.522268 91.725578 268.649109 0.526035 15 138.122787 183.850876 219.816467 228.687653 0.570464 14 49.656624 121.055931 199.378906 331.592896 0.524406 14 1.860697 30.593529 75.157318 149.628616 0.793491 14 1.827858 3.673246 184.228622 331.759216 0.935943 14 269.769806 80.174225 361.005035 322.084076 0.517042 14 2.274886 28.183136 124.057236 249.150085 0.947698 14 270.853577 79.535316 358.513000 212.400162 0.830351 14 419.500946 103.805557 482.577026 239.823166
009453,0.706875 14 269.763672 214.871567 312.945160 366.716187
009462,0.562378 15 73.901711 280.077515 197.129547 483.582581 0.557994 15 73.077065 279.946564 182.981506 484.762909 0.577536 15 96.555031 283.546722 174.657440 480.385864
009467,
009471,
009473,0.643750 14 21.898985 99.613075 242.659622 376.049011 0.558305 14 19.057579 102.438354 188.198532 375.831696 0.616267 14 440.800873 111.420372 489.778259 225.331375 0.608791 14 435.768433 110.179321 492.097565 372.692505 0.779656 14 24.956450 102.570839 223.959381 376.040466 0.546090 14 16.951740 73.940018 252.556351 375.481598 0.845517 14 22.035927 101.982147 179.659119 375.981018 0.911577 14 178.940796 95.567757 399.262695 375.206177 0.686023 14 211.437561 98.330139 384.344757 374.839508 0.974911 14 331.227844 108.292694 490.126617 374.224091
009474,
009475,0.841758 14 185.483551 72.476234 242.069931 108.397369 0.512995 6 55.493088 47.493225 374.285309 108.224289 0.550853 14 90.828918 75.863312 129.823364 104.629143
009478,0.913694 14 91.872139 19.625425 311.432251 335.462952
009482,0.783788 14 225.503082 96.096039 262.938782 171.251068 0.535328 14 4.271239 153.506058 231.840179 375.370422 0.690178 14 247.654541 93.069092 273.273895 142.093353 0.517103 14 217.952850 97.537437 253.584976 175.162262 0.692702 14 2.733320 154.331360 139.302567 374.421143 0.541325 14 320.507690 105.991783 367.887268 215.640976 0.965559 14 306.899109 122.705688 473.651428 373.465454 0.584158 14 442.546906 55.322601 485.367188 147.932068 0.794208 14 300.905670 98.654953 345.590973 189.900436 0.573690 14 439.573273 47.128197 480.326874 146.425049 0.613078 14 446.531128 99.780991 494.938080 217.023163 0.824319 14 220.036087 111.065025 256.484009 178.231430 0.514726 14 102.616722 23.375898 239.880920 277.460205 0.535299 14 307.516541 114.043816 332.818909 155.305450 0.914774 14 412.001007 42.366512 450.885132 80.982903 0.625780 14 409.820435 41.715343 457.631653 113.021637 0.620607 14 245.289368 94.457253 275.430878 204.629883 0.760185 14 214.820587 101.102875 242.780411 169.343750 0.909352 14 186.044144 104.755135 227.987213 174.807327 0.885522 14 218.968918 96.645157 261.436584 198.616913 0.961334 14 2.974339 18.885578 249.641144 349.863892 0.899223 14 444.265198 47.739662 476.853302 81.234688 0.681872 14 2.135165 16.483772 217.210922 376.401276 0.902717 14 165.899994 118.245522 202.042969 167.834305 0.934140 14 449.687134 99.250694 485.683624 151.886230 0.861048 14 317.796356 102.042297 367.969940 227.340408 0.602143 14 431.781586 46.209358 476.575134 142.310104 0.510485 14 310.594604 51.567146 482.592590 374.807068 0.746589 14 306.059937 100.914536 336.665466 151.418900
009483,0.529010 14 67.858643 28.166353 248.351273 482.998138
009485,
009486,0.502277 19 155.305801 81.617432 236.951401 197.151443
009487,0.941077 14 44.658318 39.927574 308.754913 286.945312
009489,
009492,0.711347 6 107.729523 68.528549 482.196533 243.241684
009493,
009495,
009498,0.501440 14 55.547485 213.631638 70.081291 237.194382 0.793290 6 90.549553 66.136337 321.747772 297.630188
009501,0.717647 6 189.718933 118.478531 276.192444 225.766891
009503,
009505,0.965101 14 125.792763 52.747730 214.255524 273.887085
009506,0.737159 14 2.096761 272.137634 70.905907 309.819733
009509,0.937432 14 153.583435 44.055729 238.654434 375.811890
009510,0.800332 6 87.008240 141.512299 381.754150 286.834198 0.594857 15 373.636169 140.494919 422.214722 209.032410
009511,
009513,
009514,0.916255 14 185.863876 85.917450 264.580231 222.101562 0.578074 15 94.421585 58.447643 122.407799 86.743561 0.626221 8 290.088470 119.778152 403.419556 233.129669 0.977439 14 106.454712 87.232765 168.479935 218.201035 0.909549 14 366.372253 83.789284 406.304749 131.318176 0.930937 14 323.841248 87.632347 381.005432 169.701248 0.778365 14 164.731949 88.530022 210.381500 197.574158 0.800620 14 194.157578 85.547646 260.096588 193.008316 0.786919 14 324.699585 88.488815 384.503845 222.365005 0.812652 14 166.729279 86.202751 205.049728 124.470985
009521,
009522,
009525,0.904665 14 112.301910 64.697472 229.074768 380.508850 0.695666 14 112.157028 67.125107 192.754532 286.628479 0.639719 14 59.401058 62.998711 229.155014 416.263489 0.540156 14 178.130051 134.885941 238.826172 379.976135
009529,0.627196 14 318.301239 143.973755 454.026489 314.326843 0.770295 14 415.635254 142.225967 499.874695 317.444275 0.645770 14 461.929321 100.246758 500.065674 166.029633 0.760181 14 458.898773 109.907135 498.446930 166.933899 0.687137 14 197.111862 163.016266 308.061829 317.218964 0.563849 14 432.518005 140.039597 483.045593 188.931625 0.931761 14 416.189758 141.236786 499.504486 253.690857 0.644297 14 368.252625 89.484314 395.833069 128.470688 0.598673 14 395.252319 123.006393 423.273895 161.627106 0.555613 14 182.949570 72.990608 425.404633 320.437958 0.671644 14 39.139645 105.613319 88.328583 205.224014 0.710495 14 369.283478 88.253235 399.197266 148.689713 0.874813 14 178.030579 73.913513 282.926910 318.007294 0.921270 14 37.736885 106.305687 92.156624 263.866913 0.616818 14 461.518219 109.024734 498.334167 149.093567 0.698446 14 181.164948 74.577728 461.180115 318.385651 0.677637 14 322.091827 142.491653 431.840485 257.165680 0.579331 14 447.821198 205.061584 495.420105 256.819489 0.651312 14 198.452942 163.558853 420.220978 318.045135 0.842479 14 313.808105 143.726288 476.183807 314.653595
009530,0.645844 6 41.489361 267.266479 162.275497 299.195038 0.817388 6 186.095032 243.226776 315.164703 279.916595 0.925752 6 40.997253 268.883820 106.327087 299.217987 0.890990 6 279.294922 248.922699 314.021118 271.181641 0.858555 6 0.906109 282.879150 15.805817 307.053009 0.911903 6 118.688599 266.712524 168.937286 289.676880 0.573497 6 187.806778 243.188507 281.188629 278.983063
009534,0.878935 14 75.076416 202.346054 137.442017 294.643280 0.556965 1 315.240723 240.890945 426.462799 329.051392 0.708389 14 78.428261 202.618408 136.870361 287.041016 0.535483 14 90.618866 201.571609 135.427658 252.752045 0.592757 14 80.710106 202.531113 115.944199 252.298447 0.726572 14 73.484734 202.539474 136.033844 295.600861 0.510765 1 316.987488 248.366806 426.742706 328.509796 0.859463 14 76.973389 202.864609 118.095718 294.929688 0.924344 14 342.396088 202.707672 392.063263 303.954224 0.946667 14 334.067596 203.092957 407.696838 304.524475
009535,0.581587 14 224.883469 51.142979 323.405548 169.223328 0.601716 14 217.769592 50.933483 327.933929 330.874939 0.917433 14 219.333221 51.270561 322.998627 282.372406
009536,0.924894 14 1.146508 90.869553 26.824442 182.136902 0.757773 14 71.943359 85.325325 94.503242 120.985252 0.715473 6 53.746284 68.984192 438.503510 275.328308
009538,0.847606 14 308.919922 226.126846 327.620758 246.137527 0.868118 6 1.087114 221.856689 84.807877 315.079163
009539,0.929258 14 237.586792 172.993835 305.608582 323.352448 0.977978 14 382.469818 166.385483 444.672211 319.930847 0.974689 14 323.584442 176.669312 369.887360 309.040894 0.940208 14 174.403717 191.939865 206.717987 275.104645 0.908335 14 391.410614 166.208328 428.450073 274.206390 0.934327 14 113.207001 198.156982 142.598679 265.805328 0.561714 14 243.844482 171.998245 291.950195 325.183411 0.850266 14 235.848572 173.124634 328.192078 324.217102 0.956481 14 283.697662 186.097458 323.829102 301.114227
009544,
009547,0.636212 14 37.085674 11.935369 275.868713 497.494446 0.559382 14 35.077717 8.754343 274.630798 338.324707
009548,0.909293 14 313.308136 226.010086 329.993622 264.678741 0.823608 14 299.885925 225.515045 313.182556 265.165314 0.802406 14 334.798645 227.724289 348.413269 265.275024
009552,
009553,
009554,0.883965 14 22.663132 126.869041 288.331390 366.722870
009555,0.919457 6 390.952667 72.053726 499.472992 101.918236
009556,0.557871 14 44.432907 36.575184 303.097473 375.789368 0.625855 14 43.312862 21.068607 403.960114 372.333069
009559,0.559617 1 351.432831 178.195755 464.288513 249.633041 0.915985 14 311.195526 83.349129 378.219025 172.853958 0.977648 14 255.890335 90.949768 298.187592 242.832275 0.906220 14 307.686371 84.397491 379.538910 238.370239
009561,0.696593 14 123.129295 77.621574 375.043762 375.016724 0.534976 14 121.759460 196.843155 210.193558 344.352600 0.701639 14 356.779541 327.860443 381.396149 374.621857 0.507765 19 83.437965 83.702789 196.901398 192.976181 0.806843 14 122.578491 196.404572 270.333405 374.689117 0.907317 14 185.878204 76.980415 374.338043 375.035889
009563,0.883578 14 190.236954 213.843613 213.808624 307.908264 0.675666 14 120.177132 139.143616 194.929382 415.958496 0.533449 14 118.983994 85.551041 134.254303 135.749557 0.861470 14 122.851616 136.893066 162.586121 241.064224 0.823177 14 70.555016 56.820621 85.596191 105.877342 0.932669 14 135.242157 143.291656 195.401932 414.978638 0.644860 14 124.583092 137.396118 154.181961 188.522919 0.723204 14 150.467239 143.884384 195.717255 414.810211
009564,0.528524 6 206.198212 114.433075 282.134674 141.039474 0.893991 6 2.800524 108.997780 201.759521 147.195023 0.757150 1 116.854103 142.722214 219.006958 211.639526 0.789993 14 147.756790 94.405312 196.035690 194.610489 0.805080 6 184.104752 112.970711 286.743713 142.117920 0.853277 14 126.217361 93.975311 198.112457 199.988007
009569,
009570,0.814337 14 336.497772 39.815998 367.414948 65.969734
009572,
009574,0.968928 14 134.828873 81.653046 285.328064 373.724121 0.952456 14 377.108521 63.646774 498.747040 362.760590 0.984455 14 5.105249 76.378357 162.548065 374.669189 0.963286 14 260.690186 60.968636 404.009857 374.728424 0.918689 14 262.083832 62.822735 499.504150 374.892029
009575,
009578,
009581,0.504680 15 193.570999 217.818893 222.723328 263.136444
009582,
009583,0.787159 14 341.074951 14.580367 397.703003 101.442497
009589,0.783701 6 21.234106 21.878052 109.277176 60.761192 0.912129 14 315.027832 112.839508 350.979462 156.545181 0.554265 14 280.349518 114.032196 317.574066 156.279083 0.588872 6 3.468156 17.333265 138.436066 73.984268
009590,0.902134 14 229.659607 131.688995 254.836823 158.725983 0.731453 6 2.286401 138.554932 87.992531 208.125870 0.778598 14 1.662250 138.641937 20.481892 208.917755 0.977858 14 87.189926 130.395203 115.699692 170.813385 0.972672 14 44.275547 135.056442 74.822807 189.718323 0.512963 6 11.613011 141.709702 87.496429 209.694321 0.802970 6 9.489767 141.155014 87.708405 195.711624 0.851988 14 3.524209 137.541031 20.896807 171.135132 0.844716 6 10.039762 89.650879 491.508972 300.652283 0.928029 14 118.159515 135.734314 140.247711 167.065628 0.507121 14 81.487518 135.442429 97.603294 170.697083
009592,
009593,0.981916 14 391.522797 151.804276 428.738434 269.375549 0.722233 14 393.916260 152.866638 419.540771 267.053589 0.931341 6 175.352905 175.201462 401.279358 272.291168
009594,0.553328 6 51.347813 311.056305 151.827988 356.007812
009595,
009599,0.539791 14 108.700035 100.979530 165.332962 222.351868 0.818140 14 190.493729 224.537460 219.297455 260.455811 0.931496 14 1.169550 2.403822 123.265030 300.269592
009601,0.569808 14 336.562439 69.712776 363.033569 111.629318 0.914240 14 266.393585 162.635986 296.798309 235.554337 0.602657 14 195.364334 171.099579 217.179108 225.803787 0.536881 14 187.130569 172.568283 205.358505 199.047394 0.926856 14 382.076080 147.672348 427.653625 259.372528 0.564414 14 379.846100 149.278397 409.677795 257.976990 0.740930 14 369.576843 57.813786 398.078125 118.196465 0.930992 14 365.681091 150.752106 392.714417 254.191849 0.869005 14 376.061188 160.645859 412.734802 257.929901 0.696800 14 309.546143 155.791122 362.178131 244.095947 0.737911 14 392.683075 148.526566 425.062714 256.671356 0.938338 14 243.023056 163.464508 264.081848 230.156982 0.870925 14 395.034058 148.171555 429.536194 258.014465 0.814715 14 383.537781 55.098076 413.683472 114.613441 0.773281 6 114.785881 161.289581 224.584961 250.707077 0.522505 14 362.615387 150.959763 387.548004 213.691269 0.749882 14 201.710052 169.234100 223.376984 225.113464 0.816722 14 363.927399 59.137802 390.912262 120.382996 0.919181 14 219.341324 167.773117 242.322128 227.705734 0.544361 14 113.069374 176.553543 129.869400 206.486313 0.503295 14 375.834503 56.699551 401.939301 101.733032 0.953279 14 328.866119 156.421295 362.010254 246.882919 0.838245 14 443.183899 161.456757 476.038879 267.027557 0.947586 14 468.583496 160.099228 500.316620 269.404449 0.519856 14 373.997681 158.018784 422.021820 262.667358 0.896651 14 440.906433 161.256989 474.546570 265.500488 0.929073 14 266.591583 162.751816 297.114471 236.854752 0.508415 14 299.361237 153.827835 364.363800 243.436295 0.929763 14 294.639374 164.026459 328.474030 241.165924 0.796037 14 336.020966 69.221436 365.987640 126.026428
009602,0.599451 15 2.865680 2.201133 154.257324 187.084167
009604,
009606,0.694413 15 92.225388 228.105331 137.095642 275.358337 0.738203 15 179.768631 304.853394 230.181839 353.138733 0.519305 15 91.742081 230.859665 121.340919 273.734070 0.673548 14 59.635242 252.557755 80.099770 280.720642
009607,
009608,
009610,0.689198 14 24.773598 28.452904 281.124451 497.580322
009612,0.646591 14 13.214897 114.703598 280.391022 501.491791 0.820177 14 14.169406 113.670143 349.805511 499.322906
009616,
009622,0.637999 14 391.318207 245.001694 475.688385 331.923737 0.601487 14 399.708130 72.020164 424.087128 136.190231 0.920539 14 76.767921 117.863533 105.546074 150.484741 0.937516 14 84.335327 56.037968 253.517029 333.039703 0.938778 14 249.635605 110.419853 427.582703 332.441437 0.664795 14 252.548935 111.048744 482.311066 332.856842
009624,
009625,
009626,0.532923 4 341.868896 314.233215 374.847137 374.709198 0.849909 14 249.626633 139.790390 490.633850 352.335785
009628,0.917515 14 31.887583 124.612190 90.308372 213.292877 0.613442 14 227.948166 117.618652 321.200989 311.255280 0.527895 14 181.741089 116.599243 323.394989 306.350098 0.942242 14 2.106838 125.085358 92.243500 338.194183 0.902232 14 186.670059 116.567757 377.967712 375.293884 0.728018 14 231.787354 116.931519 375.716705 374.646088
009630,0.694537 15 257.793152 97.992226 290.344086 139.996262 0.591577 15 331.573914 94.723595 365.118073 146.985092 0.530021 15 347.831818 78.659424 375.220581 145.881531 0.610566 14 39.345634 143.147949 61.602722 211.383133 0.531166 14 9.554232 150.298660 33.252686 222.749054 0.598323 15 324.018433 81.035118 369.874176 147.215851 0.541373 15 211.157822 123.949539 239.964371 190.074738 0.711468 15 294.800568 102.794624 322.782806 144.272888
009631,0.634598 8 36.578045 176.606964 86.226395 263.777588
009632,0.535937 19 206.565765 13.358647 299.301941 143.787262 0.958124 14 72.987663 187.007584 99.753662 223.859818
009633,0.737775 14 270.850769 89.978233 349.840057 181.854538 0.963810 14 93.732796 166.370453 145.195190 254.192551 0.870223 14 27.280193 171.523682 63.434200 247.562256 0.747307 14 95.762634 165.967590 132.739868 248.783127 0.904031 14 23.042082 177.555054 46.976582 248.664429 0.975650 14 33.034119 169.978317 79.608116 245.731583 0.938917 14 135.279770 35.371719 347.696991 273.719299 0.798230 14 93.631516 166.992538 130.310699 250.759140
009635,0.744881 6 4.581955 384.538788 168.612671 491.842407
009639,0.608781 14 173.848938 8.511095 233.507492 145.606247
009640,
009642,0.574882 14 20.577877 16.368135 433.985352 376.705261 0.804042 14 11.991292 16.438532 267.880066 376.793091
009643,0.624002 14 14.884327 271.931244 167.953552 500.499359 0.884156 6 252.743057 204.532318 275.101196 232.874817 0.812259 6 149.137543 190.720551 225.119263 248.846039
009645,
009646,
009648,0.661717 14 114.503181 41.283875 157.389786 130.181274 0.761598 14 105.563622 42.343884 176.609528 439.410278 0.762077 14 13.170344 25.523350 76.590569 373.135742 0.575580 14 13.029507 29.699966 167.866592 465.706482 0.579995 14 15.850280 26.454809 58.297745 103.666885 0.715249 14 12.529470 29.308096 127.851303 455.646820 0.542569 14 93.140724 73.339622 119.271523 133.199615
009651,0.524976 14 295.321136 229.419846 358.491272 366.105164 0.659968 14 127.225342 26.157394 269.469269 374.856812 0.557197 14 150.561478 18.780102 267.418854 297.186890 0.748836 14 4.123673 19.564915 268.483887 374.850159 0.721171 14 127.057610 228.450363 357.794342 374.062805
009652,0.510870 14 211.288635 174.958282 249.217331 261.805420 0.714812 6 2.244726 54.540684 322.543457 269.093445 0.854947 14 216.260727 173.197723 247.189377 225.548889
009653,0.831712 14 186.503998 86.172356 298.493683 369.662140 0.527391 14 61.406097 51.144676 211.396194 325.243958 0.631912 14 128.084427 86.717155 296.345673 368.895294 0.724775 14 17.063700 39.765469 182.634293 375.261078 0.576310 14 198.017578 87.035591 425.877502 374.392609 0.789182 14 55.190075 51.153591 158.305862 340.705017 0.638178 14 300.921692 21.705944 464.110443 314.967682 0.887499 14 295.687134 20.080996 473.733307 373.876343
009657,0.921318 14 229.203430 64.206619 297.852600 163.867981 0.550074 14 227.194275 66.528709 299.328064 234.884613 0.610402 14 224.985123 65.657211 305.343872 327.820435 0.526427 14 226.269608 66.170959 299.393188 234.875198
009660,0.687625 14 128.618225 157.297577 244.085739 401.094452 0.777490 14 74.793098 231.066315 121.582336 395.993317 0.615690 14 190.904999 222.293030 241.776627 325.794983 0.951353 14 33.354885 238.870056 56.099827 303.516357 0.621858 14 127.256660 158.172516 251.621063 418.078735 0.639610 14 128.229919 156.985626 248.725311 395.622559
009661,0.849687 14 32.404396 69.541283 73.649193 166.867981 0.761761 14 214.855865 25.577076 296.816498 157.958405 0.797807 14 273.201843 26.120426 363.954315 164.131439 0.937246 14 37.165638 69.177505 75.608116 191.103790 0.516011 14 212.629654 24.205797 370.050964 166.218979 0.745337 14 261.133667 24.873405 305.531067 157.876129
009662,
009663,0.570748 14 174.877518 223.552963 208.824631 267.761383 0.801868 14 140.000763 222.991867 213.034927 331.167267
009665,0.977247 14 116.736633 143.132370 156.067383 255.191422
009669,
009672,0.939725 14 418.185364 78.835526 490.318848 211.355972
009673,0.500782 6 7.244758 62.360447 215.999786 207.422562 0.599069 14 66.332726 10.170053 207.311569 193.997299
009674,0.585019 14 135.820648 128.013977 163.866989 171.828171 0.507559 14 0.823593 254.351227 17.309893 369.112457 0.817587 14 57.914879 123.934166 99.224510 303.833496 0.977262 14 1.244645 138.707581 46.854893 376.943634 0.615899 14 58.113194 122.399971 96.971436 219.275543 0.966337 14 104.394241 129.297516 193.844604 404.609558
009675,0.685436 6 87.387260 37.685413 497.576416 180.818329
009677,
009680,0.752905 14 271.654510 80.963081 328.804413 180.064804 0.790917 6 1.327906 112.168709 69.575592 264.305023 0.909813 14 276.410004 80.304672 341.822174 171.584625 0.727954 14 289.952423 80.618835 330.512848 162.127869
009682,
009683,0.891070 6 1.035872 169.531830 18.322598 191.172363 0.778352 6 76.902420 118.794281 391.384247 274.285828 0.666744 6 57.179562 167.231949 80.725128 189.646378
009688,0.794550 6 101.183380 13.689000 328.129608 138.691803
009689,0.560469 14 59.417763 49.431236 168.099045 373.696167 0.647800 14 18.647558 48.883850 171.570923 374.451141 0.537445 14 6.704256 51.205853 173.743301 375.099152
009690,
009694,0.859724 14 102.345093 316.401581 128.527191 341.140625 0.653028 6 156.718597 306.015503 241.567688 348.993561 0.886164 6 158.261444 304.746033 307.415375 352.080688 0.526755 15 43.400242 255.494354 71.943436 332.298615 0.728363 6 238.111771 306.430847 305.405121 352.720764 0.921993 6 240.098358 300.289001 369.788574 353.550415
009696,
009697,0.679786 14 140.120697 171.125412 208.645538 374.239227
009701,0.881582 6 89.787613 133.943161 316.428986 224.008957
009704,0.903768 14 117.250427 197.836746 145.502487 283.410675 0.964793 14 79.157631 189.082657 102.956497 265.436188 0.844122 14 399.396545 198.710754 429.987366 282.934387 0.697955 14 386.993073 191.918823 406.793335 282.640686 0.763798 14 388.835602 192.121628 415.744843 282.618408 0.958890 14 363.042816 180.372574 383.014160 244.451050 0.951598 14 441.263184 182.178024 461.004395 244.826630 0.926600 14 162.413345 189.532990 189.617020 287.597504 0.957286 14 477.365356 189.627777 497.396332 254.897629 0.957252 14 414.319580 171.037140 437.642944 229.237549 0.926630 14 384.700195 189.381104 403.102783 246.440903 0.748759 14 477.591125 187.828140 499.038055 257.860046 0.910830 14 228.489227 193.332825 251.362411 263.119598
009705,0.764988 14 365.858246 12.277954 397.149384 74.654640 0.736847 6 442.370239 0.636290 499.294159 32.439140 0.512805 14 412.994537 0.129556 444.906494 41.488094 0.924872 6 248.937958 0.154821 392.978668 42.088398
009708,0.900638 14 32.203285 102.288475 194.660751 239.667847 0.957082 14 255.211945 110.810165 457.638092 374.632385
009714,0.867481 14 0.777032 404.053375 18.051580 453.085480
009715,0.510537 14 260.892212 73.594719 292.801331 98.390198 0.564771 14 32.432487 61.232632 183.694565 228.627914 0.861270 14 295.224579 72.280891 394.623596 141.425598 0.685899 14 36.629333 60.941097 310.820770 231.065338 0.506526 14 31.671181 61.305336 209.459457 228.424850 0.933199 14 195.289963 74.654724 430.449554 229.178772
009716,
009720,0.756700 14 151.484436 25.240694 311.918976 374.988739
009722,
009723,0.925004 6 375.911438 17.865200 499.372101 58.321125 0.508708 6 4.286915 10.477530 173.432892 67.528503 0.784170 6 0.936434 6.583203 499.332245 240.623383 0.526840 6 1.387209 13.306249 498.866882 240.770325
009725,0.594003 1 5.478613 233.664658 126.391350 352.772369 0.578396 1 5.644798 234.139862 125.962738 353.660431
009727,
009728,0.964347 14 348.480988 244.352631 388.180786 284.315277 0.924688 14 443.607513 269.843201 465.432220 290.674927
009730,0.506443 14 172.833099 65.405457 284.135468 293.191315 0.859436 14 172.705017 65.891113 279.821350 285.456543
009731,
009736,
009739,0.618952 14 49.873184 161.765930 255.209366 496.258331
009740,0.921330 6 176.152908 113.089745 330.257080 179.947678
009741,0.957773 14 134.890900 183.319534 201.540909 309.273743 0.945913 14 188.143509 199.311417 217.912247 240.698196 0.564297 14 137.001892 183.555588 193.013626 272.146637 0.518262 14 133.490005 182.908173 199.132935 339.915344 0.654194 14 185.116714 200.353653 218.565643 274.485596 0.964568 14 184.665573 74.435905 429.516663 374.379089 0.539791 14 184.323502 201.815216 217.759628 319.365997 0.628640 15 102.779907 216.985168 132.156677 265.500946
009742,
009744,0.723543 14 52.047611 1.047497 151.126587 239.762115 0.633406 14 274.300079 0.526507 345.547241 209.914047
009750,0.589307 15 110.271767 242.388184 160.739639 358.356995 0.738504 15 186.240204 311.642303 232.382172 372.151703 0.822671 14 42.483585 217.259094 82.663429 366.354095 0.537575 15 106.715157 167.268112 162.768677 358.239075 0.967160 14 32.373962 218.783325 93.453285 374.567627 0.635590 15 286.947662 148.660706 357.183990 372.141876 0.876857 14 272.387634 177.296524 293.087891 203.012329
009751,
009752,
009753,
009757,0.881317 6 3.565907 71.856544 490.359161 250.483505
009759,
009760,
009765,
009766,0.774545 14 205.887680 82.489227 409.130341 335.574127 0.745278 14 206.606766 79.938354 380.920654 280.614441
009768,0.703767 14 342.696136 132.875549 375.384155 210.959549 0.954586 14 345.072052 96.213013 410.545624 209.670563
009769,
009770,0.910096 6 58.809055 273.171722 378.644836 375.633362 0.843616 6 0.988344 325.155212 40.890335 377.255707
009771,0.933541 14 75.398117 91.217316 93.803894 131.728790
009775,0.853983 14 21.726267 61.159954 122.132233 430.036743
009777,0.664859 6 454.037262 111.793556 500.092743 140.691879 0.809025 6 337.227570 96.433815 437.603241 137.842636 0.855678 6 190.864792 101.776932 293.616882 137.514526 0.935509 6 9.324722 113.517868 72.284393 153.519821
009779,0.870359 6 348.027557 178.919861 487.529297 309.919128 0.828193 6 95.931847 190.121323 321.999115 332.880615 0.987317 14 253.894928 132.276062 302.838196 236.076187 0.654782 6 354.697357 197.899033 485.406036 308.194061 0.987717 14 302.102478 138.367661 356.482056 281.527740 0.972300 14 349.212158 142.906525 395.481110 292.365356
009782,0.851684 14 219.369980 139.315842 266.839569 229.936340 0.832051 14 356.204224 94.044205 398.045959 174.171646 0.568917 14 484.553955 160.864853 500.178986 208.299789 0.784627 4 328.574524 249.701324 355.009308 328.538208 0.657098 14 460.988068 162.395889 500.099884 298.206665 0.545423 14 457.382263 162.641907 500.474640 372.693756 0.914258 14 105.301056 131.188904 185.188705 238.495499 0.549623 14 341.396912 149.689056 411.059235 258.816376 0.952360 14 212.254578 138.033524 303.294891 236.288574 0.777115 14 347.920898 147.979309 406.673859 221.355026 0.714222 14 341.309509 95.168182 401.428894 238.507614 0.948036 14 5.207241 146.387817 237.202988 376.010895 0.834506 14 97.433060 92.946907 155.700623 168.250092 0.635702 4 416.864258 233.689163 439.678223 306.418335 0.921601 14 346.209259 148.999130 410.465149 254.906326 0.769905 14 245.546341 186.099060 284.107208 231.107330 0.520697 14 320.038422 150.628174 413.163391 279.294189
009783,
009784,
009786,0.865029 14 238.071182 1.530267 397.257996 316.483490 0.602536 14 236.916138 2.442978 408.585419 374.016357
009787,0.513638 15 76.658516 176.435272 149.145020 303.219177
009788,
009791,0.886297 14 416.046478 217.735962 433.014771 282.854797 0.676164 15 355.132507 217.899643 379.136749 249.940643
009793,
009795,0.526044 14 19.154457 207.078064 76.586823 314.385254 0.649767 14 17.218199 206.781067 87.055161 373.828491
009798,0.508403 14 2.591156 155.132370 103.472954 353.629517 0.728444 14 105.334076 129.536255 148.243271 184.620087 0.669284 14 63.549622 139.214935 149.802994 300.138763 0.670248 14 72.011696 137.415894 112.646461 191.158646 0.725487 14 390.988586 76.060081 409.987518 109.424805 0.599920 14 280.375671 121.238594 336.277130 232.426422 0.749285 14 415.907776 92.597076 450.280701 226.366119 0.914152 14 101.326462 132.137070 169.903336 295.246307 0.701636 14 256.738190 119.874992 338.884460 236.585236 0.963938 14 5.576261 153.983429 95.084831 368.535919 0.529174 14 65.111984 140.474533 117.861816 302.334625 0.806121 14 102.690453 130.883804 173.515640 236.287033 0.518450 14 98.196243 132.387161 153.825485 234.900620 0.704982 14 6.853856 154.163116 80.848343 259.376556 0.676881 14 3.097106 153.178268 120.447861 371.426666 0.866799 14 64.675354 139.256195 151.447601 299.015625 0.845172 14 268.643799 121.247559 338.400482 315.174683 0.587472 14 278.810852 128.597092 406.526550 318.657379 0.801404 14 70.371254 138.038589 118.457329 217.875443 0.970721 14 283.044647 127.325066 408.007019 374.426117
009799,
009802,0.506817 14 50.017864 113.596634 239.045746 373.366180 0.589549 14 37.820442 23.930300 418.201813 375.282715 0.893438 14 49.917309 23.884335 389.109528 371.624603
009803,0.951710 14 180.459259 82.940338 251.072678 230.349823
009804,0.525312 6 79.338608 136.569458 394.982056 234.675140 0.856925 14 487.064697 125.871376 500.146515 174.223648 0.844855 14 455.679535 126.595993 479.928558 175.016907 0.619644 14 453.282654 126.790009 474.026794 175.110809 0.967071 14 459.118225 127.058357 490.964630 177.284424 0.922591 14 195.275528 134.288956 216.429489 156.389847 0.931823 14 398.405396 132.976120 419.402100 167.623398 0.828852 14 452.217651 126.931389 473.377655 172.202209 0.942600 14 378.827454 130.183090 401.269684 165.322922 0.915810 14 153.858643 133.790939 175.618729 172.978119 0.877558 14 124.053680 132.601212 143.582092 153.197189 0.854216 14 75.064590 134.266632 93.996902 150.669998 0.945502 14 358.877533 129.061996 384.337738 161.911636
009806,0.692858 14 159.888763 131.647720 178.108109 149.938080 0.934550 14 280.619934 177.152008 307.541840 205.733673 0.542461 6 0.908094 182.900192 20.916212 236.248581 0.966349 14 10.985118 191.911835 37.347565 272.989288 0.536863 6 176.448700 43.789867 410.444275 309.920502 0.881203 6 31.728416 195.171753 117.863075 237.760544 0.784090 14 490.367462 200.631058 500.079681 234.016846
009811,
009812,
009814,0.595679 14 4.427910 3.188219 494.938110 375.950623 0.773355 14 0.915416 3.380556 169.302795 375.444397 0.608741 14 121.397156 2.930995 497.152740 375.703888 0.601026 14 253.652512 2.217572 499.678955 374.940094
009815,
009817,0.735040 14 248.089981 130.050751 271.408875 153.652374 0.555924 14 20.705879 117.610138 61.451218 187.892761 0.625365 14 253.833710 107.419434 272.106873 126.655876 0.670031 14 1.323983 96.277023 27.075392 157.710159 0.761635 14 1.616007 93.992996 56.669884 185.352707 0.788986 14 290.611237 87.566818 329.438110 173.578506 0.801939 14 21.695406 119.807724 40.954849 147.187576 0.509046 14 292.159637 86.633324 319.648071 109.670868 0.689886 14 273.946198 85.295815 457.779266 374.613098
009818,
009820,
009821,0.635716 6 12.990505 125.041862 444.778137 261.551910 0.628372 6 13.253333 134.085144 444.322571 259.988708
009824,
009826,
009827,0.840522 14 1.031084 149.992371 15.354125 193.044388 0.789690 6 467.139191 161.446960 500.176117 213.227295
009829,0.869319 6 392.642944 259.207245 448.331909 346.243408 0.927591 6 227.408875 281.172882 275.895477 324.417786 0.929506 6 350.244263 277.196442 382.539062 298.966278 0.582324 6 279.924194 280.719849 326.959747 318.012878 0.926919 6 2.301186 231.739960 220.326187 374.342499 0.572625 6 230.305664 264.058258 351.510284 322.846313 0.934530 6 281.188660 271.673828 346.386505 318.666901
009835,
009837,0.539234 14 120.179390 165.117935 139.627716 192.730728 0.613400 14 89.026642 165.702286 113.782600 215.958664
009838,
009840,0.956535 14 167.708694 115.061066 220.722412 237.032288 0.810806 14 299.267456 192.189331 325.625214 233.722305 0.825331 14 245.814392 158.657074 276.766602 232.874954 0.713265 14 161.568405 116.343239 195.685898 236.859894 0.589098 14 158.411346 117.759293 192.427170 237.527527 0.979491 14 118.968948 128.422516 163.675415 239.823212 0.789816 14 246.055023 158.893173 278.072235 239.358673 0.560609 14 246.512283 157.062180 275.553101 209.132751
009843,
009844,0.618060 14 22.824820 176.180374 52.682114 206.528412 0.581381 14 46.679501 91.636589 67.971214 112.879616 0.882184 14 101.964821 191.144623 168.583237 278.952454 0.797893 14 193.869827 38.418720 227.077362 73.754021 0.896746 14 89.730492 162.749405 172.688934 279.148254 0.750602 14 274.106201 74.242111 296.863861 116.816643
009846,
009847,0.970952 14 52.918224 242.528656 106.912735 332.377502 0.907935 6 201.073975 121.829529 300.925415 194.250854 0.919060 14 432.601837 74.267433 447.507233 98.522530 0.977229 14 4.965132 240.049255 59.533535 333.271759 0.501523 14 1.110189 240.234222 102.873352 333.412018 0.856633 14 51.039425 243.820908 78.506653 332.498322
009849,0.926336 6 84.901321 117.708427 258.179077 165.103104
009850,0.743791 14 138.275742 152.351120 171.179153 227.419601 0.562771 14 195.871185 212.280350 218.071747 258.881042 0.961972 14 137.402939 156.760483 211.618149 393.549469 0.950537 14 196.337006 214.301071 228.863922 310.276245 0.536788 14 138.700317 152.953140 164.674530 210.833954
009853,0.838378 14 316.127533 40.651829 354.044556 85.837830 0.668732 14 131.025253 3.141690 285.907959 372.070404
009854,0.577964 14 18.357735 126.621819 59.830074 208.300308 0.523384 14 230.755783 108.499001 265.093903 161.793091 0.714128 14 282.540131 101.114922 310.950409 133.968506 0.749827 14 201.301468 105.291458 229.616119 164.581985 0.510623 14 106.947990 118.890648 157.572235 192.354507 0.547900 8 184.952316 156.063370 269.683533 290.498322 0.714318 14 358.771088 96.717148 380.716156 135.692612 0.897611 14 452.883911 101.368950 479.175446 141.704819 0.657942 14 202.930008 105.148735 227.342300 134.342682 0.911240 14 18.928570 125.798576 57.680882 178.853806 0.504575 14 2.180968 130.279938 75.331406 285.764984 0.587120 14 199.320724 105.614311 229.771805 182.308304 0.882055 14 107.127991 111.637611 154.645020 179.170044 0.958625 14 403.894226 96.327644 432.371582 136.516418 0.790743 14 274.772797 102.145721 311.620026 186.813416 0.855272 14 56.876541 127.716209 95.837982 182.976974 0.876295 14 327.092590 97.835693 357.618347 168.721771 0.894226 14 1.805842 126.197189 65.887436 230.787338 0.857598 14 325.647949 97.814926 356.788330 161.423843 0.533201 8 183.986069 150.378387 272.058960 290.533661 0.835620 14 58.884323 128.639252 96.052826 176.801514 0.535745 14 231.425812 108.708702 283.539154 201.801529 0.845563 14 230.860748 108.668945 270.307556 182.910172 0.567073 14 451.467499 100.927368 474.280914 127.440331 0.774041 14 115.601379 105.641167 148.757889 168.457504 0.872801 14 136.699554 104.370377 161.875305 138.223846 0.904320 14 54.861595 129.170685 99.962608 195.960632 0.896843 14 162.424713 104.303070 186.784393 134.560623 0.716988 14 50.860462 121.348839 73.860703 173.859451 0.563704 8 392.786957 127.875359 483.523682 223.395035 0.870351 14 206.083694 124.117577 242.265625 181.632523 0.841727 14 109.838020 117.302689 146.514435 167.487061 0.943641 14 296.502350 102.464462 340.799377 169.145325 0.869970 14 362.269012 95.983566 400.853668 141.804214 0.507573 14 279.751038 102.226387 311.350006 168.724686 0.776030 14 109.608665 111.729576 138.869003 177.964478 0.867151 14 326.981384 97.293465 356.688995 133.846161
009856,0.898833 6 1.869068 167.486877 80.047974 217.439499 0.924897 6 385.261719 160.864944 498.021973 219.176758 0.898610 6 115.262360 160.981903 191.271103 199.341614
009857,0.874192 14 2.180659 67.112503 79.982170 203.923111
009861,0.580885 14 131.387466 164.547241 168.707642 344.124207
009864,
009866,
009871,0.520241 4 396.044678 25.292675 413.596558 79.162926 0.562465 4 375.148376 24.551991 404.684387 84.144272 0.973628 14 48.333004 86.220657 198.989258 375.549683 0.933668 14 189.074387 38.624100 479.037598 375.698975
009873,0.910165 6 171.208939 93.776306 463.253265 195.747299
009875,
009876,
009883,0.825835 6 31.450689 108.422737 433.490326 256.580139
009885,0.603395 14 120.268257 159.517548 155.075165 212.207458 0.953470 14 173.325592 188.849136 207.234207 227.200470 0.960457 14 46.882370 195.513931 81.800545 227.888321 0.554087 14 80.017883 190.209503 110.193489 230.607056 0.902553 14 79.836685 191.122742 108.286095 224.972763 0.923597 14 116.998016 158.503448 162.166809 224.319397 0.678109 14 204.410034 158.308990 464.104248 375.337067 0.570368 14 164.797928 185.522537 189.210083 222.546432 0.584952 14 171.702820 189.803970 209.552567 272.595795 0.922994 14 211.697906 156.527023 342.416199 374.728394 0.620752 14 211.147629 158.355042 463.371338 375.325531
009888,
009889,
009890,0.932652 14 84.845825 38.591568 221.807968 300.798279
009891,
009892,
009893,0.709514 14 1.407288 4.678157 212.273056 325.620544 0.563175 14 163.718719 2.371363 501.815033 326.576904
009895,0.935804 14 287.224213 64.260925 306.947021 92.066048 0.906435 6 305.033051 110.563927 417.868652 197.188721 0.597932 6 77.867813 106.346619 289.987946 186.422028 0.590095 14 264.288177 65.179626 280.424835 90.792305 0.667333 14 307.415527 77.985680 322.008392 97.518021 0.606107 6 58.418377 109.305260 324.233185 304.370819 0.909890 14 24.592657 36.496204 45.034492 75.571991 0.945279 6 1.635402 102.994698 70.390640 182.214355 0.730663 6 266.426727 109.731781 420.089844 197.018600
009899,0.628951 6 152.564743 14.939245 474.557587 250.714294
009901,0.975266 14 101.041328 76.861259 201.658569 340.395355 0.977396 14 265.066559 44.223045 428.235718 370.802795
009903,0.880470 6 2.077904 76.664093 78.581657 105.237869 0.907745 6 1.448864 78.979233 38.184746 104.160629 0.951911 14 217.058914 48.858761 296.625000 320.237915 0.876367 14 315.148132 72.524925 413.149506 311.277954
009906,
009907,
009909,
009910,0.732964 14 80.460121 220.561462 135.244293 395.178741 0.631726 14 80.744141 218.862793 132.007782 304.006592
009912,
009914,
009915,0.608297 14 115.794426 109.091805 293.317993 398.047974 0.684060 14 130.633041 57.832855 168.224762 113.552834 0.510741 14 2.941325 90.819145 186.606094 393.379944 0.703057 14 7.796884 105.973778 296.399719 401.366760 0.792170 14 141.413361 109.299934 292.559937 335.898254 0.808372 14 3.450125 89.991165 198.706909 400.710480 0.549908 14 128.831787 59.622337 200.053024 269.840179 0.952924 14 3.072865 87.924049 171.844101 399.755859 0.632536 14 250.065750 112.717453 422.725861 339.693970 0.582748 14 173.616608 109.026001 294.976898 341.300201 0.876636 14 251.566910 112.032661 462.606049 393.397186
009916,0.647796 15 256.240814 116.944618 318.955322 187.195496
009919,
009921,0.608047 6 181.667236 154.211212 245.332626 192.904358
009922,
009924,0.738027 14 109.511345 75.141991 130.942932 123.223000 0.901321 14 89.994888 71.674057 132.557541 245.541061 0.621520 14 88.676460 62.469757 167.068939 245.517288 0.560042 14 85.496544 69.209785 108.689827 151.311859
009925,0.634651 15 258.082733 26.131729 354.155243 184.615219
009927,0.887003 6 68.153206 114.534386 447.629883 203.780655
009928,
009929,
009930,0.622305 6 1.551973 57.485580 51.368824 84.054840 0.621062 14 91.608154 4.089341 387.970215 245.490997
009931,0.974991 14 137.203629 156.547974 169.077332 249.421066 0.518491 14 122.594116 158.015915 142.071991 244.596497
009933,
009934,
009936,0.668186 14 270.993835 69.192764 291.559509 85.371338 0.541159 14 197.364380 212.705063 215.606171 243.134293 0.915668 14 184.438202 191.869583 209.246033 244.084030 0.502662 14 184.488602 189.715652 205.601120 222.917023
009937,0.622898 14 393.271637 89.422951 453.193665 150.002548 0.562851 14 351.241852 90.738319 462.990448 229.360947 0.715811 14 358.828186 91.161797 461.096893 229.186050 0.565678 14 259.897034 91.521812 476.419464 263.733521
009941,0.714275 14 182.210083 52.330673 198.425934 97.773613 0.950326 14 147.903732 60.250889 215.123383 239.470535 0.791492 14 216.994553 41.926666 286.932953 239.501984 0.973672 14 209.537537 67.233734 285.439606 239.356476 0.522996 14 209.015137 48.353863 228.844772 77.413040 0.622554 14 0.968025 33.552391 67.898346 240.263794 0.968166 14 82.512749 40.157120 158.742386 240.219666 0.921684 14 1.523542 36.892975 96.356537 239.699936 0.643697 14 61.173630 61.840187 104.023880 238.784210
009943,0.560653 6 211.752472 74.543831 333.632477 139.823975 0.732315 6 211.910660 74.229965 334.135712 139.740784
009948,0.758399 14 2.353323 23.696154 161.992172 499.812103 0.710845 14 2.820815 4.661724 208.791458 500.995026 0.834826 14 2.348780 25.946335 163.755402 385.093567
009951,0.964570 14 348.406128 144.029709 379.267273 171.533325 0.966686 14 427.876526 136.724762 468.803040 168.171906 0.967791 14 301.975311 140.896896 340.329468 172.744812 0.529312 6 285.939575 100.316345 500.465942 250.282867 0.970475 14 379.577576 140.053909 416.806458 170.381363 0.523386 14 343.781525 136.336304 371.534698 169.719131
009952,0.593483 14 53.349556 50.712509 217.794296 458.135254
009953,
009956,
009957,0.874409 14 67.324997 92.156586 154.961670 304.147369 0.618077 14 66.616203 92.940277 191.680344 363.442596
009960,0.560320 6 356.060974 92.426491 431.991272 116.720909 0.892975 14 148.218033 34.790707 305.311523 195.268631
009962,0.572878 14 395.145721 69.688286 436.148224 122.235909 0.924690 14 154.164261 53.536865 264.875732 230.574219 0.565595 14 2.699062 44.052670 136.985474 281.985748 0.773825 14 260.813599 49.163109 476.319000 198.954346 0.663484 14 191.500137 53.053478 262.192383 224.166687 0.880129 14 2.909921 3.374889 170.599289 283.466614 0.561035 14 266.060822 50.639290 472.958252 230.603989 0.897865 14 265.558044 50.367001 488.979431 281.332611
009963,
